Date,SPY,GOOG,AMZN,JPM,GME,XOM
2020-01-02,303.135559,68.290787,94.900497,122.85289,1.5775,56.539871
2020-01-03,300.840179,67.955666,93.748497,121.231644,1.47,56.085304
2020-01-06,301.987946,69.631264,95.143997,121.135254,1.4625,56.515934
2020-01-07,301.138763,69.587814,95.343002,119.075867,1.38,56.053417
2020-01-08,302.743713,70.136192,94.598503,120.004799,1.43,55.208107
2020-01-09,304.796509,70.910805,95.052498,120.442978,1.3875,55.630756
2020-01-10,303.919342,71.405251,94.157997,119.242386,1.3575,55.136333
2020-01-13,306.009521,71.879707,94.565002,120.232651,1.3575,55.662655
2020-01-14,305.542999,71.462677,93.472,121.634758,1.1775,55.184185
2020-01-15,306.233582,71.878204,93.100998,119.812012,1.1525,55.096462
2020-01-16,308.780853,72.502495,93.897003,120.276459,1.155,54.881149
2020-01-17,309.741943,73.935364,93.236,121.108955,1.1875,54.673805
2020-01-21,309.135437,74.135635,94.599998,119.917168,1.1475,53.892292
2020-01-22,309.172668,74.213051,94.373001,119.776909,1.14,53.581287
2020-01-23,309.527313,74.248009,94.228996,119.654266,1.155,53.246346
2020-01-24,306.774597,73.252144,93.082001,116.683495,1.08,52.887497
2020-01-27,301.857269,71.61351,91.417,115.702003,1.07,51.627514
2020-01-28,305.020477,72.545448,92.662498,117.805191,1.0525,51.555733
2020-01-29,304.768494,72.848602,92.900002,117.629929,1.0325,51.125114
2020-01-30,305.757538,72.709259,93.533997,119.084633,0.9825,51.667385
2020-01-31,300.205688,71.62999,100.435997,115.991211,0.96,49.538162
2020-02-03,302.435822,74.212547,100.209999,116.876289,0.9875,48.429695
2020-02-04,307.045258,72.271255,102.483498,118.558815,1.0175,47.823631
2020-02-05,310.591064,72.329193,101.9935,120.574409,1.045,50.02462
2020-02-06,311.636108,73.7276,102.511497,120.591942,1.035,49.346779
2020-02-07,309.975189,73.877434,103.963997,120.206345,0.9525,49.019817
2020-02-10,312.289307,75.348259,106.695503,120.705856,0.985,48.502117
2020-02-11,312.830505,75.353752,107.540001,120.933731,1.005,48.963188
2020-02-12,314.845978,75.827209,108.0,120.933731,1.0475,49.56179
2020-02-13,314.510101,75.646919,107.4935,120.828545,1.0275,49.286762
2020-02-14,315.013947,75.950577,106.7435,120.460495,1.005,49.060265
2020-02-18,314.202148,75.897133,107.783501,118.86557,1.015,48.437405
2020-02-19,315.704437,76.247734,108.511002,120.486794,1.0375,48.809505
2020-02-20,314.407471,75.82122,107.654999,120.486794,1.035,48.42123
2020-02-21,311.169525,74.171097,104.7985,119.014534,1.01,47.830727
2020-02-24,300.849487,70.998703,100.4645,115.815941,0.925,45.590046
2020-02-25,291.733154,69.34359,98.637001,110.645576,0.89,43.842812
2020-02-26,290.660034,69.579819,98.9795,110.9786,0.8475,42.880207
2020-02-27,277.606049,65.82959,94.214996,106.360313,0.8675,40.299793
2020-02-28,276.439636,66.890381,94.1875,101.750809,0.9,41.610222
2020-03-02,288.411316,69.376549,97.697502,106.49176,0.9575,43.583954
2020-03-03,280.153442,66.993271,95.449501,102.495697,0.9075,41.496967
2020-03-04,291.929016,69.2472,98.791496,105.02829,0.9425,42.402946
2020-03-05,282.224854,65.877037,96.2015,99.875473,0.99,40.534374
2020-03-06,277.559357,64.84671,95.054497,94.713875,0.98,38.576813
2020-03-09,255.883514,60.708916,90.030502,81.884392,0.925,33.860889
2020-03-10,269.124176,63.946732,94.591003,88.246552,1.0575,35.114689
2020-03-11,256.004791,60.701424,91.042999,84.092735,1.035,33.957954
2020-03-12,231.510986,55.682137,83.830498,77.160973,0.995,30.075197
2020-03-13,251.302017,60.917179,89.25,91.059578,1.1475,30.835573
2020-03-16,223.803604,54.154873,84.457497,77.43264,1.0925,27.899233
2020-03-17,235.887207,55.926361,90.391998,82.164803,1.0575,29.775906
2020-03-18,223.943558,54.777664,91.5,73.515411,0.9425,26.791027
2020-03-19,224.419403,55.701115,94.046501,74.751053,1.0475,27.8507
2020-03-20,214.74823,53.555058,92.304497,73.173653,0.94,26.483644
2020-03-23,209.257538,52.77095,95.141502,69.256454,0.9525,25.440157
2020-03-24,228.216934,56.658524,97.004997,77.493958,1.04,28.6677
2020-03-25,231.633392,55.061844,94.292,80.385872,1.0425,30.164175
2020-03-26,245.158432,58.021477,97.774498,85.985626,1.1025,31.401808
2020-03-27,237.856201,55.472374,95.004997,79.860062,1.055,29.889153
2020-03-30,245.58078,57.275822,98.197502,81.936958,0.9125,30.334044
2020-03-31,241.920288,58.074413,97.486,78.896111,0.875,30.714231
2020-04-01,231.032669,55.218163,95.385002,73.927307,0.8125,30.358313
2020-04-02,236.363876,55.978298,95.941498,76.687752,0.7125,32.679886
2020-04-03,232.947418,54.831604,95.329498,74.421028,0.7,31.717278
2020-04-06,248.593613,59.278545,99.879501,79.211243,0.7725,32.7365
2020-04-07,248.847061,59.258068,100.580002,80.256035,0.8175,33.359364
2020-04-08,257.200439,60.445217,102.150002,83.49675,0.8525,35.470612
2020-04-09,261.11438,60.503647,102.138,90.987572,0.9725,34.888199
2020-04-13,258.730316,60.8088,108.443497,86.941124,1.185,34.588898
2020-04-14,266.361084,63.389362,114.166,84.559273,1.4875,34.32196
2020-04-15,260.701324,63.05175,115.384003,80.388855,1.3175,32.744591
2020-04-16,261.959015,63.101692,120.4095,77.325272,1.2575,31.668739
2020-04-17,269.036041,64.089569,118.75,84.275925,1.22,34.961006
2020-04-20,264.296112,63.258514,119.680496,81.203476,1.4025,33.310825
2020-04-21,256.271179,60.747871,116.405998,78.848213,1.195,33.13287
2020-04-22,261.959015,63.088707,118.1745,79.10498,1.2225,34.079288
2020-04-23,261.940277,63.742962,119.972504,79.149269,1.175,35.147053
2020-04-24,265.5914,63.892792,120.511002,80.318031,1.1925,35.373539
2020-04-27,269.420837,63.721485,118.800003,83.780083,1.455,35.543411
2020-04-28,268.181976,61.613384,115.704002,84.373337,1.41,36.376587
2020-04-29,275.202484,66.997757,118.635498,86.648918,1.51,38.390766
2020-04-30,272.640167,67.356354,123.699997,84.78949,1.4325,37.589947
2020-05-01,265.422516,65.955444,114.302002,82.567047,1.5125,34.896286
2020-05-04,266.154602,66.264587,115.7995,81.584206,1.37,36.303787
2020-05-05,268.613708,67.478706,115.889999,81.460258,1.3475,36.263348
2020-05-06,266.792877,67.288429,117.563004,79.928429,1.2325,35.583855
2020-05-07,270.012085,68.549995,118.380501,80.760757,1.2175,35.786087
2020-05-08,274.479767,69.3396,118.980499,82.08007,1.245,37.355366
2020-05-11,274.536133,70.083252,120.449997,79.662819,1.19,36.999451
2020-05-12,269.064209,68.708817,117.847504,77.059624,1.135,36.381001
2020-05-13,264.305542,67.389816,118.396004,74.403313,1.0525,34.575146
2020-05-14,267.468567,67.729431,119.442497,77.493492,1.0325,34.880241
2020-05-15,268.69809,68.581459,120.488998,76.059082,1.055,34.632866
2020-05-18,276.882538,69.118347,121.313004,80.08783,1.145,37.387005
2020-05-19,274.038666,68.596191,122.466499,78.511749,1.11,36.232574
2020-05-20,278.69397,70.25605,124.897003,80.867004,1.1075,37.411743
2020-05-21,276.769958,70.060272,122.336998,79.839882,1.11,36.743816
2020-05-22,277.295593,70.440842,121.844002,79.2201,1.045,36.776802
2020-05-26,280.712006,70.770462,121.093002,84.842621,1.105,37.857025
2020-05-27,284.888702,70.811417,120.519501,89.75679,1.1725,38.129143
2020-05-28,284.363129,70.755981,120.055,88.419777,1.0825,37.139629
2020-05-29,285.630249,71.364792,122.1185,86.161903,1.015,37.494198
2020-06-01,286.784637,71.509628,123.552002,87.304146,1.0325,38.162121
2020-06-02,289.159302,71.879204,123.620499,87.596329,1.045,39.011452
2020-06-03,293.007477,71.737366,123.919998,92.324577,1.11,40.602917
2020-06-04,292.237823,70.52874,123.029999,94.245979,1.1175,40.487469
2020-06-05,299.727722,71.837753,124.150002,98.487228,1.035,43.769356
2020-06-08,303.350739,72.248283,126.203003,100.452881,1.2525,45.138172
2020-06-09,301.088623,72.725243,130.042999,97.876266,1.24,44.13216
2020-06-10,299.40863,73.209198,132.372498,93.909515,1.2675,41.765594
2020-06-11,282.148041,70.112213,127.898003,86.073372,1.0925,38.079662
2020-06-12,285.526886,70.578682,127.250999,88.428658,1.18,38.896004
2020-06-15,288.192505,70.911804,128.634003,89.650536,1.1725,38.871269
2020-06-16,293.739532,72.054008,130.763504,90.367752,1.16,39.745331
2020-06-17,292.51944,72.473526,132.048996,88.083328,1.19,38.450737
2020-06-18,292.63205,71.716385,132.699005,87.605194,1.2375,38.689857
2020-06-19,290.959717,71.504631,133.750504,86.604652,1.22,37.914734
2020-06-22,292.826202,72.51049,135.690994,85.666084,1.2175,38.277573
2020-06-23,294.174286,73.137268,138.220505,86.710907,1.2075,38.508453
2020-06-24,286.670258,71.51712,136.720001,83.815491,1.1025,36.694355
2020-06-25,289.743561,71.984581,137.729004,86.737457,1.115,37.246826
2020-06-26,282.861755,67.917717,134.643494,81.982666,1.0875,35.968708
2020-06-29,287.019104,69.66922,134.018997,82.34568,1.095,36.545918
2020-06-30,290.695709,70.600159,137.940994,83.284241,1.085,36.875763
2020-07-01,292.731934,71.820274,143.934998,82.57589,1.11,36.042919
2020-07-02,294.344025,73.151756,144.514999,82.844131,1.0725,36.348026
2020-07-06,298.887878,74.699997,152.852005,84.936234,1.06,36.603642
2020-07-07,295.805298,74.174599,150.005997,82.540131,1.0225,35.655361
2020-07-08,298.06778,74.714981,154.055496,83.416328,1.065,35.572903
2020-07-09,296.37088,75.463623,159.1315,81.610329,1.0525,34.105129
2020-07-10,299.396942,76.999374,160.0,86.071701,1.085,35.168842
2020-07-13,296.804474,75.48111,155.199997,87.305519,1.065,35.177097
2020-07-14,300.650787,75.942581,154.199997,87.806206,1.02,36.339771
2020-07-15,303.412964,75.595978,150.443497,89.165176,1.0475,36.801544
2020-07-16,302.413605,75.813728,149.994995,89.415497,1.0425,36.512939
2020-07-17,303.290405,75.69136,148.098495,87.761482,0.99,35.886253
2020-07-20,305.741425,78.197021,159.841995,86.992592,0.9625,35.045174
2020-07-21,306.391968,77.832428,156.914505,88.879074,1.0025,36.818043
2020-07-22,308.135956,78.335358,154.995499,88.235344,1.0275,35.960461
2020-07-23,304.459381,75.697853,149.327499,88.494629,1.0275,36.034679
2020-07-24,302.498505,75.507576,150.445496,87.868767,1.0075,35.812038
2020-07-27,304.704498,76.423035,152.760498,86.634964,1.0025,36.339771
2020-07-28,302.771851,74.931732,150.016495,87.010468,0.985,35.910984
2020-07-29,306.495605,76.014496,151.676498,89.120461,1.015,36.306786
2020-07-30,305.402069,76.485466,152.593994,86.742249,1.025,34.525669
2020-07-31,307.815399,74.063721,158.233994,86.402496,1.0025,34.698833
2020-08-03,309.955414,73.638702,155.594498,85.919724,1.0375,34.839016
2020-08-04,311.152649,73.165237,156.941498,85.427994,1.1075,35.845024
2020-08-05,313.085175,73.596748,160.251495,86.912117,1.1575,36.158363
2020-08-06,315.178009,74.919739,161.25,86.938942,1.1075,35.985199
2020-08-07,315.404297,74.639565,158.373001,88.852234,1.04,35.820282
2020-08-10,316.346985,74.719971,157.408005,89.978775,1.0825,36.702595
2020-08-11,313.735657,73.93187,154.033493,92.821899,1.0875,37.081905
2020-08-12,318.109894,75.245377,158.112,92.035118,1.13,37.073494
2020-08-13,317.53479,75.836205,158.050995,91.525513,1.16,36.165359
2020-08-14,317.544189,75.300812,157.401001,91.561264,1.1875,36.32513
2020-08-17,318.552948,75.812729,159.120499,89.147293,1.1575,35.854256
2020-08-18,319.241119,77.841423,165.624496,87.904541,1.2025,35.67767
2020-08-19,317.911926,77.288551,163.024002,88.110176,1.18,35.282463
2020-08-20,318.901703,78.997604,164.8685,87.055183,1.1525,34.744316
2020-08-21,320.03302,78.931183,164.235992,87.010468,1.2575,34.48365
2020-08-24,323.275909,79.31974,165.373001,89.460213,1.2175,35.501087
2020-08-25,324.407135,80.319603,167.324493,89.853607,1.245,34.374348
2020-08-26,327.659546,82.525093,172.092499,88.592964,1.2775,33.642792
2020-08-27,328.376038,81.623619,170.0,91.507637,1.3125,33.41576
2020-08-28,330.497131,82.127037,170.089996,91.883118,1.3475,34.214584
2020-08-31,329.299835,81.616127,172.548004,89.576439,1.67,33.583931
2020-09-01,332.401367,82.941116,174.955994,89.531731,1.9125,33.155094
2020-09-02,337.20929,86.315781,176.572495,90.881775,1.9275,32.953281
2020-09-03,325.604523,81.998695,168.399994,90.595673,1.955,32.886017
2020-09-04,322.946014,79.461578,164.731003,92.55368,1.9125,32.860798
2020-09-08,314.122131,76.53241,157.492004,89.335037,1.925,32.104019
2020-09-09,320.325226,77.759514,163.430496,90.184425,1.8375,31.910622
2020-09-10,314.763214,76.513931,158.755493,89.25457,1.5575,31.111803
2020-09-11,314.923553,75.949577,155.811005,90.363205,1.5225,31.027718
2020-09-14,319.07135,75.877655,155.148499,91.614899,1.7275,30.825914
2020-09-15,320.683533,76.98439,157.806503,88.762856,1.7725,30.497974
2020-09-16,319.410858,75.958557,153.904999,89.138344,2.17,31.792896
2020-09-17,316.601501,74.691498,150.436493,88.119118,2.3,31.784491
2020-09-18,312.956512,72.916519,147.745499,87.931351,2.3675,31.271563
2020-09-21,309.473511,71.476662,148.023499,85.213394,2.1875,30.632515
2020-09-22,312.625305,73.189713,156.449493,84.283562,2.64,29.875736
2020-09-23,305.375214,70.680069,149.992996,82.915649,2.51,28.917162
2020-09-24,306.189209,71.333321,150.989502,82.844131,2.285,28.858295
2020-09-25,311.139313,72.165878,154.7565,83.568321,2.505,29.127373
2020-09-28,316.307159,73.142761,158.702499,85.973373,2.5225,29.690752
2020-09-29,314.584595,73.382996,157.244003,85.249168,2.5875,28.824663
2020-09-30,316.969727,73.396484,157.436493,86.071701,2.55,28.866713
2020-10-01,319.004639,74.419815,161.063004,86.697563,2.4425,27.857677
2020-10-02,315.975922,72.838112,156.25,87.520088,2.3475,27.731544
2020-10-05,321.579102,74.216545,159.960007,89.369942,2.365,28.370605
2020-10-06,317.007568,72.589394,154.998001,88.449516,2.2825,28.076296
2020-10-07,322.525574,72.931511,159.7845,89.992577,2.34,28.168797
2020-10-08,325.384033,74.212051,159.527496,91.8424,3.3725,29.648712
2020-10-09,328.289764,75.674889,164.332504,91.319023,3.005,29.211466
2020-10-12,333.571106,78.368317,172.1465,92.437973,2.95,29.118967
2020-10-13,331.394196,78.494675,172.181503,90.940041,2.97,28.774214
2020-10-14,329.311951,78.31488,168.185501,90.434723,3.0625,28.715353
2020-10-15,328.904938,77.867889,166.932495,91.788269,3.4575,28.967613
2020-10-16,328.706238,78.561096,163.635498,91.598763,3.3275,28.673315
2020-10-19,323.70871,76.64328,160.360504,90.055725,3.4775,28.10153
2020-10-20,325.005402,77.708076,160.850494,90.570091,3.465,28.336969
2020-10-21,324.390198,79.574944,159.246994,89.667717,3.525,27.882904
2020-10-22,326.169495,80.674698,158.820007,92.834991,3.7275,29.312363
2020-10-23,327.276947,81.956741,160.220001,93.674194,3.75,28.723759
2020-10-26,321.228912,79.432106,160.352005,91.355125,3.3625,28.042664
2020-10-27,320.12149,80.121826,164.316498,89.631615,3.1725,27.597012
2020-10-28,309.180084,75.744804,158.139008,87.114021,2.955,26.545937
2020-10-29,312.322449,78.272926,160.550507,87.682503,2.9325,27.723141
2020-10-30,309.066528,80.958374,151.807495,88.467575,2.6175,27.428841
2020-11-02,312.53067,81.209084,150.223999,90.461777,2.6875,28.580818
2020-11-03,318.048676,82.41671,152.420502,93.313271,2.8925,28.093121
2020-11-04,325.156891,87.357086,162.057999,90.461777,2.7275,27.941763
2020-11-05,331.498322,88.068283,166.100006,94.161461,2.8625,27.891308
2020-11-06,331.422607,87.987373,165.568497,92.907188,2.965,27.563377
2020-11-09,335.587097,88.049805,157.186996,105.48613,2.8725,31.052942
2020-11-10,335.094971,86.920586,151.751007,105.143219,2.775,31.741869
2020-11-11,337.584259,87.535889,156.869507,103.573112,2.9375,31.414616
2020-11-12,334.309357,87.392548,155.514008,102.300766,2.7825,30.33819
2020-11-13,338.937744,88.750008,156.440506,102.941452,2.7525,31.070169
2020-11-16,343.168549,88.967758,156.552994,105.847069,3.015,32.861347
2020-11-17,341.322845,88.406898,156.783005,104.773254,2.9075,33.300537
2020-11-18,337.215118,87.239723,155.272995,103.997215,2.8925,32.043262
2020-11-19,338.634796,88.095749,155.850998,104.276955,3.115,32.206886
2020-11-20,336.315918,87.010483,154.970001,103.383629,3.1775,31.810751
2020-11-23,338.332031,86.644402,154.919495,106.361404,3.475,33.894726
2020-11-24,343.783722,88.343468,155.903,111.279274,3.4175,36.150928
2020-11-25,343.253754,88.470825,159.253494,110.11525,3.6875,35.143391
2020-11-27,344.209686,89.557587,159.766998,109.384315,4.02,34.609474
2020-11-30,342.685822,87.936935,158.401993,106.370422,4.14,32.835514
2020-12-01,346.433838,89.802811,161.003998,108.04882,3.95,33.15414
2020-12-02,347.16272,91.29361,160.176498,110.12426,4.145,34.394192
2020-12-03,347.068115,91.23468,159.336502,109.402374,4.03,34.626694
2020-12-04,350.05896,91.295609,158.128998,110.394974,4.225,35.892586
2020-12-07,349.339569,90.87059,157.899994,109.979881,4.0875,35.220898
2020-12-08,350.361908,90.824142,158.864502,110.088158,4.235,36.374825
2020-12-09,347.219513,89.105103,155.210007,109.230919,3.415,36.857075
2020-12-10,347.105957,88.665604,155.074493,108.527069,3.53,37.899055
2020-12-11,346.698883,88.987236,155.820999,107.886406,3.3275,37.71822
2020-12-14,345.146698,87.902969,157.848495,106.749428,3.18,36.357605
2020-12-15,349.812744,88.288025,158.255997,108.572197,3.4625,37.063747
2020-12-16,350.361908,88.049805,162.048004,108.888008,3.4625,37.632114
2020-12-17,352.321106,87.295662,161.804001,107.985657,3.7075,37.44265
2020-12-18,350.914307,86.452118,160.082504,107.453278,3.9075,36.796795
2020-12-21,349.659576,86.869644,160.309006,111.486847,3.8825,36.125095
2020-12-22,349.070221,86.077049,160.326004,109.790382,4.865,35.513683
2020-12-23,349.383942,86.520546,159.263504,112.858414,5.1425,35.970089
2020-12-24,350.743225,86.843674,158.634506,112.362106,5.0375,35.823696
2020-12-28,353.756409,88.70356,164.197998,113.102051,5.2475,35.944256
2020-12-29,353.081451,87.836044,166.100006,112.804276,4.845,35.539513
2020-12-30,353.585236,86.877136,164.292496,113.12011,4.815,35.823696
2020-12-31,355.381744,87.494438,162.846497,114.663139,4.71,35.49646
2021-01-04,350.543579,86.313782,159.331497,113.580299,4.3125,35.737572
2021-01-05,352.957947,86.94706,160.925507,114.198326,4.3425,37.459869
2021-01-06,355.068115,86.665878,156.919006,119.5606,4.59,38.415745
2021-01-07,360.343506,89.260925,158.108002,123.486862,4.52,38.717155
2021-01-08,362.396637,90.25779,159.134995,123.623222,4.4225,39.147724
2021-01-11,359.953796,88.235588,155.710495,125.468216,4.985,40.336102
2021-01-12,360.029755,87.228241,156.041504,127.440422,4.9875,41.231689
2021-01-13,360.999329,87.620293,158.294495,127.558601,7.85,41.696712
2021-01-14,359.735138,86.910103,156.373505,128.303848,9.9775,43.324284
2021-01-15,357.111664,86.710831,155.212494,126.004433,8.875,41.240299
2021-01-19,359.915771,89.441216,156.037994,125.459099,9.84,42.058395
2021-01-20,364.896545,94.237762,163.169006,123.577774,9.78,42.652592
2021-01-21,365.229218,94.455017,165.349503,122.541687,10.7575,41.42976
2021-01-22,363.936432,94.944458,164.611496,121.596428,16.252501,40.844181
2021-01-25,365.371765,94.862053,164.699997,120.078644,19.1975,40.387772
2021-01-26,364.801453,95.753036,166.306503,119.587883,36.994999,39.50079
2021-01-27,355.885559,91.435448,161.628998,116.206917,86.877502,39.053001
2021-01-28,358.946259,93.049614,161.880997,118.251854,48.400002,39.664406
2021-01-29,351.760284,91.682671,160.309998,116.943085,81.25,38.613811
2021-02-01,357.615479,94.959435,167.143997,117.806496,56.25,38.682701
2021-02-02,362.672241,96.265961,169.0,121.432861,22.5,39.294117
2021-02-03,362.957428,103.385857,165.626495,122.823418,23.102501,40.835567
2021-02-04,367.082611,103.001289,166.550003,125.649986,13.375,41.619221
2021-02-05,368.527496,104.780769,167.607498,125.40461,15.9425,43.014271
2021-02-08,371.188995,104.52655,166.147003,127.367706,15.0,44.865734
2021-02-09,370.941833,104.057083,165.25,126.858765,12.5775,44.340271
2021-02-10,370.780243,104.64991,164.328995,126.931511,12.8,44.769398
2021-02-11,371.379059,104.675385,163.106506,126.577003,12.775,43.648422
2021-02-12,373.213623,105.085915,163.885498,128.376572,13.1,44.243938
2021-02-16,372.890381,105.974411,163.447495,131.46669,12.3775,45.575108
2021-02-17,372.975983,106.29454,165.432007,131.875671,11.485,46.284481
2021-02-18,371.388519,105.739677,166.411499,132.321014,10.1725,45.55759
2021-02-19,370.732727,104.937584,162.494995,134.529572,10.1475,45.864109
2021-02-22,367.881165,103.126648,159.037003,135.792862,11.5,47.554352
2021-02-23,368.32785,103.425308,159.725006,136.883484,11.2425,48.211182
2021-02-24,372.386597,104.639427,157.976501,139.291992,22.9275,49.656204
2021-02-25,363.413666,101.452553,152.858002,137.40155,27.182501,48.832973
2021-02-26,361.541138,101.727242,154.6465,133.757019,25.434999,47.61565
2021-03-01,370.304962,103.957199,157.307007,136.783493,30.1,49.393471
2021-03-02,367.415405,103.674026,154.726501,136.338165,29.545,49.104465
2021-03-03,362.548737,101.220322,150.25,138.973862,31.045,49.498558
2021-03-04,358.062225,102.338043,148.878494,136.838013,33.087502,51.416492
2021-03-05,364.649414,105.307167,150.022995,137.156143,34.435001,53.360718
2021-03-08,362.833862,101.093468,147.597504,138.973862,48.625,53.308167
2021-03-09,368.014221,102.518341,153.142502,137.992294,61.724998,52.484943
2021-03-10,370.304962,102.634712,152.882004,140.991577,66.25,54.096359
2021-03-11,374.05954,105.618317,155.679504,140.255386,65.0,53.693501
2021-03-12,374.563324,102.978813,154.474503,141.918549,66.125,54.271511
2021-03-15,376.797058,103.207054,154.084,141.209641,55.035,52.887794
2021-03-16,376.321808,104.507072,154.593002,139.519226,52.0425,51.7668
2021-03-17,377.605011,104.435158,156.786499,140.955185,52.452499,51.994503
2021-03-18,372.111023,101.695274,151.399506,143.281891,50.4375,49.752533
2021-03-19,371.422455,102.043884,153.748001,141.000626,50.067501,49.472286
2021-03-22,374.388245,101.813637,155.543503,137.210678,48.622501,48.964344
2021-03-23,371.441559,102.531326,156.875,135.838303,45.4375,48.360058
2021-03-24,369.553314,102.136772,154.3535,136.892578,30.084999,49.340923
2021-03-25,371.632294,102.101814,152.313004,138.646667,45.9375,49.200794
2021-03-26,377.621094,101.661812,152.601501,140.955185,45.25,50.540733
2021-03-29,377.430328,102.680656,153.786499,138.764832,45.325001,50.269241
2021-03-30,376.428986,102.660179,152.764496,140.400772,48.615002,49.647442
2021-03-31,377.954895,103.313934,154.703995,138.355835,47.455002,48.894283
2021-04-01,382.036407,106.765999,158.050003,139.700958,47.862499,50.260487
2021-04-05,387.519836,111.151009,161.336502,140.441498,46.737499,49.481049
2021-04-06,387.291016,111.111061,161.190994,139.454102,46.125,49.340923
2021-04-07,387.739136,112.356148,163.969498,141.639084,44.4925,49.559864
2021-04-08,389.579681,113.14325,164.964996,141.812805,42.564999,49.043159
2021-04-09,392.411926,114.164085,168.610001,142.87326,39.59,48.929306
2021-04-12,392.555084,112.611359,168.969498,142.571579,35.272499,48.605282
2021-04-13,393.718384,113.23465,170.0,140.87114,35.247501,48.789192
2021-04-14,392.37384,112.613846,166.649994,138.238205,41.6325,50.199181
2021-04-15,396.588928,114.702477,168.954498,139.115875,39.110001,49.901413
2021-04-16,397.914459,114.757408,169.972,140.148941,38.672501,49.621166
2021-04-19,395.959534,114.989151,168.600494,139.554688,41.092499,49.463535
2021-04-20,393.060455,114.551147,166.734497,136.464645,39.6325,48.42136
2021-04-21,396.779663,114.534164,168.100998,137.625702,39.627499,49.043159
2021-04-22,393.155823,113.267113,165.451996,134.727631,37.7925,48.403854
2021-04-23,397.418549,115.633415,167.044006,137.305695,37.794998,48.666573
2021-04-26,398.248199,116.204765,170.449997,137.643982,42.232498,48.762913
2021-04-27,398.162445,115.224884,170.871506,138.274796,44.442501,49.402225
2021-04-28,398.047974,118.860245,172.925003,139.1707,44.645,50.891033
2021-04-29,400.584625,121.3564,173.565506,141.876816,44.047501,51.617928
2021-04-30,397.952606,120.369019,173.371002,140.615204,43.397499,50.129116
2021-05-03,398.810913,119.622375,169.324493,140.203766,40.549999,51.512833
2021-05-04,396.350494,117.578705,165.593506,142.141907,40.182499,51.836864
2021-05-05,396.474487,117.703056,163.526993,144.006897,39.869999,53.395737
2021-05-06,399.640594,118.932159,165.318497,146.904968,40.252499,53.903679
2021-05-07,402.549133,119.79818,164.580505,147.407791,40.2775,54.674362
2021-05-10,398.562958,116.949913,159.524506,147.389496,35.805,54.805729
2021-05-11,395.005798,115.306793,161.195496,144.939407,36.73,53.06295
2021-05-12,386.613892,111.826752,157.597,143.942917,36.197498,53.347279
2021-05-13,391.258118,112.969948,158.073502,147.645477,41.125,52.689766
2021-05-14,397.265991,115.676361,161.145004,149.94014,39.98,53.995903
2021-05-17,396.255127,115.938568,163.519501,150.543549,45.150002,55.257614
2021-05-18,392.841125,115.040588,161.613998,148.422531,45.1675,53.693806
2021-05-19,391.811188,115.304291,161.589996,147.28891,42.2075,52.40543
2021-05-20,396.026306,117.670593,162.384003,147.032944,42.622501,52.281044
2021-05-21,395.702026,117.121719,160.154007,148.705948,44.197498,52.352127
2021-05-24,399.735901,120.196724,162.249496,149.510468,45.002499,52.96521
2021-05-25,398.84906,120.316582,162.952499,147.965439,52.357498,51.765694
2021-05-26,399.640594,121.538193,163.257996,147.947174,60.639999,52.369896
2021-05-27,399.850372,119.98896,161.505493,150.250961,63.532501,52.032257
2021-05-28,400.565582,120.440948,161.153503,150.150421,55.5,51.863434
2021-06-01,400.212769,121.352409,160.932495,151.80513,62.255001,53.720455
2021-06-02,400.842102,120.926392,161.699493,151.814285,70.559998,54.146954
2021-06-03,399.354492,120.093842,159.350494,151.914825,64.544998,54.360203
2021-06-04,403.006836,122.448654,160.311005,152.161682,62.09,54.600098
2021-06-07,402.615906,123.164345,159.900497,151.448624,70.002502,54.24469
2021-06-08,402.701721,124.001396,163.205505,150.845245,75.0,55.204304
2021-06-09,402.100983,124.428406,164.057495,148.96196,75.639999,55.66634
2021-06-10,403.970032,125.936691,167.482498,146.639832,55.0975,55.755192
2021-06-11,404.637634,125.553627,167.341507,146.539276,58.334999,55.239838
2021-06-14,405.543579,126.208382,169.193497,144.052628,57.360001,55.150993
2021-06-15,404.799683,125.88974,169.156494,141.867661,55.625,57.159073
2021-06-16,402.539581,125.553627,170.762497,142.864136,55.7425,56.954712
2021-06-17,402.406067,126.227364,174.462006,138.741013,55.897499,55.07991
2021-06-18,396.977478,125.424767,174.345001,135.230469,53.455002,53.667149
2021-06-21,402.660553,126.311264,172.697998,137.525131,50.092499,55.613029
2021-06-22,404.813324,126.855141,175.272003,137.324005,55.099998,56.679268
2021-06-23,404.325348,126.317757,175.190994,138.155945,54.834999,57.096867
2021-06-24,406.717255,127.137321,172.453995,139.426666,53.077499,57.327888
2021-06-25,408.161926,126.850655,170.072998,140.83461,52.377499,57.452282
2021-06-28,408.984802,126.675354,172.194504,141.090561,53.3125,55.986198
2021-06-29,409.204834,125.875259,172.406998,140.916855,52.720001,55.639683
2021-06-30,409.549225,125.173561,172.007996,142.196747,53.535,56.048409
2021-07-01,411.816742,126.224861,171.648499,143.604645,51.09,56.20834
2021-07-02,414.964508,128.572678,175.548996,143.466736,50.7075,56.128372
2021-07-06,414.208618,129.623489,183.787003,141.057693,49.889999,54.529018
2021-07-07,415.672455,129.929642,184.828995,141.223206,47.665001,53.676033
2021-07-08,412.285583,129.030167,186.570496,138.78656,47.845001,53.436123
2021-07-09,416.686646,129.427216,185.966995,143.227661,47.807499,54.404625
2021-07-12,418.179199,130.415588,185.927505,145.278122,47.3125,54.351318
2021-07-13,416.753632,130.845612,183.867996,143.117325,45.014999,54.093639
2021-07-14,417.375488,131.932373,184.084,142.630005,41.904999,52.894131
2021-07-15,415.949982,131.117294,181.559998,142.942642,41.705002,52.378777
2021-07-16,412.687378,131.695648,178.681503,139.678467,42.259998,50.930481
2021-07-19,406.592926,129.107086,177.479507,135.13623,43.372501,49.180073
2021-07-20,412.419556,130.952484,178.6595,137.655609,47.794998,49.722076
2021-07-21,415.758606,132.449768,179.259995,140.551987,46.452499,51.321434
2021-07-22,416.629242,133.176956,181.901505,138.777344,44.712502,50.743889
2021-07-23,420.915558,137.659348,182.832001,138.510727,45.09,50.681694
2021-07-26,421.948792,139.485779,184.990997,139.439377,45.985001,51.96117
2021-07-27,420.025757,136.641006,181.319504,139.255493,44.634998,51.383629
2021-07-28,419.853485,136.226486,181.516006,139.485352,42.279999,51.730152
2021-07-29,421.594818,136.3853,179.996002,140.680725,41.215,52.361012
2021-07-30,419.547394,135.067291,166.379501,139.558914,40.279999,51.152615
2021-08-02,418.667145,135.83493,166.574005,138.998047,39.412498,51.161499
2021-08-03,422.073242,136.125092,168.311996,140.579575,38.1875,51.712387
2021-08-04,419.997009,135.873886,167.735992,139.062408,36.700001,50.503979
2021-08-05,422.656891,136.784348,168.7995,140.818634,38.360001,50.823853
2021-08-06,423.355255,136.880234,167.246994,144.818375,37.942501,51.410286
2021-08-09,423.010803,137.845139,167.093506,144.662064,40.282501,50.823853
2021-08-10,423.537018,137.939529,166.033997,146.436676,39.762501,51.694611
2021-08-11,424.589508,137.53299,164.605499,148.183685,39.695,51.845665
2021-08-12,425.861908,138.232193,165.175003,148.762939,40.587502,51.728405
2021-08-13,426.636902,138.248688,164.698502,147.098648,40.630001,51.205257
2021-08-16,427.64151,138.758102,164.949493,146.133209,40.982498,50.456615
2021-08-17,424.838226,137.14444,162.098007,144.367813,40.887501,50.113865
2021-08-18,420.188385,136.41478,160.061005,143.052963,39.262501,49.058548
2021-08-19,420.838959,136.757874,159.387497,141.85762,38.224998,47.561268
2021-08-20,424.187622,138.279648,159.997498,142.262207,39.825001,47.570301
2021-08-23,427.918976,140.939117,163.293503,144.082809,41.2225,49.527584
2021-08-24,428.598297,142.236633,165.289001,144.974686,52.572498,49.933475
2021-08-25,429.497589,142.787506,164.959,147.962967,49.912498,50.023666
2021-08-26,426.962189,141.961456,165.800003,148.726151,51.305,49.347187
2021-08-27,430.779694,144.3862,167.481506,149.921478,51.237499,50.303284
2021-08-30,432.674072,145.304153,171.078506,147.521637,52.299999,49.753078
2021-08-31,432.03302,145.296661,173.539505,147.071121,54.560001,49.175812
2021-09-01,432.262665,145.676224,173.949997,146.859634,53.2425,48.499336
2021-09-02,433.592499,144.055069,173.156006,147.540039,53.380001,49.68092
2021-09-03,433.487244,144.610428,173.902496,146.648148,50.6875,49.491501
2021-09-07,431.937347,145.353592,175.464493,146.390671,49.75,49.202869
2021-09-08,431.411163,144.718811,176.274994,145.737869,49.700001,48.751881
2021-09-09,429.564606,144.748779,174.207993,146.372284,49.794998,48.787956
2021-09-10,426.177734,141.759689,173.457504,144.689651,47.602501,48.688747
2021-09-13,427.268372,143.301926,172.858505,146.988358,50.849998,49.942493
2021-09-14,424.962585,143.242996,172.5,144.422974,49.810001,49.229931
2021-09-15,428.512177,145.040939,173.789505,145.425232,51.130001,50.889561
2021-09-16,427.832916,144.209396,174.412003,145.36087,51.592499,50.348381
2021-09-17,423.665283,141.302704,173.126007,144.983887,51.2425,49.753078
2021-09-20,416.601074,138.858978,167.786499,140.643921,48.049999,48.427166
2021-09-21,416.20752,139.487762,167.181503,140.662308,47.487499,48.382072
2021-09-22,420.267548,140.778305,169.002502,143.356415,47.535,49.798176
2021-09-23,425.373779,141.665298,170.800003,148.202072,47.810001,51.484875
2021-09-24,426.074493,142.470871,171.276001,149.912292,46.290001,51.944881
2021-09-27,424.85556,141.340164,170.289993,153.535049,47.369999,53.487263
2021-09-28,416.293915,136.029205,165.798004,152.707504,44.650002,54.046486
2021-09-29,416.994598,134.368088,165.056,152.587982,43.98,54.010418
2021-09-30,411.897919,133.114029,164.251999,150.509949,43.8675,53.054314
2021-10-01,416.792999,136.307388,164.162994,153.672974,44.227501,54.957493
2021-10-04,411.41803,133.612961,159.488998,153.507477,42.84,55.670052
2021-10-05,415.698822,136.022217,161.050003,156.014282,43.044998,55.579857
2021-10-06,417.426483,137.197876,163.100494,156.34729,42.767502,54.560623
2021-10-07,421.0354,139.027298,165.121506,157.337051,43.029999,54.713947
2021-10-08,420.267548,139.896805,164.431,157.457306,43.169998,56.084961
2021-10-11,417.224915,138.689682,162.315002,154.145737,44.525002,55.525734
2021-10-12,416.197968,136.557602,162.366501,152.961716,43.955002,55.237099
2021-10-13,417.695221,137.743256,164.214005,148.928604,46.014999,55.083767
2021-10-14,424.7211,141.251266,164.992996,151.213394,45.9575,55.922604
2021-10-15,427.955688,141.513962,170.451004,154.117981,45.82,56.454773
2021-10-18,429.222656,142.798004,172.337006,154.0625,46.505001,56.427704
2021-10-19,432.534088,143.658524,172.207504,155.931015,46.697498,57.27557
2021-10-20,434.232971,142.253113,170.753006,158.030823,46.130001,57.591259
2021-10-21,435.36554,142.61821,171.750504,156.79129,45.427502,56.544968
2021-10-22,434.914459,138.467438,166.777496,158.90033,42.450001,56.932812
2021-10-25,437.246796,138.61525,166.018494,158.123322,43.4925,58.042252
2021-10-26,437.64032,139.513245,168.803497,158.548828,44.459999,59.386196
2021-10-27,435.701508,146.261063,169.624496,155.24649,43.377499,57.843811
2021-10-28,439.905548,145.962906,172.328506,157.586823,45.712502,58.006161
2021-10-29,440.798187,148.101959,168.621506,157.152069,45.877499,58.150486
2021-11-01,441.556458,143.61058,165.905502,157.068802,50.022499,59.196785
2021-11-02,443.341675,145.697205,165.637497,157.688538,51.747501,58.466179
2021-11-03,446.04837,146.623138,169.199997,157.74408,54.5825,57.663422
2021-11-04,448.150391,148.513992,173.850006,155.672012,54.459999,58.096367
2021-11-05,449.705292,149.071365,175.949493,155.450012,53.3125,58.646572
2021-11-08,450.089264,149.181732,174.449005,156.384277,54.66,59.277958
2021-11-09,448.601532,149.078857,178.811493,155.200241,51.650002,59.855228
2021-11-10,444.992584,146.459351,174.102493,155.052231,49.797501,58.676041
2021-11-11,445.136566,146.581192,173.625,155.042999,51.080002,58.785728
2021-11-12,448.495911,149.475403,176.257507,154.349258,50.525002,58.337822
2021-11-15,448.649445,149.218201,177.283997,154.071716,52.285,58.840584
2021-11-16,450.42514,148.906555,177.035004,152.961716,51.794998,59.434738
2021-11-17,449.330994,148.892563,177.449997,152.138428,52.5,58.785728
2021-11-18,450.857086,150.537689,184.802994,150.824905,52.529999,58.145863
2021-11-19,450.050903,149.782059,183.828506,148.854584,57.200001,55.458401
2021-11-22,448.783844,146.911331,178.628494,152.027451,61.887501,56.22625
2021-11-23,449.379028,146.590195,179.001999,155.662781,53.474998,57.707088
2021-11-24,450.578735,146.550735,179.020493,154.441727,52.945,58.027027
2021-11-26,440.529419,142.643677,175.227997,149.788879,49.93,55.988583
2021-11-29,445.933228,145.947922,178.078506,149.141373,50.502499,56.299381
2021-11-30,437.25647,142.29007,175.3535,146.92131,49.052502,54.699715
2021-12-01,432.399719,141.457031,172.186005,146.051773,44.959999,54.653999
2021-12-02,439.022461,143.613083,171.867996,149.122864,45.389999,56.016006
2021-12-03,435.202454,142.35849,169.489502,146.421783,43.0975,55.659508
2021-12-06,440.356659,143.633041,171.3685,148.151581,41.779999,56.290245
2021-12-07,449.465332,147.868225,176.164505,150.380875,44.452499,56.920967
2021-12-08,450.655518,148.551453,176.158005,148.660339,43.412498,57.085506
2021-12-09,447.612885,147.937653,174.171005,148.429092,38.939999,57.231766
2021-12-10,451.826508,148.506012,172.212006,147.837097,39.752499,57.597397
2021-12-13,447.824066,146.53775,169.567505,146.079514,34.220001,56.335945
2021-12-14,444.743011,144.805725,169.091507,147.198822,36.922501,56.253677
2021-12-15,451.6922,147.200989,173.315002,146.098038,37.147499,56.006866
2021-12-16,447.708893,144.673874,168.871002,148.382828,36.147499,56.098278
2021-12-17,442.94397,142.640671,170.017502,145.0065,38.91,54.873383
2021-12-20,438.233917,142.239639,167.078995,142.39798,39.285,54.078121
2021-12-21,446.016541,144.05658,170.417007,144.386734,39.529999,55.303013
2021-12-22,450.476135,146.781967,171.037003,144.951035,38.5,55.750916
2021-12-23,453.279053,146.97525,171.068497,145.469025,38.035,55.778343
2021-12-27,459.693939,147.895691,169.669495,146.301544,37.077499,56.573612
2021-12-28,459.318237,146.28154,170.660995,146.745529,36.615002,56.390785
2021-12-29,459.905853,146.337982,169.201004,146.671539,38.482498,55.897179
2021-12-30,458.634399,145.836548,168.644501,146.597549,38.8325,55.568096
2021-12-31,457.478546,144.51506,166.716995,146.477295,37.0975,55.933743
2022-01-03,460.12735,144.909592,170.404495,149.576126,38.209999,58.081867
2022-01-04,459.973236,144.25235,167.522003,155.24649,37.227501,60.26656
2022-01-05,451.140808,137.49704,164.356995,152.408279,32.342499,61.016132
2022-01-06,450.716949,137.394653,163.253998,154.027496,32.7575,62.451267
2022-01-07,448.935059,136.84877,162.554001,155.553604,35.154999,62.963146
2022-01-10,448.376373,138.416489,161.485992,155.702515,32.787498,62.588387
2022-01-11,452.460358,139.858353,165.362,155.860672,32.575001,65.220985
2022-01-12,453.683594,141.486984,165.207001,156.74472,32.014999,65.02903
2022-01-13,447.432434,138.972855,161.214005,156.549286,30.620001,64.562828
2022-01-14,447.615509,139.627609,162.138,146.927246,29.1625,65.696312
2022-01-18,439.688354,136.135574,158.917496,140.766861,27.227501,66.802383
2022-01-19,435.122833,135.497803,156.298996,138.58934,26.6425,66.829803
2022-01-20,430.306824,133.354752,151.667496,137.407547,25.6675,66.976059
2022-01-21,421.859619,129.944122,142.643005,135.006683,26.59,65.970551
2022-01-24,423.651184,130.223801,144.544006,134.885712,25.0375,66.5373
2022-01-25,418.478821,126.591438,139.985992,136.355988,24.9475,68.493469
2022-01-26,417.429016,129.093109,138.872498,137.64949,25.815001,67.798759
2022-01-27,415.367676,128.974228,139.637497,135.220688,23.379999,68.667145
2022-01-28,425.683563,133.138,143.977997,136.43042,24.477501,68.8134
2022-01-31,433.350586,135.544266,149.573502,138.282272,27.2325,69.43499
2022-02-01,436.278687,137.721771,151.193497,140.655212,28.15,73.886642
2022-02-02,440.516724,147.868225,150.612503,139.529251,25.01,73.694687
2022-02-03,430.162384,142.488358,138.845505,138.375336,24.807501,72.835442
2022-02-04,432.185059,142.853439,157.639496,141.967331,25.584999,74.416832
2022-02-07,430.798065,138.780075,157.935501,142.441895,25.584999,75.312645
2022-02-08,434.342621,139.054764,161.413498,145.121933,28.9,73.365616
2022-02-09,440.699738,141.292221,161.189499,145.726807,31.0725,73.014412
2022-02-10,432.782288,138.444946,159.003494,145.121933,30.6175,72.311981
2022-02-11,424.248352,133.977539,153.293503,143.232895,31.0625,74.132721
2022-02-14,422.861389,135.14621,155.167007,141.902176,29.272499,72.995941
2022-02-15,429.680786,136.270432,156.510498,143.977341,31.540001,72.08094
2022-02-16,430.162384,137.331223,158.100494,144.2379,32.0825,72.413658
2022-02-17,420.973541,132.158112,154.652496,140.915756,30.852501,72.302765
2022-02-18,418.247681,130.319199,152.601501,141.576508,30.3825,71.498665
2022-02-22,413.759216,129.255417,150.197495,141.325226,29.514999,70.666855
2022-02-23,406.419678,127.43998,144.826996,138.365997,28.717501,70.953362
2022-02-24,412.53595,132.52269,151.358002,134.513489,31.145,70.05687
2022-02-25,421.638092,134.366592,153.788498,137.695999,29.645,71.942284
2022-02-28,420.559326,134.737686,153.563004,131.954407,30.834999,72.478355
2022-03-01,414.154114,134.015503,151.141998,126.975883,29.754999,73.171532
2022-03-02,421.77298,134.598328,152.052505,129.60939,30.4925,74.42849
2022-03-03,419.673157,134.155334,147.898499,128.68811,29.602501,74.899849
2022-03-04,416.263519,131.971817,145.641006,125.068207,27.915001,77.718765
2022-03-07,403.992401,126.320755,137.453003,120.238602,24.8375,80.519188
2022-03-08,400.929443,127.133827,136.014496,119.391754,25.752501,81.129181
2022-03-09,411.678711,133.713837,139.279007,124.174858,26.3025,76.517242
2022-03-10,409.819763,132.531189,146.817505,122.70459,25.139999,78.892532
2022-03-11,404.608826,130.327194,145.524506,119.940796,23.172501,78.48587
2022-03-14,401.651825,126.596939,141.852997,121.131935,19.5275,75.676201
2022-03-15,410.484314,129.513123,147.366501,123.281532,20.66,71.369278
2022-03-16,419.586517,133.538544,153.104004,128.790482,21.715,71.10125
2022-03-17,424.835968,134.447495,157.238998,130.418991,21.924999,72.995941
2022-03-18,429.489044,136.645996,161.250504,130.372467,22.6975,72.709412
2022-03-21,429.363464,136.323364,161.491501,129.95369,23.549999,75.971947
2022-03-22,434.387604,140.118042,164.889008,132.717484,30.785,75.639229
2022-03-23,428.793396,138.346069,163.408005,130.074677,35.25,76.83149
2022-03-24,435.257172,141.151367,163.649506,130.921494,35.5975,77.062538
2022-03-25,437.382813,141.360641,164.773499,132.066086,37.987499,78.744659
2022-03-28,440.493927,141.788651,168.990494,131.088989,47.397499,76.535736
2022-03-29,445.943176,143.087173,169.315002,131.377457,44.974998,76.129066
2022-03-30,443.189575,142.482361,166.300995,130.781891,41.712502,77.432243
2022-03-31,436.368317,139.490768,162.997498,126.854897,41.645,76.332413
2022-04-01,437.605072,140.54007,163.559998,125.915024,41.25,76.82225
2022-04-04,441.353821,143.479233,168.346497,126.473396,42.682499,76.859215
2022-04-05,435.778931,140.902664,164.054993,125.001549,38.397499,76.4618
2022-04-06,431.421417,137.020065,158.755997,123.267242,39.16,77.312088
2022-04-07,433.595337,136.309875,157.7845,122.892265,37.5,78.606018
2022-04-08,432.435944,133.85817,154.460495,125.142189,36.547501,80.260384
2022-04-11,425.044617,129.648956,151.121994,124.6828,36.732498,77.496941
2022-04-12,423.469788,128.228577,150.787506,123.314117,36.217499,79.114349
2022-04-13,428.319946,130.137909,155.541,119.339264,37.674999,80.232658
2022-04-14,422.986633,127.108353,151.706497,118.233055,37.692501,81.175392
2022-04-18,423.160522,127.815552,152.785004,120.426735,35.365002,81.840836
2022-04-19,429.991486,130.382629,158.115494,122.92038,38.1175,81.110695
2022-04-20,429.672638,128.099731,153.998001,123.351624,37.212502,81.295532
2022-04-21,423.247528,124.795486,148.296005,122.395424,35.389999,80.435989
2022-04-22,411.633942,119.478035,144.350006,118.879921,34.555,78.679955
2022-04-25,414.020447,123.109909,146.074005,118.8424,33.987499,76.027405
2022-04-26,402.03006,119.370155,139.391006,115.326912,31.9,76.055138
2022-04-27,403.160461,114.889763,138.167007,113.826988,32.459999,78.227089
2022-04-28,413.344147,119.275772,144.596497,115.626907,32.327499,80.593109
2022-04-29,398.068695,114.835823,124.281502,111.89579,31.2675,78.790863
2022-05-02,400.464813,117.023827,124.5,112.917648,29.8925,79.862976
2022-05-03,402.300568,117.995232,124.253502,115.336296,30.1075,81.50811
2022-05-04,414.551819,122.435669,125.928497,119.151787,31.77,84.752159
2022-05-05,399.817474,116.6138,116.406998,116.170631,29.782499,83.467476
2022-05-06,397.430969,115.528534,114.772499,115.983139,28.674999,84.742935
2022-05-09,384.706299,112.95546,108.789001,114.239456,24.6975,78.060722
2022-05-10,385.595184,114.454262,108.859001,111.455193,23.375,78.5783
2022-05-11,379.469635,113.831467,105.372002,110.752098,20.3325,80.21418
2022-05-12,379.073456,113.032379,106.930496,110.658348,22.3925,80.578331
2022-05-13,388.136292,116.383064,113.055,111.642677,24.5975,82.968597
2022-05-16,386.561401,114.662025,110.810501,110.864594,22.950001,84.920029
2022-05-17,394.513123,116.568848,115.3685,114.539452,25.094999,86.00312
2022-05-18,378.60965,112.273239,107.112503,112.580139,22.870001,84.639923
2022-05-19,376.290833,110.619621,107.319,110.911461,24.797501,85.097443
2022-05-20,376.455109,109.188751,107.591003,110.002106,23.915001,85.769691
2022-05-23,383.498627,111.539566,107.556999,116.808121,24.032499,87.665108
2022-05-24,380.571075,105.805603,104.099998,118.458061,22.2875,88.141296
2022-05-25,383.93338,105.7192,106.775002,119.283012,28.7925,89.915329
2022-05-26,391.604919,108.172905,111.077499,121.345451,32.115002,90.23278
2022-05-27,401.218414,112.670792,115.1465,123.061012,34.302502,91.119797
2022-05-31,398.967224,113.909378,120.209503,123.960976,31.184999,89.635216
2022-06-01,395.740173,114.007263,121.683998,121.786064,30.35,91.353218
2022-06-02,403.276459,117.612167,125.511002,123.745369,33.5,91.194496
2022-06-03,396.658081,114.433784,122.349998,122.020409,33.424999,92.520348
2022-06-06,397.865784,116.877495,124.790001,121.617317,32.025002,92.286926
2022-06-07,401.68222,117.096252,123.0,121.936043,36.625,96.516594
2022-06-08,397.315094,117.104736,121.18,119.995506,34.682499,97.655701
2022-06-09,387.865753,114.787376,116.150002,117.473717,32.244999,95.54554
2022-06-10,376.619324,111.300842,109.650002,112.073921,32.272499,93.799515
2022-06-13,362.319824,106.75502,103.669998,108.736542,29.5625,89.495163
2022-06-14,361.228058,107.072159,102.309998,106.927238,31.5425,89.728584
2022-06-15,366.377838,110.26503,107.669998,108.192818,32.322498,88.598816
2022-06-16,354.252167,106.514793,103.660004,106.336647,31.432501,85.330864
2022-06-17,355.015839,107.742897,106.220001,105.961639,33.785,80.410255
2022-06-21,363.952881,111.88768,108.68,108.586555,35.07,85.414886
2022-06-22,363.292999,111.906654,108.949997,107.977196,34.615002,82.034904
2022-06-23,366.854187,112.556419,112.440002,106.795998,35.505001,79.560593
2022-06-24,378.517914,118.403267,116.459999,109.983376,33.802502,81.138542
2022-06-27,377.072083,116.489937,113.220001,109.102142,32.422501,83.127327
2022-06-28,369.367401,112.44355,107.400002,108.577164,31.094999,85.433556
2022-06-29,369.06662,112.128906,108.919998,108.089691,30.715,82.277664
2022-06-30,366.068207,109.248177,106.209999,105.567917,30.575001,79.96209
2022-07-01,369.939972,108.957016,109.559998,106.917862,30.855,81.745461
2022-07-05,370.638641,113.757553,113.5,106.511192,30.057501,79.187103
2022-07-06,371.890411,115.082542,114.330002,105.820778,29.3575,77.758545
2022-07-07,377.460236,119.170387,116.330002,108.497276,33.779999,80.242188
2022-07-08,377.14978,120.031914,115.540001,108.156807,32.134998,80.37291
2022-07-11,372.84137,116.390053,111.75,106.738167,32.522499,79.96209
2022-07-12,369.542114,114.718956,109.220001,106.842194,34.279999,78.897659
2022-07-13,367.601379,112.059479,110.400002,105.839691,35.32,79.215118
2022-07-14,366.708649,111.313332,110.629997,102.141785,34.049999,77.627838
2022-07-15,373.714661,112.638817,113.550003,106.823288,35.41,78.935028
2022-07-18,370.628937,109.785072,113.760002,105.726212,36.66,80.391571
2022-07-19,380.643005,114.489716,118.209999,108.345955,37.924999,82.417702
2022-07-20,383.068909,114.569618,122.769997,108.327042,39.6875,83.323402
2022-07-21,386.969757,114.909241,124.629997,109.064735,38.3675,81.93219
2022-07-22,383.379486,108.236832,122.419998,108.53511,35.779999,81.30661
2022-07-25,383.845276,108.086998,121.139999,108.970161,33.98,84.014343
2022-07-26,379.303955,105.320152,114.809998,107.267784,32.43,83.687538
2022-07-27,389.153107,113.470871,120.970001,108.989059,33.779999,85.498932
2022-07-28,394.033997,114.459747,122.279999,108.58239,33.84,86.497993
2022-07-29,399.778503,116.507416,134.949997,109.102562,34.009998,90.503571
2022-08-01,398.594666,115.34874,135.389999,108.014938,34.779999,88.215996
2022-08-02,395.964996,115.768265,134.160004,106.331482,35.84,87.833168
2022-08-03,402.165588,118.644989,139.520004,107.447487,37.93,84.985382
2022-08-04,401.89389,118.734886,142.570007,106.265289,38.360001,81.409332
2022-08-05,401.214661,118.085625,140.800003,109.480873,40.02,82.585785
2022-08-08,400.748901,118.005714,139.410004,108.147354,43.450001,83.052635
2022-08-09,399.157501,117.36644,137.830002,109.121483,40.369999,84.5839
2022-08-10,407.541412,120.512863,142.690002,111.968201,40.529999,85.386879
2022-08-11,407.541412,119.683807,140.639999,113.623283,39.450001,87.856949
2022-08-12,414.440643,122.51059,143.550003,115.505333,40.740002,88.62059
2022-08-15,416.148529,122.740326,143.179993,115.817429,39.68,87.036736
2022-08-16,416.963593,122.37075,144.779999,116.923973,42.189999,86.225945
2022-08-17,414.004028,120.183235,142.100006,115.940392,40.52,86.923599
2022-08-18,415.207275,120.722626,142.300003,115.041916,37.93,88.978844
2022-08-19,409.627716,117.985741,138.229996,112.195175,36.490002,88.696014
2022-08-22,401.098206,114.939201,133.220001,110.341507,34.5,88.630013
2022-08-23,400.127838,114.639542,133.619995,109.253891,33.529999,92.391685
2022-08-24,401.408722,114.569618,133.800003,109.518692,32.5,92.938492
2022-08-25,407.075623,117.566216,137.279999,112.119522,31.959999,93.419304
2022-08-26,393.296509,111.173492,130.75,108.449974,30.940001,92.269119
2022-08-29,390.695953,110.214577,129.789993,108.185173,31.549999,94.390358
2022-08-30,386.406982,109.785072,128.729996,108.204094,29.84,90.798386
2022-08-31,383.466766,109.025932,126.769997,107.560982,28.639999,90.119598
2022-09-01,384.670013,110.424347,127.82,108.298668,27.629999,88.498032
2022-09-02,380.613892,108.556465,127.510002,107.542053,27.360001,90.119598
2022-09-06,379.177795,107.357834,126.110001,107.570427,25.139999,89.516228
2022-09-07,385.989777,110.354424,129.479996,109.613266,24.040001,88.752571
2022-09-08,388.512634,109.295624,129.820007,112.166801,25.83,89.478508
2022-09-09,394.548279,111.652946,133.270004,112.705887,28.92,90.977516
2022-09-12,398.788757,111.742844,136.449997,114.039413,29.24,92.023994
2022-09-13,381.448456,105.190292,126.82,110.076698,27.85,89.874474
2022-09-14,382.903992,105.749664,128.550003,109.821342,28.129999,92.080559
2022-09-15,378.556732,103.781906,126.279999,111.47641,28.610001,89.403091
2022-09-16,375.668823,103.512207,123.529999,110.729263,28.639999,87.875801
2022-09-19,378.582092,103.731956,124.660004,111.750687,28.959999,87.866379
2022-09-20,374.236481,101.714256,122.190002,109.547066,27.540001,87.149872
2022-09-21,367.708374,99.896324,118.540001,106.388237,26.860001,85.745125
2022-09-22,364.61972,100.455688,117.309998,105.177681,24.700001,85.386879
2022-09-23,358.510559,99.057274,113.779999,103.21994,25.040001,80.842712
2022-09-26,354.963898,98.697685,115.150002,100.997421,24.48,79.174019
2022-09-27,354.057831,97.9785,114.410004,100.108406,26.129999,80.83329
2022-09-28,361.024353,100.625488,118.010002,102.132324,27.309999,83.77475
2022-09-29,353.482941,97.9785,114.800003,100.401604,25.459999,83.605034
2022-09-30,348.016846,96.04071,113.0,98.831642,25.129999,82.313438
2022-10-03,357.204895,99.187134,115.879997,101.886444,25.379999,86.659622
2022-10-04,368.273468,102.293602,121.089996,106.653046,27.6,89.817909
2022-10-05,367.416138,102.103813,120.949997,105.336227,26.389999,93.447578
2022-10-06,363.625885,102.123787,120.300003,103.189232,25.99,96.219337
2022-10-07,353.482941,99.456825,114.559998,101.128136,25.35,95.248283
2022-10-10,350.783997,98.597801,113.669998,100.183449,25.0,93.183601
2022-10-11,348.5625,97.938553,112.209999,97.292168,25.27,92.391685
2022-10-12,347.412781,98.188271,112.900002,98.866631,25.360001,92.797073
2022-10-13,356.58136,99.596664,112.529999,104.36293,25.559999,96.040215
2022-10-14,348.455292,97.069542,106.900002,106.099602,24.629999,93.513573
2022-10-17,357.409515,100.665443,113.790001,110.555801,25.959999,94.861748
2022-10-18,361.608978,101.27475,116.360001,113.399368,26.67,95.031448
2022-10-19,359.046448,100.176003,115.07,111.176048,24.540001,97.850342
2022-10-20,356.035736,100.415733,115.25,110.813438,24.41,97.98233
2022-10-21,364.687897,101.364655,119.32,116.634186,25.299999,99.801857
2022-10-24,369.150421,102.852959,119.82,116.777313,24.709999,100.499527
2022-10-25,375.045227,104.81073,120.599998,117.082657,26.870001,99.820724
2022-10-26,372.219635,94.712219,115.660004,118.428116,25.42,101.008621
2022-10-27,370.231903,92.494743,110.959999,118.895683,25.93,101.395149
2022-10-28,379.040009,96.470222,103.410004,120.307922,28.17,104.364891
2022-10-31,376.302094,94.552406,102.440002,120.117073,28.309999,104.46859
2022-11-01,374.655457,90.397133,96.790001,122.283142,28.389999,105.505646
2022-11-02,365.253021,86.971031,92.120003,121.157173,26.620001,103.337265
2022-11-03,361.492065,83.395096,89.300003,121.37664,26.290001,104.741997
2022-11-04,366.695068,86.601448,90.980003,124.697342,26.51,105.882751
2022-11-07,370.202728,88.54924,90.529999,125.355736,25.76,107.136635
2022-11-08,372.200104,88.808945,89.980003,125.432068,25.139999,107.476036
2022-11-09,364.532013,87.300659,86.139999,123.800369,23.110001,102.667885
2022-11-10,384.564575,94.062958,96.629997,128.895889,24.879999,104.176331
2022-11-11,388.28653,96.620056,100.790001,129.10582,26.1,107.428894
2022-11-14,384.983521,95.920845,98.489998,127.779465,26.049999,107.742516
2022-11-15,388.26709,98.607788,98.940002,126.853874,27.59,108.46479
2022-11-16,385.305084,98.87748,97.120003,127.025642,27.139999,107.305351
2022-11-17,384.126099,98.388039,94.849998,126.472191,27.76,107.447891
2022-11-18,385.870178,97.688835,94.139999,127.712646,27.6,106.516548
2022-11-21,384.467163,95.721077,92.459999,126.958824,25.16,105.461655
2022-11-22,389.640869,97.219368,93.199997,128.857712,26.299999,108.512314
2022-11-23,392.096313,98.707672,94.129997,130.231796,26.700001,107.970604
2022-11-25,392.008606,97.489059,93.410004,130.479904,26.17,107.590462
2022-11-28,385.753296,96.140594,93.949997,128.199326,25.290001,104.35923
2022-11-29,385.090759,95.33152,92.419998,130.308136,25.6,105.052994
2022-11-30,397.221313,101.334686,96.540001,131.853943,26.209999,105.813278
2022-12-01,396.929016,101.164879,95.5,130.002777,26.6,105.300087
2022-12-02,396.47113,100.715393,94.129997,128.972244,27.52,104.406746
2022-12-05,389.338867,99.756485,91.010002,125.355736,25.559999,101.546143
2022-12-06,383.726624,97.199387,88.25,125.565666,23.389999,98.723572
2022-12-07,383.073853,95.041847,88.459999,125.479805,22.26,98.504997
2022-12-08,386.074799,93.843208,90.349998,126.7966,24.790001,99.236771
2022-12-09,383.190735,92.964211,89.089996,126.109589,22.629999,98.400459
2022-12-12,388.71524,93.453651,90.550003,128.065735,22.67,100.823875
2022-12-13,391.657806,95.741051,92.489998,127.941673,21.0,101.926308
2022-12-14,389.153748,95.20166,91.580002,127.302345,21.049999,101.175507
2022-12-15,379.634399,91.096336,88.449997,124.143883,20.58,100.206146
2022-12-16,375.152344,90.756721,87.860001,123.370956,20.799999,99.502884
2022-12-19,371.971161,89.048668,84.919998,124.105713,19.92,99.949539
2022-12-20,372.480164,89.528122,85.190002,124.706886,20.26,101.394104
2022-12-21,378.049713,90.147415,86.769997,126.109589,20.559999,102.696083
2022-12-22,372.656372,88.159683,83.790001,124.678253,19.809999,100.624306
2022-12-23,374.800018,89.707916,85.25,125.269867,20.08,103.285316
2022-12-27,373.321991,87.830055,83.040001,125.708809,18.200001,104.72036
2022-12-28,368.682404,86.361725,81.82,126.395836,17.92,103.000206
2022-12-29,375.318787,88.848892,84.18,127.121048,18.33,103.779503
2022-12-30,374.330139,88.62915,84.0,127.96077,18.459999,104.824913
2023-01-03,372.754303,89.598038,85.82,128.934052,17.200001,101.22303
2023-01-04,375.631989,88.609169,85.139999,130.136383,17.32,101.517647
2023-01-05,371.344818,86.671371,83.120003,130.107544,16.219999,103.789017
2023-01-06,379.860474,88.059799,86.080002,132.597229,16.459999,105.043488
2023-01-09,379.645142,88.699066,87.360001,132.049301,16.379999,103.085739
2023-01-10,382.307526,89.138565,89.870003,133.231659,17.77,104.62532
2023-01-11,387.142914,92.155136,95.089996,134.221756,19.040001,105.841789
2023-01-12,388.552429,91.805534,95.269997,134.087189,20.629999,107.599953
2023-01-13,390.059814,92.694519,98.120003,137.470856,20.49,107.533432
2023-01-17,389.345276,92.055252,96.050003,135.346451,21.799999,107.324356
2023-01-18,383.198242,91.675674,95.459999,131.280304,20.790001,105.119514
2023-01-19,380.40863,93.803261,93.68,129.530777,19.040001,105.794273
2023-01-20,387.49527,99.167152,97.25,129.847992,19.610001,107.723511
2023-01-23,392.144684,101.094955,97.519997,131.953171,21.66,107.162788
2023-01-24,391.723846,99.097229,96.32,133.087463,21.4,108.160667
2023-01-25,391.870605,96.620056,97.18,133.731506,20.23,107.590462
2023-01-26,396.177429,99.047295,99.220001,134.558197,20.01,111.914612
2023-01-27,397.087708,100.595528,102.239998,134.88504,22.82,109.87133
2023-01-30,392.10556,97.838661,100.550003,133.74115,21.25,107.92308
2023-01-31,397.870819,99.756485,103.129997,134.538986,21.870001,110.251472
2023-02-01,402.099304,101.314713,105.150002,134.183304,21.83,109.04451
2023-02-02,407.952667,108.676331,112.910004,133.558487,22.700001,105.632713
2023-02-03,403.616425,105.100403,103.389999,135.625214,22.25,106.364487
2023-02-06,401.149811,103.352394,102.18,136.423065,23.860001,106.183929
2023-02-07,406.396301,107.917198,102.110001,138.08606,21.219999,109.215576
2023-02-08,401.952484,99.886337,100.050003,137.115173,21.1,108.265205
2023-02-09,398.467865,95.351494,98.239998,134.981155,19.67,108.673859
2023-02-10,399.397736,94.752174,97.610001,135.577133,19.27,113.254608
2023-02-13,404.086243,94.892014,99.540001,137.047897,19.690001,112.814079
2023-02-14,403.90033,94.842072,99.699997,137.653473,19.870001,111.492485
2023-02-15,405.211945,96.989632,101.160004,138.23024,21.799999,111.157303
2023-02-16,399.63266,95.671127,98.150002,136.326935,21.6,110.831696
2023-02-17,398.634308,94.482483,97.199997,136.730652,21.99,106.570045
2023-02-21,390.637299,91.945374,94.580002,134.221756,20.66,106.464691
2023-02-22,390.098969,91.695656,95.790001,133.193207,20.52,105.08564
2023-02-23,392.174042,90.966484,95.82,134.260208,20.139999,106.052887
2023-02-24,387.98468,89.248436,93.5,135.47142,19.540001,106.062469
2023-02-27,389.306152,89.997589,93.760002,136.653748,19.1,105.870941
2023-02-28,387.867249,90.197365,94.230003,137.797684,19.23,105.258026
2023-03-01,386.379456,90.40712,92.169998,137.028656,18.15,106.196556
2023-03-02,389.38443,92.20507,92.129997,135.606003,18.190001,106.684967
2023-03-03,395.629303,93.913124,94.900002,138.095688,18.700001,108.035278
2023-03-06,395.903381,95.471359,93.75,137.288223,18.65,108.99295
2023-03-07,389.834656,94.062958,93.550003,133.2509,18.059999,106.88607
2023-03-08,390.470947,94.542419,93.919998,132.462646,18.17,105.325073
2023-03-09,383.266754,92.55468,92.25,125.29158,17.52,104.51104
2023-03-10,377.73645,90.906555,90.730003,128.473373,17.25,103.218185
2023-03-13,377.19809,91.555817,92.43,126.166344,16.75,102.03067
2023-03-14,383.433197,94.142868,94.879997,129.405807,16.91,102.413742
2023-03-15,381.035065,96.440262,96.199997,123.29216,15.95,97.318916
2023-03-16,387.720367,100.955116,100.040001,125.685715,16.76,96.753868
2023-03-17,383.18692,102.343536,98.949997,120.937035,16.6,95.614235
2023-03-20,386.87146,101.81414,97.709999,122.215538,16.870001,98.11377
2023-03-21,391.951324,105.719688,100.610001,125.493439,17.65,102.509506
2023-03-22,385.269897,104.10154,98.699997,122.253998,23.870001,100.1632
2023-03-23,386.311462,106.139221,98.709999,121.927155,22.58,99.033142
2023-03-24,388.846436,105.939445,98.129997,120.071915,23.98,99.148056
2023-03-27,389.573486,102.942856,98.040001,123.51326,23.0,101.321991
2023-03-28,388.699036,101.244789,97.239998,123.888145,23.15,102.586113
2023-03-29,394.348785,101.784172,100.25,124.138077,22.459999,104.348236
2023-03-30,396.657776,101.204834,102.0,123.763176,22.5,104.855804
2023-03-31,402.248474,103.88179,103.290001,125.262756,23.02,105.018608
2023-04-03,403.781342,104.790756,102.410004,125.118568,23.17,111.21476
2023-04-04,401.541046,105.000519,103.949997,123.445961,22.35,110.151749
2023-04-05,400.489716,104.830704,101.099998,123.630035,22.07,112.038361
2023-04-06,402.051971,108.776222,102.059998,123.4944,22.4,110.180481
2023-04-10,402.464661,106.82843,102.169998,123.901291,22.370001,109.692062
2023-04-11,402.572723,105.999382,99.919998,124.51165,22.690001,110.467773
2023-04-12,400.931854,105.100403,97.830002,124.492279,22.26,110.352859
2023-04-13,406.257324,108.067024,102.400002,124.966988,22.549999,110.870003
2023-04-14,405.264954,109.335579,102.510002,134.403214,22.459999,111.138161
2023-04-17,406.719116,106.299034,102.739998,135.468918,22.280001,109.845291
2023-04-18,406.984375,105.000519,102.300003,136.989944,21.610001,111.990479
2023-04-19,406.915649,104.900627,104.300003,136.815552,21.309999,111.636131
2023-04-20,404.695038,105.779633,103.809998,136.418335,20.219999,110.745506
2023-04-21,405.009491,105.789619,106.959999,136.156754,20.49,111.099838
2023-04-24,405.431946,106.658623,106.209999,136.340851,19.93,113.197151
2023-04-25,398.996216,104.491096,102.57,133.376266,19.0,111.588249
2023-04-26,397.306213,104.331276,104.980003,131.01236,18.65,110.563545
2023-04-27,405.21582,108.246826,109.82,132.775604,18.940001,111.885132
2023-04-28,408.674438,108.096992,105.449997,133.928513,19.290001,113.331223
2023-05-01,408.261719,107.58757,102.050003,136.796158,18.549999,109.816559
2023-05-02,403.673218,105.859543,103.629997,134.587296,18.58,105.439987
2023-05-03,400.902405,105.999382,103.650002,131.738968,18.9,103.361832
2023-05-04,398.062775,105.090408,104.0,129.936981,19.35,101.551826
2023-05-05,405.431946,106.094269,105.660004,132.475281,20.42,104.080086
2023-05-08,405.540039,108.116966,105.830002,132.794983,20.51,104.49189
2023-05-09,403.761627,107.817314,106.620003,132.155579,20.24,104.520622
2023-05-10,405.648163,112.152374,110.190002,132.223389,20.76,103.179871
2023-05-11,404.940735,116.767128,112.18,131.806793,20.879999,101.312408
2023-05-12,404.410095,117.785965,110.260002,129.917618,20.690001,101.302834
2023-05-15,405.805389,116.827057,111.199997,131.01236,21.620001,101.496025
2023-05-16,403.093506,119.953491,113.400002,130.130768,21.99,99.032761
2023-05-17,407.986633,121.341919,115.5,134.131943,22.870001,101.254524
2023-05-18,411.91684,123.379593,118.150002,135.1492,23.049999,102.172211
2023-05-19,411.317444,123.109909,116.25,134.839157,22.059999,102.645538
2023-05-22,411.484528,125.726929,115.010002,133.725052,24.209999,101.399429
2023-05-23,406.866486,123.149864,114.989998,132.329956,23.16,102.780792
2023-05-24,403.918854,121.50174,116.75,131.118942,23.27,103.930298
2023-05-25,407.416718,124.208656,115.0,131.438629,23.35,102.065964
2023-05-26,412.693054,125.28743,120.110001,132.669037,23.25,101.399429
2023-05-30,412.850281,124.498329,121.660004,133.172821,24.57,100.501068
2023-05-31,410.560913,123.229774,120.580002,131.477432,24.049999,98.704338
2023-06-01,414.4617,124.228638,122.769997,133.289063,24.1,99.844193
2023-06-02,420.455231,125.087662,124.25,136.088943,24.639999,102.162552
2023-06-05,419.649567,126.486061,125.300003,134.751984,24.309999,101.708549
2023-06-06,420.563324,127.76461,126.610001,134.994186,24.690001,102.539291
2023-06-07,419.109131,122.800262,121.230003,136.302094,26.110001,104.838341
2023-06-08,421.644165,122.530563,124.25,136.340851,21.440001,104.509903
2023-06-09,422.400696,122.730339,123.43,136.612091,22.68,103.737114
2023-06-12,426.232666,124.208656,126.57,136.602402,24.299999,102.800102
2023-06-13,429.042816,124.288567,126.660004,137.590607,26.950001,102.81942
2023-06-14,429.553711,124.238617,126.419998,137.077133,25.700001,101.582962
2023-06-15,434.879181,125.647018,127.110001,138.627228,24.84,102.288132
2023-06-16,433.397888,123.918983,125.489998,138.791916,24.559999,101.553978
2023-06-20,431.149353,123.709221,125.779999,138.084702,24.58,99.22596
2023-06-21,428.940247,121.122169,124.830002,137.881256,24.43,100.336845
2023-06-22,430.488617,123.729202,130.149994,135.226685,24.32,99.786232
2023-06-23,427.23407,122.880165,129.330002,134.51947,23.700001,98.916847
2023-06-26,425.488556,118.954628,127.330002,134.848877,23.02,100.742561
2023-06-27,430.153259,118.874725,129.179993,134.858536,23.58,100.993713
2023-06-28,430.370239,120.942375,129.039993,134.267578,24.98,101.814796
2023-06-29,432.066498,119.873589,127.900002,138.956635,24.9,103.07058
2023-06-30,437.165161,120.832497,130.360001,140.903931,24.25,103.601875
2023-07-03,437.668182,120.422958,130.220001,142.037445,24.91,103.804726
2023-07-05,437.017242,122.490608,130.380005,141.091248,23.9,103.273445
2023-07-06,433.595154,120.792542,128.360001,139.696335,22.83,99.419159
2023-07-07,432.500427,120.003441,129.779999,140.798599,22.709999,99.651001
2023-07-10,433.595154,116.73716,127.129997,141.588715,23.540001,101.128952
2023-07-11,436.356506,117.576202,128.779999,143.80304,23.91,102.36541
2023-07-12,439.867401,119.484032,130.800003,144.515121,23.440001,102.867722
2023-07-13,443.358551,124.68811,134.300003,145.217453,23.459999,100.984055
2023-07-14,443.082397,125.557121,134.679993,146.095398,22.969999,97.506508
2023-07-17,444.620911,124.917847,133.559998,149.616806,22.82,97.931534
2023-07-18,447.924713,123.938965,132.830002,149.889938,23.08,97.487183
2023-07-19,448.920776,122.640442,135.360001,150.465454,23.17,98.163383
2023-07-20,445.942383,119.394135,129.960007,152.318832,22.91,99.892494
2023-07-21,445.942383,120.173248,130.0,151.148285,22.18,100.356163
2023-07-24,447.93457,121.741463,128.800003,154.123444,23.040001,101.930717
2023-07-25,449.15744,122.650429,129.130005,152.972412,22.85,102.085274
2023-07-26,449.226501,129.512619,128.149994,153.889343,22.700001,101.515343
2023-07-27,446.248169,129.722382,128.25,152.192032,22.219999,101.834114
2023-07-28,450.617035,132.85881,132.210007,153.060196,21.93,100.616989
2023-07-31,451.475006,132.958694,133.679993,154.084427,22.200001,103.592216
2023-08-01,450.183105,131.740082,131.690002,153.323563,21.5,102.993301
2023-08-02,443.920715,128.493774,128.210007,151.58725,20.83,101.708549
2023-08-03,442.648499,128.623642,128.910004,152.513962,20.93,103.476303
2023-08-04,440.646484,128.39389,139.570007,152.192032,20.98,103.76609
2023-08-07,444.492676,131.790039,142.220001,152.913879,21.07,103.553566
2023-08-08,442.559753,131.69014,139.940002,152.05545,20.74,104.065544
2023-08-09,439.601135,130.00206,137.850006,150.016724,19.93,105.833298
2023-08-10,439.758911,130.061996,138.559998,149.792389,20.190001,106.374252
2023-08-11,439.502502,130.022034,138.410004,150.660553,20.190001,108.026085
2023-08-14,441.928558,131.680161,140.570007,150.972702,19.959999,108.113014
2023-08-15,436.780579,130.121933,137.669998,147.129379,19.33,105.337395
2023-08-16,433.575409,128.963242,135.070007,146.505066,18.59,103.564888
2023-08-17,430.271637,130.311722,133.979996,144.983353,18.379999,105.571129
2023-08-18,430.47876,127.964386,133.220001,145.315002,18.360001,107.168335
2023-08-21,433.279541,128.783447,134.679993,145.812485,18.48,105.873047
2023-08-22,432.105957,129.542587,134.25,142.788559,17.26,105.278961
2023-08-23,436.91864,133.058594,135.520004,143.754272,16.889999,104.353745
2023-08-24,430.863373,130.271759,131.839996,143.617691,16.360001,103.574631
2023-08-25,433.900848,130.541458,133.259995,143.442123,17.129999,105.425049
2023-08-28,436.652405,131.640198,133.139999,143.93959,17.57,106.311295
2023-08-29,442.964081,135.335999,134.910004,145.110153,18.24,106.944328
2023-08-30,444.788605,136.774353,135.070007,144.524872,18.370001,107.986412
2023-08-31,444.137665,137.193878,138.009995,142.739777,18.549999,108.288322
2023-09-01,444.966095,136.644501,138.119995,143.217758,18.42,110.55751
2023-09-05,443.042969,136.554611,137.270004,141.637482,19.23,110.567253
2023-09-06,440.064636,135.216125,135.360001,141.403412,18.75,111.521675
2023-09-07,438.713562,136.045181,137.850006,140.193802,18.889999,110.976288
2023-09-08,439.374268,137.044052,138.229996,140.301132,17.709999,112.592979
2023-09-11,442.263885,137.583435,143.100006,140.915665,17.02,111.180817
2023-09-12,439.837799,135.915344,141.229996,142.749542,17.23,114.423912
2023-09-13,440.350616,137.343704,144.850006,142.817825,17.809999,113.401314
2023-09-14,444.147491,138.832016,144.720001,145.588135,18.33,115.42704
2023-09-15,438.796295,138.142807,140.389999,145.158936,18.219999,113.654526
2023-09-18,439.053619,138.802063,139.979996,145.461319,17.549999,114.57
2023-09-19,438.143097,138.672195,137.630005,145.27597,17.52,114.268089
2023-09-20,434.115112,134.437012,135.289993,144.661438,17.52,113.362358
2023-09-21,426.93988,131.210693,129.330002,143.529907,17.02,111.76516
2023-09-22,425.979919,131.100815,129.119995,142.154495,17.18,111.940453
2023-09-25,427.77124,132.01976,131.270004,142.856842,17.67,113.196793
2023-09-26,421.486725,129.302856,125.980003,141.37413,16.780001,113.372101
2023-09-27,421.654968,131.310577,125.980003,142.203278,17.15,117.063194
2023-09-28,424.099487,132.978683,125.980003,143.968857,16.84,116.352249
2023-09-29,423.070221,131.700134,127.120003,141.461914,16.459999,114.511566
2023-10-02,422.901947,135.016357,129.460007,140.242599,15.39,112.61245
2023-10-03,417.240997,133.148483,124.720001,139.208603,14.6,112.807236
2023-10-04,420.279297,136.115112,127.0,139.832886,14.87,108.590233
2023-10-05,420.120941,135.835434,125.959999,140.422485,14.71,106.145737
2023-10-06,425.108978,138.572311,127.959999,142.584351,15.08,104.37323
2023-10-09,427.830597,139.341431,128.259995,142.260086,15.4,108.025368
2023-10-10,430.057404,139.041779,129.479996,143.124817,16.0,107.567627
2023-10-11,431.819061,141.538925,131.830002,143.616135,15.82,103.710976
2023-10-12,429.186493,140.130524,132.330002,143.282028,15.09,103.691498
2023-10-13,427.048767,138.422485,129.789993,145.434082,14.92,107.002769
2023-10-16,431.541931,140.330322,132.550003,145.286667,14.43,107.080681
2023-10-17,431.522095,140.829742,131.470001,144.972214,14.12,108.483101
2023-10-18,425.772034,139.121689,128.130005,143.380325,13.85,110.002388
2023-10-19,422.031036,138.822021,128.399994,142.771057,13.16,110.070564
2023-10-20,416.845093,136.584579,125.169998,140.471619,13.44,108.181198
2023-10-23,416.12262,137.743256,126.559998,138.55542,13.44,106.593727
2023-10-24,419.259918,139.960724,128.559998,138.722488,14.04,105.561394
2023-10-25,413.242645,126.526016,121.389999,137.965836,13.71,105.756165
2023-10-26,408.294189,123.29969,119.57,138.319595,13.5,104.792007
2023-10-27,406.443512,123.259735,127.739998,133.337509,13.12,102.795502
2023-10-30,411.302856,125.607063,132.710007,135.037506,12.8,103.11689
2023-10-31,413.885956,125.157578,133.089996,136.649078,13.77,103.087669
2023-11-01,418.299957,127.424995,137.0,136.531143,13.01,102.883156
2023-11-02,426.316406,128.433853,138.070007,138.968155,13.64,106.262604
2023-11-03,430.205841,130.221802,138.600006,140.520767,13.87,104.967308
2023-11-06,431.195526,131.300583,139.740005,141.582031,13.53,103.107162
2023-11-07,432.422729,132.249496,142.710007,141.513245,13.64,101.490479
2023-11-08,432.739441,133.108521,142.080002,142.210938,13.28,100.243881
2023-11-09,429.364624,131.540314,140.600006,141.788391,12.7,100.273094
2023-11-10,436.064789,133.907623,143.559998,143.891281,12.54,101.04248
2023-11-13,435.649109,133.488098,142.589996,143.252563,12.14,102.104034
2023-11-14,444.101013,135.276062,145.800003,145.86644,12.9,102.497162
2023-11-15,445.041199,136.224991,143.199997,147.143921,13.27,101.877991
2023-11-16,445.585541,138.542343,142.830002,148.824265,12.53,100.698624
2023-11-17,446.139771,136.784348,145.179993,150.170517,13.03,103.15564
2023-11-20,449.573975,137.763229,146.130005,150.632355,12.8,102.703552
2023-11-21,448.594177,138.462433,143.899994,150.317902,12.55,102.664238
2023-11-22,450.326111,139.860855,146.710007,150.671661,12.29,102.221977
2023-11-24,450.60321,138.062897,146.740005,150.878021,12.2,102.772346
2023-11-27,449.791687,137.893082,147.729996,150.534103,11.91,102.172829
2023-11-28,450.237061,138.462433,147.029999,150.878021,13.49,102.113869
2023-11-29,449.920319,136.244949,146.320007,151.644516,16.25,100.580681
2023-11-30,451.691895,133.767776,146.089996,153.373993,14.55,100.973808
2023-12-01,454.364044,133.168472,147.029999,154.120804,15.3,101.219505
2023-12-04,451.978882,130.481522,144.839996,155.25087,16.98,100.669136
2023-12-05,451.889832,132.239517,146.880005,155.231216,14.91,98.713348
2023-12-06,450.068817,131.280594,144.520004,153.600006,14.84,97.406212
2023-12-07,453.503021,138.292633,146.880005,154.071671,16.360001,96.728073
2023-12-08,455.452698,136.48468,147.419998,155.771683,15.55,97.838654
2023-12-11,457.224243,134.54689,145.889999,156.341644,15.07,97.90744
2023-12-12,459.312439,133.488098,147.479996,157.73703,15.22,96.364433
2023-12-13,465.646454,133.817719,148.839996,158.267639,16.690001,97.219475
2023-12-14,467.140869,133.048599,147.419998,161.146866,17.440001,99.833755
2023-12-15,466.371704,133.687866,149.970001,162.365341,17.26,99.165443
2023-12-18,468.995087,137.034058,154.070007,163.348007,17.860001,99.902542
2023-12-19,471.847015,137.943039,153.789993,165.529526,17.719999,101.219505
2023-12-20,465.308472,139.501251,152.119995,163.66246,16.93,99.529076
2023-12-21,469.72049,141.638824,153.839996,164.595993,16.98,99.981178
2023-12-22,470.66449,142.55777,153.419998,164.497726,16.969999,100.158081
2023-12-26,472.651886,142.657669,153.410004,165.470566,17.360001,100.384125
2023-12-27,473.5065,141.279236,153.339996,166.463043,18.370001,99.912376
2023-12-28,473.685333,141.119415,153.380005,167.347458,18.07,98.467644
2023-12-29,472.314026,140.769806,151.940002,167.150925,17.530001,98.261261
2024-01-02,469.670776,139.401367,149.929993,169.096588,16.67,100.600334
2024-01-03,465.835144,140.200455,148.470001,168.359604,16.690001,101.445564
2024-01-04,464.334625,137.883087,144.570007,169.476852,16.360001,100.561028
2024-01-05,464.970642,137.233841,145.240005,170.327148,15.96,100.8657
2024-01-08,471.608521,140.37027,149.100006,170.079987,15.79,99.185089
2024-01-09,470.893066,142.397949,151.369995,168.735321,15.16,97.956581
2024-01-10,473.556152,143.636551,153.729996,169.091263,15.73,96.993431
2024-01-11,473.347504,143.506699,155.179993,168.379379,15.25,96.97377
2024-01-12,473.675385,144.07605,154.619995,167.143463,14.75,98.231766
2024-01-16,471.936401,143.916229,153.160004,166.095428,13.98,96.010628
2024-01-17,469.31308,142.727585,151.710007,165.205566,14.08,95.312836
2024-01-18,473.486603,144.825195,153.5,165.53186,14.29,95.135925
2024-01-19,479.38916,147.801804,155.339996,168.389252,14.51,95.28334
2024-01-22,480.40274,147.542114,154.779999,168.191513,14.9,95.155579
2024-01-23,481.803833,148.511002,156.020004,167.084152,14.18,96.226845
2024-01-24,482.330505,150.179108,156.869995,168.577118,13.95,97.887787
2024-01-25,484.953857,153.465363,157.75,170.989594,14.52,100.37429
2024-01-26,484.337769,153.615189,159.119995,170.337051,14.49,101.22934
2024-01-29,488.173401,154.664001,161.259995,170.781967,14.78,101.357101
2024-01-30,487.795837,152.876038,159.0,174.282059,14.55,103.047531
2024-01-31,479.836304,141.638824,155.199997,172.393585,14.23,101.042603
2024-02-01,486.116516,142.547791,159.279999,171.770691,14.42,100.629822
2024-02-02,491.234039,143.376831,171.809998,172.759415,14.73,100.217041
2024-02-05,489.445374,144.765259,170.309998,172.532013,13.46,99.804268
2024-02-06,490.866364,145.24472,169.149994,173.125244,14.1,100.492233
2024-02-07,494.960388,146.51326,170.529999,173.451508,14.07,100.462746
2024-02-08,495.179016,147.052658,169.839996,172.828629,14.35,102.182663
2024-02-09,498.040863,150.049255,174.449997,173.036255,14.66,100.020485
2024-02-12,497.822235,148.560944,172.339996,173.807449,14.73,101.396416
2024-02-13,490.965698,146.203629,168.639999,172.294708,14.17,100.523499
2024-02-14,495.427429,146.972748,170.979996,174.044739,14.41,100.027527
2024-02-15,498.845764,143.776398,169.800003,177.841446,14.51,102.894249
2024-02-16,496.361511,141.598862,169.509995,177.01091,14.12,102.894249
2024-02-20,493.628845,142.038361,167.080002,177.703018,13.49,101.922142
2024-02-21,494.075958,143.676498,168.589996,178.859833,13.41,104.005219
2024-02-22,504.301117,145.154831,174.580002,181.005356,13.36,103.915955
2024-02-23,504.648926,145.124847,174.990005,181.914993,13.51,103.003357
2024-02-26,502.800629,138.592285,174.729996,181.292084,13.68,103.410057
2024-02-27,503.734711,139.940765,173.539993,181.381073,14.21,103.191826
2024-02-28,503.06897,137.273788,173.160004,182.300583,14.24,103.479492
2024-02-29,504.877472,139.621109,176.759995,183.961624,14.27,103.677879
2024-03-01,509.617371,137.92305,178.220001,183.200302,14.95,104.987244
2024-03-04,509.070862,134.047455,177.580002,184.574631,15.22,103.519173
2024-03-05,503.983154,133.62793,174.119995,186.423553,15.0,104.788857
2024-03-06,506.536957,132.409317,173.509995,187.392502,15.26,105.909752
2024-03-07,511.565033,135.086288,176.820007,185.751221,15.26,106.504921
2024-03-08,508.494537,136.135071,175.350006,186.097275,14.65,107.506783
2024-03-11,508.057312,138.782074,171.960007,186.166473,14.43,108.141624
2024-03-12,513.522705,139.461288,175.389999,187.699005,14.72,107.447266
2024-03-13,512.717712,140.610001,176.559998,189.221634,14.87,108.647514
2024-03-14,511.704193,144.175934,178.75,185.850082,14.63,110.571884
2024-03-15,508.190521,142.008392,174.419998,188.153824,14.24,110.373497
2024-03-18,511.210754,148.311218,174.479996,190.487213,13.91,111.395203
2024-03-19,514.051636,147.751862,175.899994,191.604462,13.41,112.178833
2024-03-20,518.806274,149.509857,178.149994,194.115814,13.48,112.079636
2024-03-21,520.520752,148.570938,178.149994,196.815018,13.66,112.575607
2024-03-22,519.533936,151.597488,178.869995,194.402542,13.1,112.575607
2024-03-25,518.098572,150.978195,179.710007,192.622849,15.12,113.726265
2024-03-26,517.141663,151.527573,178.300003,193.522568,15.5,112.873192
2024-03-27,521.48761,151.767303,179.830002,197.269836,13.17,114.043686
2024-03-28,521.387939,152.086929,180.380005,198.041046,12.52,115.303452
2024-04-01,520.480835,156.322113,180.970001,196.696381,11.99,116.047409
2024-04-02,517.17157,155.692825,180.690002,196.617279,11.28,118.318962
2024-04-03,517.739685,156.192261,182.410004,196.063599,11.38,118.338806
2024-04-04,511.420105,151.767303,180.0,194.571854,11.53,118.755417
2024-04-05,516.762878,153.76503,185.070007,196.361938,11.25,120.392128
2024-04-08,517.05188,155.962524,185.190002,197.386261,10.83,119.578735
2024-04-09,517.650024,157.960251,185.669998,196.063583,11.01,120.203651
2024-04-10,512.466736,157.480804,185.949997,194.392853,10.85,121.215431
2024-04-11,516.334229,160.607224,189.050003,194.353058,11.29,120.808739
2024-04-12,509.207245,159.009064,186.130005,181.782715,10.77,119.400185
2024-04-15,502.82785,156.152313,183.619995,181.882172,10.06,118.715736
2024-04-16,501.910797,155.822678,183.320007,179.803696,10.37,117.733719
2024-04-17,498.940369,156.701691,181.279999,179.087662,10.3,117.674194
2024-04-18,497.913666,157.281021,179.220001,180.251205,10.31,117.565079
2024-04-19,493.567688,155.542999,174.630005,184.776138,10.42,118.914124
2024-04-22,498.113037,157.770462,177.229996,188.366241,10.01,119.588646
2024-04-23,504.023956,159.73822,179.539993,191.081192,10.16,120.054863
2024-04-24,503.784729,160.916885,176.589996,192.016022,10.93,120.074707
2024-04-25,501.870911,157.770462,173.669998,192.304413,11.21,120.352448
2024-04-26,506.62558,173.492569,179.619995,192.423767,11.9,117.009598
2024-04-29,508.419769,167.709152,180.960007,192.21492,11.29,118.676064
2024-04-30,500.365784,164.452866,175.0,190.683411,11.09,117.317093
2024-05-01,498.741028,165.381805,179.0,190.80275,10.91,115.095146
2024-05-02,503.405945,168.268524,184.720001,190.603851,12.76,115.303452
2024-05-03,509.645844,168.797928,186.210007,189.460175,16.469999,115.065392
2024-05-06,514.908875,169.636963,188.699997,190.941971,16.309999,115.809349
2024-05-07,515.477051,172.783371,188.759995,190.693344,16.309999,115.234016
2024-05-08,515.526855,170.965454,188.0,194.571854,15.92,115.21418
2024-05-09,518.497253,171.384979,189.5,196.411667,18.01,117.485733
2024-05-10,519.165161,170.096436,187.479996,197.674667,17.459999,117.009598
2024-05-13,519.234863,170.705734,186.570007,197.634888,30.450001,116.960007
2024-05-14,521.617188,171.734573,187.070007,200.399567,48.75,117.669998
2024-05-15,528.076416,173.682358,185.990005,200.996262,39.549999,118.580002
2024-05-16,526.989868,175.230591,183.630005,201.354279,27.67,117.870003
2024-05-17,527.747437,177.08847,184.699997,203.661484,22.209999,119.639999
2024-05-20,528.355469,178.257156,183.539993,194.502243,23.139999,118.669998
2024-05-21,529.651245,179.335922,183.149994,198.420532,22.120001,117.849998
2024-05-22,528.126221,177.797668,183.130005,197.217194,21.120001,115.480003
2024-05-23,524.268677,174.861008,181.050003,195.834854,18.32,113.510002
2024-05-24,527.737488,176.129578,180.75,199.603973,19.0,113.419998
2024-05-28,528.106262,177.817657,182.149994,198.400635,23.780001,114.860001
2024-05-29,524.408203,177.198349,182.020004,197.018295,21.24,113.629997
2024-05-30,520.929382,173.362717,179.320007,198.231583,22.610001,113.989998
2024-05-31,525.674133,173.762268,176.440002,201.513397,23.139999,117.260002
2024-06-03,526.102722,174.221741,178.339996,200.70787,28.0,114.449997
2024-06-04,526.690857,174.930939,179.339996,198.062515,26.5,112.669998
2024-06-05,532.950623,176.868744,181.279999,196.172974,31.57,113.120003
2024-06-06,532.940674,178.147278,185.0,195.824921,46.549999,113.970001
2024-06-07,532.292786,175.75,184.300003,198.84816,28.219999,112.75
2024-06-10,533.937439,176.630005,187.059998,198.51004,24.83,113.080002
2024-06-11,535.223328,178.190002,187.229996,193.288971,30.49,112.169998
2024-06-12,539.619141,179.559998,186.889999,190.474564,25.459999,110.93
2024-06-13,540.705627,176.740005,183.830002,192.592834,29.120001,110.040001
2024-06-14,541.034607,178.369995,183.660004,192.712158,28.700001,109.110001
2024-06-17,545.340637,178.779999,184.059998,193.905548,25.219999,108.360001
2024-06-18,546.726196,176.449997,182.809998,195.914413,24.700001,109.379997
2024-06-20,545.240967,177.710007,186.100006,197.575211,25.59,111.739998
2024-06-21,544.51001,180.259995,189.080002,195.218277,23.93,110.760002
2024-06-24,542.73999,180.789993,185.570007,197.784058,23.65,114.050003
2024-06-25,544.830017,185.580002,186.339996,196.978531,24.93,114.370003
2024-06-26,545.51001,185.369995,193.610001,196.342041,24.200001,114.410004
2024-06-27,546.369995,186.860001,197.850006,198.072464,25.09,114.900002
2024-06-28,544.219971,183.419998,193.25,201.145432,24.690001,115.120003
2024-07-01,545.340027,184.490005,197.199997,204.317856,23.33,114.959999
2024-07-02,549.01001,186.610001,200.0,207.67923,23.98,114.18
2024-07-03,551.460022,187.389999,197.589996,207.540009,24.370001,114.760002
2024-07-05,554.640015,191.960007,200.0,204.789993,24.18,113.370003
2024-07-08,555.280029,190.479996,199.289993,205.169998,24.450001,112.18
2024-07-09,555.820007,190.440002,199.339996,207.630005,24.6,110.940002
2024-07-10,561.320007,192.660004,199.789993,207.800003,24.969999,111.919998
2024-07-11,556.47998,187.300003,195.050003,207.449997,25.57,113.25
2024-07-12,559.98999,186.779999,194.490005,204.940002,26.049999,113.269997
2024-07-15,561.530029,188.190002,192.720001,210.050003,27.0,115.209999
