Date,cov_kurt_20,cov_std_40,cov_kurt_120,IC
2020-01-02,,,,0.4591707011685951
2020-01-03,0.0,0.0,0.0,0.5407791530810335
2020-01-06,0.0,0.0,0.0,0.5868029168350527
2020-01-07,0.0,0.0,0.0,0.6508561924957262
2020-01-08,0.0,0.0,0.0,0.7177012307032665
2020-01-09,0.0,0.0,0.0,0.7938789232930495
2020-01-10,0.0,0.0,0.0,0.830971809539176
2020-01-13,0.0,0.0,0.0,0.8657295602651832
2020-01-14,0.0,0.0,0.0,0.8954344470239355
2020-01-15,0.0,0.0,0.0,0.9163394688263434
2020-01-16,0.0,0.0,0.0,0.9343432379194228
2020-01-17,0.0,0.0,0.0,0.945683111210568
2020-01-21,0.0,0.0,0.0,0.9560656158806028
2020-01-22,0.0,0.0,0.0,0.9626988839040692
2020-01-23,0.0,0.0,0.0,0.9678953304780832
2020-01-24,0.0,0.0,0.0,0.9722093892366658
2020-01-27,0.0,0.0,0.0,0.9765926195294536
2020-01-28,0.0,0.0,0.0,0.9806392309153038
2020-01-29,0.0,0.0,0.0,0.9832352023332352
2020-01-30,0.0,0.0,0.0,0.9857746461584356
2020-01-31,0.0,0.0,0.0,0.988130124360724
2020-02-03,0.0,0.0,0.0,0.990444293352231
2020-02-04,0.0,0.0,0.0,0.9909523153490696
2020-02-05,0.0,0.0,0.0,0.9898788771314164
2020-02-06,0.0,0.0,0.0,0.989513561000248
2020-02-07,0.0,0.0,0.0,0.9893639165697776
2020-02-10,0.0,0.0,0.0,0.989293658211454
2020-02-11,0.0,0.0,0.0,0.9887812617973524
2020-02-12,0.0,0.0,0.0,0.9879036471385036
2020-02-13,0.0,0.0,0.0,0.9870233343222078
2020-02-14,0.0,0.0,0.0,0.9840530764741888
2020-02-18,0.0,0.0,0.0,0.980145039182686
2020-02-19,0.0,0.0,0.0,0.9726304266949564
2020-02-20,0.0,0.0,0.0,0.9671024986139278
2020-02-21,0.0,0.0,0.0,0.9590372623778022
2020-02-24,0.0,0.0,0.0,0.9522587627597258
2020-02-25,0.0,0.0,0.0,0.9457235089933792
2020-02-26,0.0,0.0,0.0,0.941921682384043
2020-02-27,0.0,0.0,0.0,0.9368411654263408
2020-02-28,0.6808803132377872,0.0,0.0,0.934437696404229
2020-03-02,0.6897308611716289,0.0,0.0,0.9386080092948744
2020-03-03,0.6903151131743728,0.0,0.0,0.9403791056685118
2020-03-04,0.7051072459894956,0.0,0.0,0.9443340260907368
2020-03-05,0.7194400835549023,0.0,0.0,0.9393806479255826
2020-03-06,0.7335056445017385,0.0,0.0,0.938357617811506
2020-03-09,0.7481119188856125,0.0,0.0,0.9368755789453016
2020-03-10,0.7504701778828066,0.0,0.0,0.9381394325015886
2020-03-11,0.7665140903933403,0.0,0.0,0.9392624282239675
2020-03-12,0.7864575860103064,0.0,0.0,0.9418746481675648
2020-03-13,0.7912496299436548,0.0,0.0,0.9437368908564008
2020-03-16,0.7938623103143624,0.0,0.0,0.9489274570786204
2020-03-17,0.7801304462776484,0.0,0.0,0.9456191560702348
2020-03-18,0.7698074398022415,0.0,0.0,0.9439822365791872
2020-03-19,0.7669492864761216,0.0,0.0,0.9387982299216544
2020-03-20,0.7804130955096081,0.0,0.0,0.9358039520801916
2020-03-23,0.8059170183647838,0.0,0.0,0.9253350078111536
2020-03-24,0.896546078035142,0.0,0.0,0.9056564418377996
2020-03-25,0.9054334980331646,0.0,0.0,0.8944389545256755
2020-03-26,0.9417938601410929,0.0,0.0,0.8865224145943527
2020-03-27,0.8799984688054007,0.0,0.0,0.8869130715313325
2020-03-30,0.7814333007946913,0.0,0.0,0.8815448112220209
2020-03-31,0.6893891959910645,0.0,0.0,0.8793363890507256
2020-04-01,0.6984128936459368,0.0,0.0,0.8715842792634061
2020-04-02,0.7257697077201319,0.0,0.0,0.8533626333072668
2020-04-03,0.7654508823875271,0.0,0.0,0.8656210792750157
2020-04-06,0.7410708001050376,0.0,0.0,0.8760448787893984
2020-04-07,0.7355234632393026,0.0,0.0,0.8822319941690621
2020-04-08,0.7474955453925082,0.0,0.0,0.9001166085168899
2020-04-09,0.7530089299919122,0.0,0.0,0.9262283321137308
2020-04-13,0.7737620073090568,0.0,0.0,0.9367716177171348
2020-04-14,0.7840654653078605,0.0,0.0,0.9427340362974254
2020-04-15,0.8032893610706406,0.0,0.0,0.9419770463512994
2020-04-16,0.8178251758988715,0.0,0.0,0.9402113732473464
2020-04-17,0.8209368315653593,0.0,0.0,0.9426252770263212
2020-04-20,0.815123964409487,0.0,0.0,0.9409084355543736
2020-04-21,0.7963821226170131,0.0,0.0,0.932559182714238
2020-04-22,0.7743870576774429,0.0,0.0,0.9210069147758574
2020-04-23,0.7560898578972302,0.0,0.0,0.906913392947547
2020-04-24,0.7309834563490216,0.0,0.0,0.8963896759239843
2020-04-27,0.7135886807076297,0.9134969443451819,0.0,0.8849180477562175
2020-04-28,0.6913889599660983,0.8993623334681178,0.0,0.8702642747584176
2020-04-29,0.6703950474114316,0.8856462429710519,0.0,0.8590711384104432
2020-04-30,0.7018780668948736,0.8748585982042656,0.0,0.8581130988684803
2020-05-01,0.6586143381138527,0.8691138447744853,0.0,0.8528482264809246
2020-05-04,0.5586565939341054,0.8696705986218639,0.0,0.8308096751378751
2020-05-05,0.5680250987291384,0.8785757774856165,0.0,0.8036295926507998
2020-05-06,0.5838831697202873,0.8931597897405517,0.0,0.7741070496962076
2020-05-07,0.5540285952070797,0.9134923806258423,0.0,0.728090200155871
2020-05-08,0.5447963532315769,0.934318354515565,0.0,0.6782804984133449
2020-05-11,0.5393576541233389,0.9501959201179442,0.0,0.633189024069077
2020-05-12,0.5347021759336961,0.9654984810495486,0.0,0.5712114394572951
2020-05-13,0.5298192720266847,0.9759705702021687,0.0,0.518179888879353
2020-05-14,0.5126768129455123,0.9839755200210959,0.0,0.4459369563834856
2020-05-15,0.5109296213508128,0.9897441090635454,0.0,0.3760334922216973
2020-05-18,0.5217201244768028,0.993635345393554,0.0,0.2899802714857511
2020-05-19,0.5977636475544004,0.9957637676071766,0.0,0.2589329546659255
2020-05-20,0.5658393427092108,0.9964861691633515,0.0,0.1919150059928582
2020-05-21,0.5222672250756524,0.9967679892622178,0.0,0.125868112077102
2020-05-22,0.5023610736701384,0.9966539544426144,0.0,0.0823133160015093
2020-05-26,0.4915310200657979,0.9965343098701803,0.0,0.0185444344923659
2020-05-27,0.5307082383393428,0.9963216156636896,0.0,-0.0072644384878193
2020-05-28,0.5442486050207063,0.9961961876119467,0.0,-0.0244296074707104
2020-05-29,0.5622889408146341,0.9960583906760382,0.0,-0.0533321287808348
2020-06-01,0.5823621339570939,0.995738110873478,0.0,-0.0756298664897787
2020-06-02,0.6795240475849876,0.995008516582686,0.0,-0.0890185232571764
2020-06-03,0.6496550786814914,0.9933216422099216,0.0,-0.1107808235181822
2020-06-04,0.4595335340975984,0.9911548392872603,0.0,-0.1329634865951825
2020-06-05,0.3783919581760664,0.9881302590383416,0.0,-0.1504305551427784
2020-06-08,0.24200900258917213,0.9834541650338757,0.0,-0.201980358073107
2020-06-09,0.2403532855224074,0.9764970324947457,0.0,-0.3240988743992758
2020-06-10,0.236654928209085,0.9667672147767501,0.0,-0.449967168464824
2020-06-11,0.24090682137576186,0.9555471424430559,0.0,-0.5401448550919987
2020-06-12,0.21293249000245978,0.9424419158247737,0.0,-0.4829724357864209
2020-06-15,0.25661245146425055,0.929298698723801,0.0,-0.4054331736560761
2020-06-16,0.3626623181704039,0.9161335997788302,0.0,-0.3163165633747942
2020-06-17,0.5954446234234847,0.9049873641428512,0.0,-0.2857163214684441
2020-06-18,0.6064496411166462,0.8954886366734511,0.0,-0.2395750131019317
2020-06-19,0.6580030102948159,0.8867511850130221,0.0,-0.2018157098590347
2020-06-22,0.6404540863595709,0.8789885802575723,0.0,-0.1678005503542309
2020-06-23,0.6391842061846984,0.8707085110935946,0.0,-0.1391739606197803
2020-06-24,0.6180027560830198,0.8596158929474121,0.0,-0.1260285483240867
2020-06-25,0.753957383611109,0.8469339696946344,0.0,-0.1486111762491263
2020-06-26,0.7421731359110089,0.8317623576329864,0.0,-0.1013731362069078
2020-06-29,0.6559617141318196,0.8177963944200751,0.0,-0.177151106047863
2020-06-30,0.5222329863307112,0.8071349732731805,0.0,-0.2485660735505422
2020-07-01,0.34508464071253553,0.7969191805905795,0.0,-0.3003775336551593
2020-07-02,0.32650514869972935,0.7823672080858458,0.0,-0.3505610562816772
2020-07-06,0.31082260940251993,0.7643395484662331,0.0,-0.3963008793357155
2020-07-07,0.4446190738215197,0.7412858994026337,0.0,-0.4475566792292059
2020-07-08,0.4174537679891429,0.7067190145709568,0.0,-0.5270461217661879
2020-07-09,0.41629325812677553,0.6532925994532255,0.0,-0.5572889181750507
2020-07-10,0.31851319719069837,0.578064686563727,0.0,-0.637491336541778
2020-07-13,0.22359320215790487,0.4713270321523842,0.0,-0.6069142274761141
2020-07-14,-0.0012587371161560056,0.3504932893754852,0.0,-0.6204705502759481
2020-07-15,-0.15294701813840406,0.22770981640583,0.0,-0.552583864804632
2020-07-16,-0.2685338778768286,0.13311146837934662,0.0,-0.488737788139086
2020-07-17,-0.31512216602970067,0.11472638149826744,0.0,-0.4561976408165744
2020-07-20,-0.3323914023431777,0.11087978515292521,0.0,-0.4424234257579403
2020-07-21,-0.337983399157692,0.10823890720796894,0.0,-0.4425250970366313
2020-07-22,-0.37325398367772206,0.11302294005853322,0.0,-0.4069621618243761
2020-07-23,-0.3546770906546702,0.1261315581020016,0.0,-0.358331540658221
2020-07-24,-0.34853187567249805,0.15468928912744104,0.0,-0.2739051751094767
2020-07-27,-0.20099832998197847,0.19973408823582228,0.0,-0.2007333998463291
2020-07-28,-0.19209746310603176,0.2468827851747625,0.0,-0.0539029585721592
2020-07-29,-0.22751003364912387,0.2837903547110187,0.0,0.0750727273915903
2020-07-30,-0.2926167919344468,0.3005354894621286,0.0,0.1608712586204291
2020-07-31,-0.21671965947538988,0.334128062984204,0.0,0.191567301347034
2020-08-03,-0.09916502644500923,0.3829051112704952,0.0,0.2332659694018793
2020-08-04,-0.07965519494955302,0.4316641033661325,0.0,0.2595104382879296
2020-08-05,-0.1375086603790359,0.42457219716157757,0.0,0.2817967913247303
2020-08-06,-0.18600957416669114,0.3510895519621999,0.0,0.3219293951119808
2020-08-07,-0.26814326788902404,0.25364299118836864,0.0,0.3206019247389393
2020-08-10,-0.3125479778272172,0.19337815595879065,0.0,0.3452661733420322
2020-08-11,-0.25916115218918284,0.14919984556696836,0.0,0.3444541249549975
2020-08-12,-0.14853308508194732,0.10492263748876027,0.0,0.3739239900185512
2020-08-13,-0.03595318038610797,0.04866140540047379,0.0,0.3581649960879851
2020-08-14,0.023057515718859518,-0.006049724473937423,0.0,0.3175229662690005
2020-08-17,0.06445635355784878,-0.0641998563337147,0.0,0.2952229004135274
2020-08-18,0.013964250680381174,-0.12467597876718739,0.0,0.2800463940783034
2020-08-19,-0.05651898490769014,-0.191341692929118,0.0,0.2712043929461112
2020-08-20,-0.06411468213346277,-0.2647951307609909,0.0,0.2710697971804559
2020-08-21,-0.07750518277747007,-0.3326512669301511,0.0,0.2803027175619964
2020-08-24,-0.244430092831153,-0.40581486482375817,0.0,0.2813737839977989
2020-08-25,-0.4234349715633966,-0.47605650099324154,0.0,0.2689663983565353
2020-08-26,-0.5513310020926624,-0.5373077825633741,0.0,0.2534977833104287
2020-08-27,-0.7112543292655512,-0.5984118214864148,0.0,0.2106056476931739
2020-08-28,-0.7034565253716654,-0.661375254925609,0.0,0.177001578207532
2020-08-31,-0.7185516964522505,-0.7186161400314803,0.0,0.1176723457691977
2020-09-01,-0.7117337225410718,-0.7745619794619455,0.0,0.1275103995199489
2020-09-02,-0.6471221327280917,-0.8288509999539817,0.0,0.0784500355104816
2020-09-03,-0.6411640811624708,-0.8753988623433392,0.0,-0.0010897057590236
2020-09-04,-0.6328343120667091,-0.9127404357646125,0.0,-0.0420392230924726
2020-09-08,-0.6860196637096256,-0.9288075022032821,0.0,-0.0787323925112482
2020-09-09,-0.7183502832698979,-0.9337132171776974,0.0,-0.0629106032329313
2020-09-10,-0.7215595239127958,-0.9314393940542558,0.0,-0.1093583171837317
2020-09-11,-0.7173159203471211,-0.9288808266329888,0.0,-0.1241283638699048
2020-09-14,-0.7036422377586465,-0.9245730580938393,0.0,-0.0047112424116788
2020-09-15,-0.6900084364149415,-0.9199194940368427,0.0,0.100460362561966
2020-09-16,-0.6062141879325904,-0.9138235508910306,0.0,0.1850666102946533
2020-09-17,-0.4170424536682861,-0.9078679562672718,0.0,0.2426337348414131
2020-09-18,0.007789723056306053,-0.9017824207143349,0.0,0.3562762463539236
2020-09-21,0.3872578672869534,-0.8958666915801998,0.0,0.5191027332756983
2020-09-22,0.4332862870306576,-0.8894071217956423,0.0,0.6357849767400797
2020-09-23,0.4813313525154289,-0.8826854404774955,0.0,0.6848622630158802
2020-09-24,0.34717718221640115,-0.8764215608335825,0.0,0.7316437130202019
2020-09-25,0.15874182567575612,-0.8708879356910082,0.0,0.7700488011651259
2020-09-28,-0.053616782327477984,-0.8681750986185287,0.0,0.7934401649413021
2020-09-29,-0.17409963885854976,-0.8695737962799571,0.0,0.8141846919885953
2020-09-30,-0.25711819632574506,-0.8760720537517608,0.0,0.8330938418646169
2020-10-01,-0.39454951788740206,-0.8866342050330553,0.0,0.8498440440969409
2020-10-02,-0.42626082194508336,-0.9009124734466905,0.0,0.8533573897449666
2020-10-05,-0.4973920012284007,-0.9127649687321584,0.0,0.8572787428058747
2020-10-06,-0.5425427587158691,-0.9229429740772617,0.0,0.8654704263624263
2020-10-07,-0.5229260114575279,-0.9312260826509954,0.0,0.8728670696192422
2020-10-08,-0.4901628243926318,-0.9387215744310886,0.0,0.8808334681234823
2020-10-09,-0.47857803189765163,-0.943202135909552,0.0,0.8886450601282414
2020-10-12,-0.46644836142361285,-0.9456608125999116,0.0,0.8951354892866327
2020-10-13,-0.35675724467342784,-0.9466907389194859,0.0,0.899957374634112
2020-10-14,-0.31166970161724905,-0.9465182931984888,0.0,0.8989403169209159
2020-10-15,-0.3459083104600974,-0.9453581528941644,0.0,0.8974241221442099
2020-10-16,-0.432965098679645,-0.9436092874852153,0.0,0.8980792554079768
2020-10-19,-0.5024204264063151,-0.9427830399884229,0.0,0.9025415769287194
2020-10-20,-0.503395100466984,-0.9425570899679496,0.0,0.9034465759794624
2020-10-21,-0.545699342539195,-0.9483302415990721,0.0,0.9059829280447386
2020-10-22,-0.5436138610891892,-0.958556827806601,0.0,0.9071976788229618
2020-10-23,-0.5066104587032634,-0.9660619047160441,0.0,0.9075893240985838
2020-10-26,-0.4807014227088313,-0.9683247834536803,0.0,0.9077706629805228
2020-10-27,-0.45560817121996716,-0.960403154534854,0.0,0.9050580004392887
2020-10-28,-0.41401138653059205,-0.9400358397821031,0.0,0.9004943578849474
2020-10-29,-0.1770003951750644,-0.9115443918681863,0.0,0.8910895639832398
2020-10-30,-0.06748228090227995,-0.8561759934132608,0.0,0.8842048590194173
2020-11-02,0.00934308393039986,-0.7919777007596389,0.0,0.8815170048707014
2020-11-03,0.03872026419496109,-0.7132412198680705,0.0,0.8877534058228566
2020-11-04,0.10456546342383925,-0.6229413045768262,0.0,0.8847960187357655
2020-11-05,0.18583208163135645,-0.5353442728523519,0.0,0.8704899554206471
2020-11-06,0.24986890126364375,-0.4776850582519123,0.0,0.8617811583546083
2020-11-09,0.3091124862017548,-0.4529309362440907,0.0,0.8528907491357965
2020-11-10,0.2576530723519927,-0.4769482621160536,0.0,0.853724438776243
2020-11-11,0.22918541683496466,-0.5311656870444772,0.0,0.85836660662101
2020-11-12,0.22358596707744866,-0.5847375735526115,0.0,0.8605713978718654
2020-11-13,0.2630637284974418,-0.6313486876142947,0.0,0.8562290109058163
2020-11-16,0.31727025462935365,-0.6602941959463309,0.0,0.846207604867631
2020-11-17,0.3190301502557539,-0.6623785204344534,0.0,0.8448722596385989
2020-11-18,0.3524409912702333,-0.6442767075928957,0.0,0.847296138831599
2020-11-19,0.42392473047281837,-0.6347524257202989,0.0,0.852487805488078
2020-11-20,0.45523281313465835,-0.6279914164750535,0.0,0.8506812068263748
2020-11-23,0.48191281945735504,-0.6186667700213548,0.0,0.8410877709645546
2020-11-24,0.49687679183136835,-0.5951080532341685,0.0,0.8385257347839485
2020-11-25,0.48778146848563964,-0.5412620556030172,0.0,0.8380825950347747
2020-11-27,0.4257800516679372,-0.46320388406998436,0.0,0.836934632828626
2020-11-30,0.15058617698056526,-0.36385452922773776,0.0,0.8331333298967624
2020-12-01,-0.008327564591123571,-0.26061944686319455,0.0,0.8122482405368628
2020-12-02,-0.04586838022401089,-0.14058542374335953,0.0,0.8041653537582147
2020-12-03,-0.044303794843633774,-0.008035333073744,0.0,0.7915206664198415
2020-12-04,-0.05546231676287104,0.1369416476561906,0.0,0.7882509457126022
2020-12-07,-0.06577476662842162,0.2873849404107428,0.0,0.7947050059869943
2020-12-08,-0.03244624502454795,0.42708008175658413,0.0,0.8073410807847378
2020-12-09,0.011508423996347054,0.5429839866758283,0.0,0.8278766893676031
2020-12-10,0.07172675592991992,0.6357903784841172,0.0,0.8442136824850367
2020-12-11,0.11300053606140566,0.7091380252279492,0.16057944773178712,0.8668183603547275
2020-12-14,0.15864315674471996,0.7647436370605362,0.16451492163533518,0.8838535429584677
2020-12-15,0.17364854592347506,0.8058904535163183,0.17061243094253464,0.8935624506428598
2020-12-16,0.19348838657747267,0.8383678043465682,0.17734224580405342,0.9020432441200446
2020-12-17,0.20219958731253626,0.8618877977096331,0.18973086472621026,0.9109691704480888
2020-12-18,0.1831958096646544,0.880419707762701,0.2048360261279982,0.9145185447105676
2020-12-21,0.16293507323094986,0.8950345130410413,0.22160177296002156,0.9152535725753356
2020-12-22,0.09709870254739936,0.9065784857169202,0.23985018887891066,0.8991718579511758
2020-12-23,0.0065221042627151005,0.9152940151263682,0.25911827427724515,0.880934181947716
2020-12-24,-0.007752751245293418,0.9222217901388143,0.2786377982131802,0.8749472754200582
2020-12-28,0.0004886917804857088,0.9257211522542909,0.29883429124938926,0.8287122709839322
2020-12-29,0.10819423518457234,0.9278859171736915,0.31890558988571427,0.7852890632881306
2020-12-30,0.1538425326671844,0.914532115368365,0.33969707840957175,0.7744022688944517
2020-12-31,0.20617415211487788,0.8756486308736321,0.360639455577102,0.7509619054686587
2021-01-04,0.167642931075245,0.8175559088116662,0.38190739037916166,0.696300252276245
2021-01-05,0.23099342233950287,0.7514645561347499,0.4032258355935964,0.5565404688701678
2021-01-06,0.33986766751723624,0.6942537892463216,0.42410637618434754,0.482870097152373
2021-01-07,0.3036140344573996,0.6525006044327963,0.4442687845949275,0.4032756557338001
2021-01-08,0.13061013724001608,0.6243588978181631,0.462538605545051,0.3960410530942977
2021-01-11,0.0017299499503513282,0.6073519097397535,0.47885882265182445,0.413880513020995
2021-01-12,0.06431042047627143,0.6015715764830107,0.49341913650249947,0.442887259393059
2021-01-13,0.004799534902906499,0.606782140924506,0.5063862828265424,0.4718932418718044
2021-01-14,-0.10317416774377368,0.6261727578961127,0.5171361965832947,0.4985318437058986
2021-01-15,-0.2540470152916513,0.6490909828710316,0.524701109642934,0.517647805470856
2021-01-19,-0.25804160475182664,0.6767770734292412,0.5307028832197915,0.5252918711457664
2021-01-20,-0.11021893445565316,0.701666650040957,0.5353041419880508,0.5207856264086094
2021-01-21,0.013307644524291696,0.7254565443350657,0.5383157411558822,0.522287993771395
2021-01-22,0.12801165227815942,0.7560047481532147,0.5405130444277126,0.5234824904116766
2021-01-25,0.21197872292866093,0.7863955264519051,0.5417158629728032,0.5178281206963589
2021-01-26,0.2662851663186816,0.8053207833173005,0.5420681783297846,0.517208793910527
2021-01-27,0.2824328165548257,0.8203091345971085,0.5418247076341343,0.516519088917644
2021-01-28,0.21342339763021673,0.8348332950346731,0.5409363734714876,0.4761049269209578
2021-01-29,0.22038032560671597,0.8534136452122665,0.5396415280747149,0.440272945443739
2021-02-01,0.20056812761142293,0.8766450332670223,0.5378357113575,0.3379346691641532
2021-02-02,0.1949915990277604,0.8978136824104851,0.5365227739393797,0.2276229493435402
2021-02-03,0.20841989306624015,0.9167650528373587,0.536446929504669,0.1640015908751237
2021-02-04,0.22103833288370814,0.9305958058469507,0.5381112261443834,0.0885027022758877
2021-02-05,0.19524953928116506,0.9418846615293999,0.5393523558344003,0.0500017959271375
2021-02-08,0.24731743887550722,0.9501746596372198,0.539015044633823,0.028672940335437
2021-02-09,0.4091670850791907,0.9552352053895763,0.5365154280645154,0.0148644409035699
2021-02-10,0.340017569243317,0.9554337688071666,0.5328445688311775,-0.0092019958357667
2021-02-11,0.271853957545253,0.950484637274525,0.527818239723564,-0.0441914192609571
2021-02-12,0.2975942517570654,0.9428835120457414,0.5220639038030935,-0.08265807249217
2021-02-16,0.42763480060395465,0.9323713981350963,0.5155961090811526,-0.0835810723273888
2021-02-17,0.45305070711181683,0.9143396865226207,0.50808357502972,-0.0925525512608722
2021-02-18,0.4042720426423337,0.8859918624447806,0.4999229981844492,-0.1109220003027526
2021-02-19,0.306861911913297,0.8465342040777507,0.4917635846326128,-0.1539565826134832
2021-02-22,0.1841005054531626,0.7953562317714128,0.48252710702920304,-0.2261768648820089
2021-02-23,0.032678354724221634,0.7296141944587589,0.47258223212818806,-0.2829627481318516
2021-02-24,-0.1229135930314055,0.6572686267235136,0.4609496927458933,-0.3371228501958295
2021-02-25,-0.22271528959507267,0.6059078534741703,0.4447151863671916,-0.3623052574024037
2021-02-26,-0.19286164603896985,0.6031229150224368,0.42447367207019193,-0.4149789392727389
2021-03-01,-0.017536673252905886,0.6349895345360325,0.3995632401897249,-0.5021552662991043
2021-03-02,0.13792884184363682,0.6219166465529928,0.3670103526440351,-0.4921541773755013
2021-03-03,0.22228980034524648,0.567650414937091,0.32682485620681617,-0.4750560289974759
2021-03-04,0.2313480272819637,0.45810520531685955,0.2763329976271803,-0.506011758914387
2021-03-05,0.24035244612044643,0.32041439349567497,0.22630153771842257,-0.4664271911446119
2021-03-08,0.2544221727308026,0.13941188605548413,0.2023186953394798,-0.3872689758961131
2021-03-09,0.21060943463053294,-0.018212997350816253,0.17964168207157102,-0.2593553241759873
2021-03-10,0.19588913412858142,-0.13725474119938724,0.1579451865022157,-0.1343988310968132
2021-03-11,0.21276310299444862,-0.23488856192746144,0.13093757751896065,0.0422864198859428
2021-03-12,0.2313055858408069,-0.3142197652672636,0.10069324700769067,0.1638061090618916
2021-03-15,0.24404836715910005,-0.36616110566914317,0.0625694307605387,0.2701889226095578
2021-03-16,0.26296262714710117,-0.3902614390130749,0.01674523114683663,0.3049749640957902
2021-03-17,0.2806070471471992,-0.410307369233497,-0.01837395593328221,0.3388903114957608
2021-03-18,0.28668184571450717,-0.42198716709883166,-0.045440941012841206,0.3929372835520072
2021-03-19,0.2976469489190658,-0.42725084232417065,-0.044322649058751294,0.4016042526753919
2021-03-22,0.3696019933341669,-0.433619360808977,-0.03956532786974479,0.394175220567581
2021-03-23,0.465885928251409,-0.44054298489941407,-0.028398256250930082,0.3746142093883096
2021-03-24,0.543753619861713,-0.4419170937972015,-0.018123981562752075,0.3434016628564976
2021-03-25,0.5741255590105933,-0.44240968519517904,-0.010543181482847304,0.3333825527423466
2021-03-26,0.5977887761694871,-0.4573164723566963,-0.004275853077739241,0.3268658021074093
2021-03-29,0.5218901218042722,-0.48201008114605803,-0.0025802907740965384,0.3424179313091621
2021-03-30,0.3831862052882901,-0.5055682092576923,-0.0036991728556306797,0.3596851974524659
2021-03-31,0.3539651356692335,-0.5148249949078394,-0.008799551937263849,0.3588465036101618
2021-04-01,0.17763334241489975,-0.5103138471795946,-0.019675528597801046,0.3237831759857795
2021-04-05,0.029047298164749286,-0.49741285001332464,-0.03572167352114457,0.3514737347175002
2021-04-06,-0.1257485131036473,-0.49096419234210814,-0.049454568097951256,0.3555418687620088
2021-04-07,0.060297921240096364,-0.48509703080744904,-0.06606143743644302,0.3433987327789087
2021-04-08,0.14441608917403753,-0.4831020551640048,-0.0836602351067674,0.3569040885747463
2021-04-09,0.04917898124400353,-0.4939374685213944,-0.1034283866622835,0.3497579799257539
2021-04-12,-0.08602043944903934,-0.5221431057436893,-0.12593659196244691,0.3612046006804257
2021-04-13,-0.21586734035880922,-0.564999752220922,-0.14974422839626206,0.3638209609356624
2021-04-14,-0.347443715075651,-0.6103691192824187,-0.17603058165641283,0.3848176864086129
2021-04-15,-0.48965303588412257,-0.6528040499002087,-0.20392430046219895,0.4005268703203224
2021-04-16,-0.4670190329876083,-0.6903431824778765,-0.23022482989062715,0.4292470786540789
2021-04-19,-0.4546849151987664,-0.7239212868869405,-0.2540531215192851,0.4810345881993459
2021-04-20,-0.4552738363396198,-0.7535497135867802,-0.2758882223729431,0.4935268850747943
2021-04-21,-0.4640766629949765,-0.777352596014716,-0.2948661184114632,0.4713052565062099
2021-04-22,-0.48366403232785415,-0.7961250682814419,-0.31289341410464583,0.4654639146941942
2021-04-23,-0.5032334273982093,-0.8103906794356538,-0.33429162781943567,0.4387389363859295
2021-04-26,-0.4953959369951817,-0.82189808677673,-0.3571372203125663,0.4792408640055566
2021-04-27,-0.4834702670293122,-0.8323454885439823,-0.3792361907557574,0.530762894686526
2021-04-28,-0.47953244255292604,-0.8406562162050302,-0.39433785768713725,0.5894028329191063
2021-04-29,-0.4015432043323693,-0.8479625666705217,-0.40407910581511125,0.6324255765235614
2021-04-30,-0.2919934196816242,-0.8554151008438909,-0.4091829085703048,0.6631001492042583
2021-05-03,-0.27146741199088686,-0.8621573420063104,-0.41341628042424233,0.6858624639910256
2021-05-04,-0.1656306806322264,-0.8670290045350585,-0.41493964737083944,0.7056286769630133
2021-05-05,-0.1082006124283968,-0.8694434709543014,-0.41580480153454136,0.7066807819699703
2021-05-06,-0.07466675328102557,-0.8699780488664297,-0.41512166119651944,0.6987205543480793
2021-05-07,-0.08367355803097008,-0.8689198275191522,-0.4132734955077755,0.6559542327805572
2021-05-10,-0.10015366683609077,-0.8675976185570834,-0.41036249657914414,0.5847866211078745
2021-05-11,-0.10123827448598818,-0.8665004674541503,-0.4077518855204321,0.5424357165947361
2021-05-12,-0.08792197231467495,-0.8665811407879417,-0.40694789575142803,0.4967640613162636
2021-05-13,-0.15795582220083082,-0.8666444648890455,-0.40818368571263475,0.4522310101050819
2021-05-14,-0.30390016010392973,-0.8686122560597797,-0.410157601434109,0.3873254571283852
2021-05-17,-0.419788647698865,-0.871705969862475,-0.41417202506886663,0.3121029849348842
2021-05-18,-0.508267913576025,-0.8762185259155103,-0.42029934663247437,0.2636297596109412
2021-05-19,-0.5821749895294299,-0.883070554985343,-0.43099877761523897,0.1821803773918544
2021-05-20,-0.6191717862033753,-0.8901735006082818,-0.4405366783363998,0.111504132656472
2021-05-21,-0.6617661630625051,-0.8947873853463854,-0.4367726759877083,0.0106935819400618
2021-05-24,-0.7179634983163382,-0.8886659249461129,-0.4265990988936474,-0.0840645356653124
2021-05-25,-0.7625979235217506,-0.8843879556241774,-0.41442526647336825,-0.1611148162705408
2021-05-26,-0.7782754733481183,-0.8639469919934613,-0.4019216427056682,-0.27609381378069
2021-05-27,-0.7786802456341436,-0.8245743544914703,-0.3895887993744657,-0.3464077084792611
2021-05-28,-0.7780439844117462,-0.7660481877838634,-0.3774993423719672,-0.4247450486243455
2021-06-01,-0.7534375127763017,-0.7032193664900682,-0.3654516494465959,-0.4966264359006577
2021-06-02,-0.7267991081159548,-0.658198392876504,-0.35370696002494395,-0.5284732764829367
2021-06-03,-0.7216442946811783,-0.6352745062561685,-0.3424419148837269,-0.5607481523140397
2021-06-04,-0.6453950779472655,-0.6430189687894498,-0.33225089470441355,-0.5900166018335392
2021-06-07,-0.4789918285671072,-0.680138084505655,-0.323303656455897,-0.60594348875612
2021-06-08,-0.3299658471870607,-0.7431678721943494,-0.31544274196592864,-0.6303914485796925
2021-06-09,-0.24541538468033292,-0.8019963654112054,-0.30969949591185786,-0.6443389194854345
2021-06-10,-0.22290793281896212,-0.8450576381255874,-0.3058773986282205,-0.647407206153389
2021-06-11,0.0028134236134124357,-0.8770858892696957,-0.3064747884576878,-0.6521452722280283
2021-06-14,0.19259089574755348,-0.9000533207296172,-0.31023010323916084,-0.651888602754697
2021-06-15,0.4199327848631153,-0.9096979605041844,-0.3165617855781254,-0.6486752260033377
2021-06-16,0.5788913303492516,-0.9108520946314467,-0.32537543780300454,-0.6323725987861394
2021-06-17,0.7692238666894321,-0.9116992625903354,-0.3362407867392516,-0.614286370195369
2021-06-18,0.7655653966383141,-0.9117252372613629,-0.348776057737695,-0.6211712149256132
2021-06-21,0.7278841480911102,-0.9041452037504808,-0.3631000929470934,-0.6764111694884158
2021-06-22,0.595737182034539,-0.8833191794955949,-0.3780587890452935,-0.6617848522981459
2021-06-23,0.4516781666408408,-0.8458451274492091,-0.39384217881127503,-0.6262327163245275
2021-06-24,0.3294156074033458,-0.7983201734307258,-0.40998685533270407,-0.6011913863542809
2021-06-25,0.15905027391765017,-0.755920699468866,-0.42602594548745965,-0.573771983441355
2021-06-28,-0.03412360192930447,-0.7227639400262602,-0.44227848122697483,-0.5388221674653634
2021-06-29,-0.10246583413244341,-0.6730380180363728,-0.45925787873360224,-0.5093548803995921
2021-06-30,-0.1575342701399523,-0.6097630171320344,-0.4766375381636273,-0.4834233944595964
2021-07-01,-0.1826697300253138,-0.5364943770366501,-0.49258927702610067,-0.4320318625251246
2021-07-02,-0.11622250167611929,-0.4713912854775161,-0.5061589896781187,-0.3968848501416374
2021-07-06,0.05242308993962571,-0.4098896652938647,-0.5164256948059387,-0.3978429478435017
2021-07-07,0.09771365096128555,-0.36036840188867936,-0.5227683413245136,-0.4046761411713282
2021-07-08,0.07502257171349691,-0.3236783598318472,-0.5250241395029038,-0.3966178963347633
2021-07-09,0.11873117133324658,-0.2904957009295834,-0.5243302526133286,-0.3749645082967172
2021-07-12,0.08530545519698089,-0.2717845198625709,-0.5203509804189397,-0.3692279293300016
2021-07-13,0.13053119280777592,-0.26700008852171575,-0.5120576941220375,-0.3787046755874141
2021-07-14,0.24236093905007486,-0.30291277092016744,-0.5004027754617357,-0.364654569714864
2021-07-15,0.3238049213155236,-0.39674112878670875,-0.48459091616859096,-0.3406305946646332
2021-07-16,0.5131338520553067,-0.511114586767742,-0.4655066357556432,-0.3061571501012957
2021-07-19,0.5296506136338566,-0.6099358119697943,-0.44475836782362826,-0.2928930815616949
2021-07-20,0.10936847558454907,-0.6729529472102117,-0.4243611956834253,-0.3992029958661395
2021-07-21,0.016283605580505577,-0.6958279899588831,-0.40752473233377934,-0.4600849947178865
2021-07-22,0.010648829839384595,-0.7015661930691456,-0.3917992403430803,-0.4364440438541612
2021-07-23,0.050169093832556855,-0.6839516431360814,-0.3852489861857222,-0.3338106010251246
2021-07-26,0.04999591996995835,-0.6330580928470919,-0.3831483526054316,-0.2356764102841856
2021-07-27,-0.031194958688603086,-0.5689901322391322,-0.38336249852664217,-0.2063993541788462
2021-07-28,0.025340178305755384,-0.5022007016741625,-0.384665280182202,-0.1785566073031128
2021-07-29,0.04934740614847709,-0.4313482977439224,-0.3864882330681493,-0.1347297192751522
2021-07-30,0.06848613331820426,-0.3571528349324343,-0.3878814082035518,-0.1020431112217151
2021-08-02,0.0778709906581629,-0.27812581736464786,-0.3877662807996517,-0.2036616418014853
2021-08-03,-0.06787145231780276,-0.19588473417391955,-0.38707307625217974,-0.2748628839467246
2021-08-04,-0.08085150236792281,-0.11540293282457367,-0.385643034640147,-0.3449267782155713
2021-08-05,-0.007021295878677569,-0.03652385756492317,-0.3852061233523205,-0.4108039709007327
2021-08-06,0.17423851873354673,0.040536103385491275,-0.3854880467452254,-0.5047919026074297
2021-08-09,0.3466487250856347,0.12290613488903346,-0.3856944547148243,-0.5451600531409281
2021-08-10,0.434397316323124,0.20411290496061268,-0.38567273213400294,-0.5677229117641307
2021-08-11,0.4556838239905142,0.2787811901526298,-0.3863893295371321,-0.5688325731003938
2021-08-12,0.46535256847901946,0.35680623012835383,-0.3880234196379281,-0.5705074082932666
2021-08-13,0.4879553490946371,0.4324250079132086,-0.38946839324789545,-0.5931234491992676
2021-08-16,0.5643576662411421,0.49761174047253454,-0.39045693875446247,-0.6150511335492763
2021-08-17,0.6893111785992361,0.5361352591935387,-0.39056706629053417,-0.6266098806067466
2021-08-18,0.7488181408681,0.5511808130854613,-0.3904257475037139,-0.5975868275519567
2021-08-19,0.5906250047936694,0.5413766132001763,-0.3909171060127837,-0.5624877925101162
2021-08-20,0.16752632570657,0.501925227362136,-0.39100889424700846,-0.5385072155483367
2021-08-23,-0.015324907657216502,0.44943320742358406,-0.39087385808607866,-0.4611807285202224
2021-08-24,-0.14221078843683646,0.4100566556969934,-0.3908947603457677,-0.3581363097367437
2021-08-25,-0.23073524938672038,0.3523041211493683,-0.3910842519675804,-0.2773624691731074
2021-08-26,-0.27708060151619607,0.28917902028113324,-0.39058016028973663,-0.2020213981219136
2021-08-27,-0.268494111444532,0.2302071093313411,-0.38999533250689805,-0.112316440882584
2021-08-30,-0.23505344927114522,0.20290776057622667,-0.3895440461981686,-0.0096281402894871
2021-08-31,-0.18275952633941323,0.20962962013063305,-0.38896564727697297,0.0621244305107487
2021-09-01,-0.10765747136186152,0.23238805317691677,-0.3885005059640798,0.148248175643644
2021-09-02,0.010636042400319146,0.266596763967007,-0.3880099104135292,0.2362513474988131
2021-09-03,0.13915131905243033,0.3017774613005424,-0.38756372870225453,0.3249556427958455
2021-09-07,0.1901841630275656,0.31228477391251275,-0.38730611511820023,0.4022968162509634
2021-09-08,0.1809934687519727,0.31687152178402594,-0.3870846120801164,0.4613106052414626
2021-09-09,0.20934591734808308,0.32621601523673427,-0.3870587629078583,0.5222425521701421
2021-09-10,0.20750409818092894,0.3433893069585511,-0.38727409041276395,0.5762388463526219
2021-09-13,0.161768278727702,0.36306724426490045,-0.3875436510824078,0.6196745001070454
2021-09-14,0.003100210738525416,0.386085334363592,-0.3877783113267515,0.6588093226149134
2021-09-15,0.06585191151782124,0.4437034050142981,-0.38784403974961484,0.6851624989998408
2021-09-16,0.12352362347952543,0.501674731865473,-0.38736660672560663,0.7115620169935167
2021-09-17,0.029493585051520933,0.5517765285169459,-0.3864330665223449,0.7374011492947914
2021-09-20,-0.05775456640084518,0.5923641844258271,-0.38476964778128625,0.759827682008338
2021-09-21,-0.37356005146113647,0.6194841836200131,-0.38208069301156183,0.7765041345044992
2021-09-22,-0.4993530693577018,0.6388542046180624,-0.37815310746325703,0.798195678262529
2021-09-23,-0.5008592925548211,0.654849110666061,-0.3731136367442603,0.8263114540706131
2021-09-24,-0.4710894992839679,0.6678242043458805,-0.36745044204473915,0.8174111074956378
2021-09-27,-0.4376445289955586,0.6784024061674309,-0.3612667133324595,0.8278442244990523
2021-09-28,-0.2685557971269321,0.6813490921490788,-0.3541916727484501,0.8345042305800463
2021-09-29,-0.2795058893960747,0.6761835085551797,-0.3464131046069532,0.8242764754826107
2021-09-30,-0.2732754325532237,0.6650738794546729,-0.3381165563018606,0.8014893357308094
2021-10-01,-0.266310511650104,0.6510102232675323,-0.32979198010802774,0.7596853384703677
2021-10-04,-0.21865548942803992,0.6309298951964605,-0.3208963342748213,0.7165882822690042
2021-10-05,-0.14145127052673218,0.6082670252894956,-0.311227356179268,0.7042731997993557
2021-10-06,-0.03189611623409028,0.5825178451712729,-0.30094164916943267,0.6885719918822852
2021-10-07,0.08612795070685113,0.5545424110439475,-0.2906466906827576,0.6585640178437676
2021-10-08,0.1693840464668109,0.5280807607554682,-0.28041107129657256,0.6251241616339519
2021-10-11,0.21960436182486517,0.5079317876060601,-0.2702100825243864,0.603768682858881
2021-10-12,0.24734423683602108,0.4953278311302576,-0.26001894686182264,0.567774266267529
2021-10-13,0.26937359110639464,0.49570040035079577,-0.24843404694845433,0.5234255249383548
2021-10-14,0.2653588189660371,0.5082082415068518,-0.23640561387817227,0.4590023314916269
2021-10-15,0.25215452733667215,0.5287053400259284,-0.22408278000899842,0.4039850421642952
2021-10-18,0.291803339018479,0.5610550437226247,-0.21324032023832026,0.3780525646586258
2021-10-19,0.3673074394689242,0.5998501624325601,-0.2037475027383317,0.3105362675526883
2021-10-20,0.5705297668054173,0.635567079824991,-0.19456956634268485,0.2984384062393111
2021-10-21,0.6983952307917559,0.6701183802639583,-0.185554784592315,0.316018721705034
2021-10-22,0.7371116079660363,0.7028237386321987,-0.17663521760593726,0.3441190009418185
2021-10-25,0.808715507438477,0.7346019823945747,-0.16910715932448253,0.332636420422763
2021-10-26,0.686297178354746,0.7610004908497281,-0.1634197974898813,0.3294808861898138
2021-10-27,0.4402375653807805,0.7843108855535275,-0.15817543471391435,0.355434529108904
2021-10-28,0.26858091544864743,0.8053479538952448,-0.15398111757615912,0.3432755818270366
2021-10-29,0.2420942396925747,0.825259439676065,-0.1515791819453898,0.3196799286744039
2021-11-01,0.25121082614586154,0.8431020996546928,-0.1513220085017341,0.283157812496728
2021-11-02,0.27132351079689926,0.8623400844732547,-0.15064796819684734,0.2723310889721002
2021-11-03,0.2733406416198565,0.8800794729774493,-0.151946776059122,0.2624782422709719
2021-11-04,0.23048634492568326,0.8908458246662171,-0.15650329033735794,0.2924497631168141
2021-11-05,0.16072688458138623,0.8907484365787093,-0.1649725954627118,0.3592183027065309
2021-11-08,0.0762139114078776,0.8785597312249708,-0.1768596278765237,0.3541939014491609
2021-11-09,0.024878716267153062,0.8592248466406496,-0.1901999414927395,0.3360925601057138
2021-11-10,0.029834486853956947,0.8304961419765405,-0.20414782943109208,0.3100553096373267
2021-11-11,0.06817502832468905,0.8016080808332054,-0.2194171316506256,0.2943141316051506
2021-11-12,0.08162366181050455,0.7703637605416096,-0.23641317204835724,0.3061998102139478
2021-11-15,0.04989747451948383,0.7306886904300349,-0.25492363419627817,0.3221437142902772
2021-11-16,-0.023676613831979065,0.6800312210595229,-0.2743473887239433,0.2866130153011425
2021-11-17,-0.21150141680984474,0.6132065528598339,-0.2943284778272221,0.249722887434575
2021-11-18,-0.2982178130754519,0.5268294206718759,-0.31424963413245544,0.1410104309609417
2021-11-19,-0.34206202361868926,0.4198387023768818,-0.3344316075951536,0.0199123341109967
2021-11-22,-0.024082402449838603,0.2909143299296356,-0.3537751537300396,-0.1006313668226684
2021-11-23,0.12051763318050894,0.14788645021740568,-0.37218648968481616,-0.2134626375889413
2021-11-24,0.3099772114059447,0.004429358526963379,-0.389600137292976,-0.2963246084189929
2021-11-26,0.38476852131200917,-0.13565467142011073,-0.40601002721137536,-0.3895006032533566
2021-11-29,0.3875601543633824,-0.26189909823122925,-0.4214297064872163,-0.4659654408382106
2021-11-30,0.32869863638895624,-0.36676891418459634,-0.43491644847773936,-0.5242751731928259
2021-12-01,0.15836951980897912,-0.43717709893748485,-0.44676920893990396,-0.5792504034457525
2021-12-02,-0.02370382945848848,-0.4848972078882946,-0.4572831423952145,-0.6307778873099618
2021-12-03,-0.12024023156920012,-0.5163032744361798,-0.46616685470900154,-0.6349320045971178
2021-12-06,-0.15663483659383098,-0.5352231595710916,-0.47377712152712675,-0.6407136105021302
2021-12-07,-0.15650149549467482,-0.5378401291304629,-0.4801582522101844,-0.6681269495985507
2021-12-08,-0.14756317245898007,-0.5231734991658115,-0.4849833756688755,-0.6712352350335054
2021-12-09,-0.13717559890853395,-0.48834885480068363,-0.486222705862628,-0.6750184835595943
2021-12-10,-0.14999748324743656,-0.43086563733547456,-0.48493115695274847,-0.6760092815272096
2021-12-13,-0.16972176588647234,-0.36302056324192167,-0.4822769141461822,-0.658921768610587
2021-12-14,-0.18531183586449224,-0.28898301086333056,-0.47766937221546435,-0.6642557038153245
2021-12-15,-0.20486380752365738,-0.21063438950862232,-0.4724100165492993,-0.6855417732820035
2021-12-16,-0.21756403655249773,-0.1318516647526409,-0.46770639971526623,-0.6930125133671486
2021-12-17,-0.21194329761199932,-0.05271563719112269,-0.46123150536322677,-0.6991985001540467
2021-12-20,-0.20911568961670474,0.021588529657669286,-0.45248966365654314,-0.7181792742899111
2021-12-21,-0.05255933435248926,0.08764197440251616,-0.44194363257474173,-0.7600079315493968
2021-12-22,0.010549921449385035,0.15020431296124023,-0.42877907841754065,-0.7724798099313358
2021-12-23,-0.07602572624906251,0.21300678164396017,-0.4128656219564617,-0.7680194708524956
2021-12-27,-0.0700413695284037,0.2729274983412724,-0.39443828308143103,-0.7519374521219196
2021-12-28,-0.03018305730451602,0.326875105726694,-0.3763455633263721,-0.7289667762987206
2021-12-29,-0.061076953550624535,0.37761911496114303,-0.357634909224066,-0.7135268269154518
2021-12-30,-0.24062923777823206,0.42776863413015886,-0.3384836964508987,-0.6933512774487098
2021-12-31,-0.4458798660598168,0.4741258261024652,-0.3187676678201831,-0.6730507449916966
2022-01-03,-0.5560400084395042,0.51291245010223,-0.29816033370191236,-0.6463770419107258
2022-01-04,-0.549933998809711,0.5428104612820377,-0.27758881450795647,-0.607374045552834
2022-01-05,-0.5020126969775551,0.5616702039404524,-0.25736173761866954,-0.5718016702011545
2022-01-06,-0.4880060568500463,0.5716791778584511,-0.23713245530565039,-0.584847942667982
2022-01-07,-0.4755069662805176,0.570164118094109,-0.21865277380019124,-0.6031682995270397
2022-01-10,-0.4311403576864322,0.5529555094905791,-0.2011438244599434,-0.5873639072747179
2022-01-11,-0.34557026575882654,0.5119061276201297,-0.1866257823241325,-0.5729280469928258
2022-01-12,-0.285632312487348,0.4080780979090931,-0.1692313966950666,-0.567795248970045
2022-01-13,-0.3448311833171184,0.25653381119237667,-0.1584361995853456,-0.5374702985448832
2022-01-14,-0.3663465776841212,0.11721970709251325,-0.15676761398651826,-0.4752331734805314
2022-01-18,-0.39251051995801145,0.01692196884962912,-0.16306898379648402,-0.4190116425795498
2022-01-19,-0.44269938032976164,-0.04393738675105828,-0.17561680686487877,-0.3782617068243658
2022-01-20,-0.549945222572082,-0.06633409474842743,-0.18989872707424085,-0.3413459360405984
2022-01-21,-0.6010190674186029,-0.05525243701673953,-0.20378676880862007,-0.2958386461597796
2022-01-24,-0.6241162826828073,0.0006650905271293305,-0.2181494481717222,-0.2786215477210051
2022-01-25,-0.6576317232992589,0.09396658261524521,-0.2336873410533222,-0.259816388625233
2022-01-26,-0.6476842125877954,0.2326402550973785,-0.2487182511206754,-0.2375780864155929
2022-01-27,-0.6206178864046582,0.39645752431685044,-0.2629286266686704,-0.2028342773652751
2022-01-28,-0.5928166327301018,0.5471372235464594,-0.27687643867683803,-0.2013599169131397
2022-01-31,-0.574193520670078,0.6643349929411809,-0.2900469776655232,-0.1585926926417404
2022-02-01,-0.5500652578253378,0.7539048822965995,-0.30044166787861337,-0.0795742463831998
2022-02-02,-0.5544927407824474,0.8243846068567351,-0.3061496964612365,-0.0567084721868356
2022-02-03,-0.628621107362475,0.8755348438863176,-0.3095597699744636,-0.0230294225524289
2022-02-04,-0.7051753363715111,0.9106022643236699,-0.3131006789761165,0.013098692297484
2022-02-07,-0.8009888649954284,0.9319763347885068,-0.3158775833479766,0.0290755292256094
2022-02-08,-0.8495447306390884,0.9433137103267647,-0.3172973871357624,0.039178226531745
2022-02-09,-0.8398441314812743,0.9502779874100831,-0.3166030036286802,0.0735425023930409
2022-02-10,-0.834911538606123,0.9542249797692393,-0.31544442056579364,0.1251825708677365
2022-02-11,-0.8235002882227368,0.9565089465471491,-0.3146068788249074,0.1459752036077416
2022-02-14,-0.8063690446937286,0.958360226766052,-0.31522038069415076,0.142692630408303
2022-02-15,-0.7573950982416962,0.9599122997424517,-0.3159420349064633,0.1516337193520316
2022-02-16,-0.7344346255110685,0.9609222712286343,-0.31695860599005155,0.1590093719917917
2022-02-17,-0.7120602920330508,0.9614028739477763,-0.317183204055637,0.1672732803417868
2022-02-18,-0.7005559337060995,0.9609876082294919,-0.3186042679406506,0.1777393757730628
2022-02-22,-0.8087697434493947,0.9589354105209115,-0.32142366907755515,0.1776566965145499
2022-02-23,-0.8551589784573645,0.9542226940367684,-0.3248750136678849,0.1407742412240673
2022-02-24,-0.7701995931494992,0.9455238839919492,-0.3274182061767116,0.059796423882662
2022-02-25,-0.7373689710005068,0.9340081275478272,-0.3307327232875565,0.0105670254271878
2022-02-28,-0.5975922696278236,0.9214175073445865,-0.3342792655293574,0.0172872304239432
2022-03-01,-0.46361025293212743,0.9063741869207185,-0.3377493458640943,-0.0094945773858733
2022-03-02,-0.41073309681383546,0.8864024614981068,-0.34055803603255114,-0.0634984961578222
2022-03-03,-0.2533048612028726,0.866424804274299,-0.3423920902799028,-0.087988410109565
2022-03-04,-0.027155279501652398,0.8479250879371492,-0.3435227864692289,-0.1261323170850946
2022-03-07,0.24207322211610563,0.8272474468033082,-0.3442018783262052,-0.170360715555877
2022-03-08,0.4747843450019104,0.8028856771522459,-0.3449263241724742,-0.1652608159350356
2022-03-09,0.5812355078228191,0.7728591492023172,-0.3452432397227948,-0.1942996867851396
2022-03-10,0.6175773060437477,0.7358677011169666,-0.3457805096478325,-0.2795935415644144
2022-03-11,0.642169110702669,0.69855298682776,-0.34661617884810614,-0.2548160314262735
2022-03-14,0.660504897783568,0.6613608088694349,-0.3480892465339369,-0.2474143395744177
2022-03-15,0.7040421564469723,0.6209774299538477,-0.3507357986583279,-0.2951336122787805
2022-03-16,0.6737773753892017,0.5881653243480385,-0.35437045202168455,-0.3677965170660344
2022-03-17,0.6541161875958326,0.5713916172879123,-0.3579807239732711,-0.4397124336988469
2022-03-18,0.6629089514536413,0.5738814245603484,-0.3616267465366756,-0.4954394247130649
2022-03-21,0.6584723817721918,0.5958453307502349,-0.3660337090478568,-0.5218972854619327
2022-03-22,0.6662675563382128,0.6244773600424722,-0.3712432411951101,-0.5547756376232439
2022-03-23,0.6728960193363935,0.6560007796064189,-0.37721523135325313,-0.5801354556729332
2022-03-24,0.7021103046955419,0.6840865048468079,-0.3833953855255653,-0.607907725198125
2022-03-25,0.7144840601682494,0.7037729612997354,-0.39084024853011917,-0.6197249816317836
2022-03-28,0.7544676108499715,0.7166081453249596,-0.40008152001091624,-0.6406490532739005
2022-03-29,0.7449597589924448,0.7230709844435552,-0.4108249024513207,-0.637578982944445
2022-03-30,0.7271915939774417,0.7205339107757467,-0.4224302993530188,-0.61424856455808
2022-03-31,0.6839467139544946,0.7159521542954626,-0.43475088843814086,-0.5740935515440033
2022-04-01,0.6500873263916014,0.7173088172925458,-0.4480277335346565,-0.5447597550275652
2022-04-04,0.5795544202725632,0.716171967564118,-0.46175225979639806,-0.5168314667030262
2022-04-05,0.46255096155199543,0.7127411164786382,-0.47570309415064094,-0.4688361143088697
2022-04-06,0.26346383925455596,0.7093350975116882,-0.4892581753151576,-0.4306918051819314
2022-04-07,-0.03231198154652437,0.7110874610962918,-0.502420039252653,-0.39597599327661
2022-04-08,0.22965883141489501,0.7207113622056281,-0.5149736018462766,-0.3403488680334127
2022-04-11,0.4064447589917629,0.7321476458138485,-0.526764706768914,-0.3121890711733205
2022-04-12,0.4899024638097057,0.7421329513214662,-0.5379891589370949,-0.3006146289804451
2022-04-13,0.44280979300108525,0.7474612926828331,-0.5478460390096198,-0.3141949617817518
2022-04-14,0.42639055462069375,0.7516844033838123,-0.556695537327934,-0.3120044304540923
2022-04-18,0.382728164724516,0.7546765690290578,-0.5643227937786859,-0.3159989301210615
2022-04-19,0.387435769548187,0.7488544272081472,-0.5704131866801642,-0.3126226244778927
2022-04-20,0.38019275512257533,0.7311823573300564,-0.5754389144916009,-0.2664933437281709
2022-04-21,0.3687534845081325,0.6953426621809459,-0.5799685552351926,-0.173729000292017
2022-04-22,0.36330691981358393,0.633304890711977,-0.5836449076284433,-0.1295073319521668
2022-04-25,0.25846297638963966,0.5415802381792266,-0.5860529317056321,-0.0593945604279288
2022-04-26,0.20091981816612742,0.4253714320537562,-0.5872581885641619,0.0503277680314416
2022-04-27,0.08216358197357715,0.2765939050035705,-0.5883285129985301,0.1099751938089089
2022-04-28,0.038839080957471676,0.10595406408214417,-0.5889341170702661,0.1641503432119156
2022-04-29,0.03747156576484801,-0.03262064775421296,-0.5891821275292604,0.2273502676685475
2022-05-02,0.06948333263020375,-0.14412268592366534,-0.5912612715193942,0.2860203328934129
2022-05-03,0.13124341914354512,-0.23459114062529024,-0.5942286003871068,0.3591277568617582
2022-05-04,0.2169612507575242,-0.3294951814174587,-0.5979719581836078,0.4159195164489608
2022-05-05,0.18276076595377275,-0.4413036941332608,-0.6004135022670635,0.4759079232235432
2022-05-06,0.12760539403505766,-0.508790972475766,-0.6021920932711395,0.5144517998271304
2022-05-09,0.04290140618798288,-0.5147122245669513,-0.6041326995940698,0.5308007794802972
2022-05-10,-0.1506472599714625,-0.4604932080596963,-0.6076563854877478,0.5577574627255807
2022-05-11,-0.4181491742820027,-0.383184479665022,-0.6103493624160227,0.5926472584912433
2022-05-12,-0.5213845658250206,-0.31202279927590715,-0.6080602026483273,0.6090298449505777
2022-05-13,-0.5858253039413777,-0.3054979064039052,-0.6003432155881033,0.6260541163900369
2022-05-16,-0.7117018653711088,-0.3218239671078776,-0.593133575497455,0.6506975535329571
2022-05-17,-0.7188369635966898,-0.34796195097604066,-0.5856852682569981,0.653262456575335
2022-05-18,-0.7175624690283289,-0.32550716690464376,-0.5787009800773633,0.667246088492468
2022-05-19,-0.7205086186444333,-0.2998037133989683,-0.5694607888812772,0.6614416660107791
2022-05-20,-0.7097589595113437,-0.24789804689327824,-0.5586679921835889,0.6546327521156586
2022-05-23,-0.6365356673155907,-0.1747111100186368,-0.5470714404281597,0.6371956611340588
2022-05-24,-0.5975308156695858,-0.04605018713102638,-0.536990079349322,0.6231119215786813
2022-05-25,-0.559312822846598,0.08359012113297778,-0.5277319474751555,0.6186253384978616
2022-05-26,-0.5124478561264353,0.1999294593284337,-0.519049796028009,0.6148634462384058
2022-05-27,-0.39828445324978257,0.29112155669052925,-0.5111660579353635,0.6019803238821821
2022-05-31,-0.33336325293421587,0.35034167130937915,-0.5034412356617343,0.5820292667536866
2022-06-01,-0.3313445878898328,0.3833273512955818,-0.49610070253140987,0.5863128615215608
2022-06-02,-0.36072177036927133,0.39420708972646923,-0.49052583972056696,0.5729639605654235
2022-06-03,-0.24900731397181444,0.39071043479090617,-0.4860453177101771,0.555728976712254
2022-06-06,-0.10292075727691537,0.3763264013628604,-0.48251503594311257,0.5102746991227295
2022-06-07,0.06128951274080154,0.350393238623581,-0.48069254577071624,0.4324295282421594
2022-06-08,0.02875003962324487,0.3074904436422006,-0.4794620428302893,0.3370291813073596
2022-06-09,-0.02700518992679779,0.2561524844125822,-0.4785364176559256,0.2496274239176884
2022-06-10,-0.06504895404297203,0.20449561613104308,-0.4796386295062253,0.2272389038979176
2022-06-13,-0.063852189388774,0.15325945763295906,-0.48223886439890457,0.2820738280837522
2022-06-14,-0.018789408286141545,0.11781069639800754,-0.48154662179551255,0.4031564145199168
2022-06-15,0.03045772655699284,0.09172476472138372,-0.47855308361366494,0.5495298027023823
2022-06-16,0.006198902225553335,0.05876114536996061,-0.47640361237498585,0.6419990327868101
2022-06-17,0.0033322072076704913,0.024386727577537036,-0.46922622212129206,0.7128645579723853
2022-06-21,-0.1016021170258751,-0.0140489248149406,-0.4563313961170075,0.7234500722783478
2022-06-22,-0.22648877587396607,-0.060772206646567205,-0.44500600792440004,0.7853571720897022
2022-06-23,-0.31186449992962617,-0.11596445059422042,-0.43554779669456206,0.8041437870452551
2022-06-24,-0.34822740166361216,-0.1743167167268723,-0.4299471830414402,0.7982349897520665
2022-06-27,-0.28117777933312854,-0.23980188227408558,-0.4289202548631469,0.7763138723702425
2022-06-28,-0.1571434027992552,-0.3151780906523781,-0.4312145662232247,0.7637259509125044
2022-06-29,-0.058525544587990044,-0.38722329161430735,-0.4360104613355116,0.7881499640298513
2022-06-30,0.027987901768357297,-0.45651514256367254,-0.44271827819482823,0.7663741702306844
2022-07-01,0.10369218491405179,-0.5301491246843847,-0.4509013159500395,0.7135709157747075
2022-07-05,0.009256269492399905,-0.6106963975242256,-0.45872107672217005,0.6849021955823938
2022-07-06,-0.10366232130376259,-0.6833252421480609,-0.46702696766115176,0.6422066758658312
2022-07-07,-0.1453192791045186,-0.7441228831394334,-0.4716110391257638,0.6061325356784301
2022-07-08,-0.04561243453633686,-0.7869818195740426,-0.4746466155615472,0.5605860922604438
2022-07-11,0.01043387922869209,-0.8180063182992597,-0.4776128207986645,0.516087298727893
2022-07-12,0.02725346777313863,-0.8380889888194663,-0.4795293253509864,0.4801057276368929
2022-07-13,0.007576049216735323,-0.8515760931229689,-0.4797109420719986,0.4289172925180849
2022-07-14,0.06841105793430849,-0.8631690272940539,-0.47959359267623775,0.3712330308767493
2022-07-15,0.1411192239582851,-0.8737494711577959,-0.47974844363641367,0.2870269331611997
2022-07-18,0.14284846468366136,-0.8817910421742716,-0.4810551286281991,0.1884536015430916
2022-07-19,0.2299730180161994,-0.8845556729344203,-0.4833745573782772,0.0592452748521469
2022-07-20,0.28629468340781355,-0.8792141178267707,-0.4853404183245338,-0.0064591663904258
2022-07-21,0.38980337709491153,-0.8660108120518825,-0.4876474442494873,-0.04115374781434
2022-07-22,0.4793292847022828,-0.8451716724010641,-0.4902945548578462,-0.0723882825564868
2022-07-25,0.5174004446676077,-0.8143388695102217,-0.4935025300494344,-0.1132719244554339
2022-07-26,0.5117923743142886,-0.7734202971759357,-0.49693401482272886,-0.0950839406643677
2022-07-27,0.47509515063190727,-0.7217607487079365,-0.4981288297167067,-0.0810411675854482
2022-07-28,0.4223133140030608,-0.6531042639379827,-0.4986913231609995,0.0650346143546273
2022-07-29,0.3358514974896932,-0.5564575759965755,-0.4990273865432612,0.2120992879106996
2022-08-01,0.20462865768760566,-0.4400833758279442,-0.49844080537192054,0.2930149069661893
2022-08-02,0.12185916423636914,-0.28795695996002657,-0.4976767579962157,0.3243919763349327
2022-08-03,0.19681271652663834,-0.09916236067580975,-0.49772293335112905,0.3580493691304188
2022-08-04,0.4283018331521283,0.09769704378042285,-0.49891325339955656,0.4190081286637948
2022-08-05,0.5924901242348131,0.22565780986259995,-0.500918371021746,0.4644646897337227
2022-08-08,0.6126093693035367,0.2755790686729568,-0.5022626316241575,0.4866047046230731
2022-08-09,0.6196005412066284,0.25566554940634284,-0.5027866422873856,0.4738356922741046
2022-08-10,0.6363962085250802,0.19731258979851687,-0.5028295061584943,0.4112860045064588
2022-08-11,0.61125801322995,0.10169738325288755,-0.5025845848257048,0.3545134896937547
2022-08-12,0.5835630760985038,-0.018658812957521344,-0.501704627562948,0.3087569404832549
2022-08-15,0.6522391414952095,-0.16533489399675058,-0.50082694722315,0.2737557537826602
2022-08-16,0.6459656173631776,-0.30132380331795383,-0.5006028526024808,0.2584986017268113
2022-08-17,0.6204599138219432,-0.4303568824022034,-0.5016258952438618,0.2501047725820722
2022-08-18,0.5810252947813711,-0.5449970459870297,-0.5032957562302109,0.2460700776972077
2022-08-19,0.5253440902831459,-0.6283669017469751,-0.5056548750945494,0.2300837570520585
2022-08-22,0.3879575094081863,-0.6961089781433617,-0.5088885661233065,0.2266824039857637
2022-08-23,0.23298723825098935,-0.7428219724322526,-0.513360389187211,0.2005883071932006
2022-08-24,0.21515133098287137,-0.7598406961368179,-0.5188131759257973,0.1383489937911116
2022-08-25,0.1846472424240302,-0.7671733812389363,-0.5254523597615733,0.0933037476164602
2022-08-26,0.1869672079035451,-0.7663710136040287,-0.5325476327256922,0.057131407979721
2022-08-29,-0.22155497941588914,-0.7685868362250563,-0.5366257608741337,0.0619114931314947
2022-08-30,-0.3722083954429637,-0.7633052992775126,-0.538210000146869,0.0476723702626727
2022-08-31,-0.419933411120012,-0.7603315764318995,-0.5409587358495862,0.0550502725106142
2022-09-01,-0.4493714897903516,-0.757980969847209,-0.5443420783195421,0.102339801247032
2022-09-02,-0.44808867813955827,-0.7555413389731107,-0.5479469856797629,0.1471179357024559
2022-09-06,-0.4357574724661511,-0.7527590670957205,-0.5515745342829816,0.1753591049831064
2022-09-07,-0.35983854522731495,-0.7484840129681952,-0.5561823853646918,0.1756989493705102
2022-09-08,-0.27477456781690635,-0.737364759783541,-0.5619743251221265,0.1785464710309419
2022-09-09,-0.28331832438651594,-0.7114935104624254,-0.5692625111544107,0.203793570663825
2022-09-12,-0.2700887522891222,-0.6587380953765416,-0.5776484280346398,0.2496866568244637
2022-09-13,-0.22859918576503108,-0.5853078712856933,-0.586435886619347,0.3208737293282658
2022-09-14,-0.24113103808356945,-0.49760807148864056,-0.5951895173725545,0.3535261308700985
2022-09-15,-0.2331559973392777,-0.41888076366392546,-0.6037140802533679,0.419480748159574
2022-09-16,-0.24599923291900788,-0.35165604606049705,-0.6114767146887901,0.5003555765357887
2022-09-19,-0.2247413721366036,-0.2947437417789941,-0.6176472690101512,0.5676172182334445
2022-09-20,-0.20029299004839496,-0.23870846464343823,-0.6223410679857128,0.6427447734481796
2022-09-21,-0.3656965264699978,-0.1918381506396714,-0.6261459988420296,0.6950810334743927
2022-09-22,-0.29405126398979287,-0.151184996811748,-0.6289180621241781,0.7285611023283421
2022-09-23,0.10278140979354056,-0.11542633726362443,-0.6302541199794608,0.7503800914423043
2022-09-26,0.4790317646823647,-0.08921256261345686,-0.6297776723795981,0.7649238404284673
2022-09-27,0.5831332264368048,-0.06722016986785953,-0.6273762128072629,0.780761379978093
2022-09-28,0.6024634695975859,-0.025195571351299424,-0.622983568848726,0.790138046717495
2022-09-29,0.6302219612574309,0.029821908883120463,-0.6175420229321115,0.8143811587749284
2022-09-30,0.6523152936984902,0.08796299457453902,-0.6111394285729406,0.816269842935441
2022-10-03,0.6542624286716302,0.1332296406487383,-0.6041060145068187,0.8114065352536928
2022-10-04,0.657704159145274,0.1409438315890678,-0.5975027960944035,0.8151703551873416
2022-10-05,0.6586911450049382,0.12132919944427023,-0.5920767835702915,0.8430456397551583
2022-10-06,0.6602558992722264,0.09981803518292014,-0.587254746426099,0.8462209473908682
2022-10-07,0.6584455324523832,0.0976983069221301,-0.583968977522926,0.8294121775750067
2022-10-10,0.6027964852892642,0.10919529911754774,-0.5825397520965946,0.7973940849749807
2022-10-11,0.6101682623915032,0.13022777902796415,-0.580809367569232,0.7575949020513728
2022-10-12,0.6334886396279689,0.15196955610565363,-0.5774221818681775,0.7038146101633891
2022-10-13,0.643498395762627,0.17311201714542512,-0.5749662087048506,0.6373584712620765
2022-10-14,0.6477355178241365,0.19915106360748808,-0.5760803884047834,0.5902574405632445
2022-10-17,0.6154881460432787,0.22162555886300458,-0.5806386945475949,0.5032811966406568
2022-10-18,0.6045990009443584,0.2397615772905834,-0.5843703414155211,0.4257169996060361
2022-10-19,0.6288566308190358,0.25323687268625084,-0.5891095070972509,0.3631947498099402
2022-10-20,0.6518794647409196,0.2572141011808367,-0.5971990233160772,0.3134842328550333
2022-10-21,0.6849702449774091,0.25061304730878786,-0.6029987667195282,0.255950885812957
2022-10-24,0.5732337514749036,0.2229036475025775,-0.6111006766765243,0.2292161975768438
2022-10-25,0.30642048061256244,0.1841622221955165,-0.6229891044173631,0.2053875361352796
2022-10-26,0.1064682145384678,0.14235031762403041,-0.6374987292964882,0.207907045874027
2022-10-27,-0.05412692972467661,0.0946775429122125,-0.6540156488919249,0.191622672069411
2022-10-28,-0.2132837936571308,0.04349403503087704,-0.6703957913375143,0.16365196078435
2022-10-31,-0.22868375427350812,-0.010151722686818177,-0.6744404085128147,0.1710329851487927
2022-11-01,-0.23235422225165214,-0.06124770065890299,-0.671968178654388,0.17393402630916
2022-11-02,-0.20790643679844237,-0.10909614075466371,-0.6602846267121948,0.1778821170456392
2022-11-03,-0.1647303799866116,-0.1593652144499166,-0.6454408517309929,0.193785027944307
2022-11-04,-0.14624310303618862,-0.21661593685978547,-0.6310844857716378,0.2348185758526897
2022-11-07,-0.1945427726081835,-0.2920344658291265,-0.6171611884283744,0.2717516616502111
2022-11-08,-0.20555664614303515,-0.3870985285611139,-0.603490712411384,0.3198752354157381
2022-11-09,-0.23116281861431992,-0.4823282916434435,-0.5887777690700918,0.3738073815266611
2022-11-10,-0.242297602285907,-0.5718797887413768,-0.5754430455628456,0.3808251403722854
2022-11-11,-0.15806376496246896,-0.6487654715042462,-0.5633600441500438,0.3865312764591619
2022-11-14,-0.08123139424446742,-0.7141689472394759,-0.553157103744915,0.3877339264073011
2022-11-15,-0.03983517029735878,-0.7767602276084844,-0.5447155339342354,0.405693649397504
2022-11-16,-0.09865514931047956,-0.8311487943074483,-0.5385079017971118,0.4080236815623116
2022-11-17,-0.10794382616062685,-0.8778058921992663,-0.5341602007464561,0.406106211792516
2022-11-18,-0.01647597245298165,-0.9131985474009703,-0.5314049787238785,0.4002096390826576
2022-11-21,0.006498369764235484,-0.9340174678318984,-0.5299670297543754,0.4055813841496489
2022-11-22,-0.017610637107998227,-0.9443057263522485,-0.5300439864999125,0.4259245258800141
2022-11-23,-0.057521697615654996,-0.9480601026633408,-0.531582327142899,0.4331076413173099
2022-11-25,-0.07102903986011311,-0.9492158669182267,-0.534312094871628,0.4308282061881398
2022-11-28,0.07750326322194738,-0.9483506368958233,-0.5381084187836777,0.4654440841982849
2022-11-29,0.09200564944062134,-0.9440214678514469,-0.5443167980788733,0.5054571388729737
2022-11-30,0.10746260535778034,-0.9357826253318269,-0.5528077612258367,0.5197971896878399
2022-12-01,0.11578505960494975,-0.9267192635141921,-0.560585037687577,0.5526149780681887
2022-12-02,0.1967556610066207,-0.9182785218729169,-0.5667799700035544,0.585592297386533
2022-12-05,0.23674993963252983,-0.9117321893186212,-0.5762082049537097,0.5727606667496589
2022-12-06,0.49403773832831366,-0.9060163198762854,-0.5904479540452137,0.5872582951067373
2022-12-07,0.8248818476821071,-0.8978508539874863,-0.6061783375192128,0.6020144293876811
2022-12-08,0.8127011212787176,-0.8824311397569747,-0.6331860036809263,0.6403001281882243
2022-12-09,0.8035620866626128,-0.8532323900476687,-0.6710132751114376,0.6756710094705066
2022-12-12,0.8081833421784543,-0.8164596829811593,-0.708551224662313,0.7081378858534669
2022-12-13,0.7971957850725249,-0.7523863791150445,-0.744084527649575,0.7375865403057691
2022-12-14,0.7868874589743269,-0.6702727912323104,-0.7737469384533953,0.7777690893332806
2022-12-15,0.7764305771206097,-0.5738355377066978,-0.7956568015752166,0.8128860660938345
2022-12-16,0.7577738424680523,-0.46287003329778315,-0.8114361872236202,0.827920338020207
2022-12-19,0.7152188961749862,-0.3331583071290036,-0.8225326385410491,0.8316088514644617
2022-12-20,0.6831594763176201,-0.21533107009975092,-0.831148970549619,0.8160386305957553
2022-12-21,0.7050492454273706,-0.11618131343853304,-0.8385423906658086,0.8050582284503198
2022-12-22,0.7279675265702835,-0.03290539979907896,-0.8445184831591223,0.79589840984685
2022-12-23,0.7498333683500293,0.03390635993308107,-0.8491416456548102,0.7795738174404555
2022-12-27,0.7544193547387357,0.0900137076393142,-0.8527898603894425,0.769945538366346
2022-12-28,0.7598278499685327,0.13208705267551193,-0.8553239676642121,0.768291217973551
2022-12-29,0.7611793484655998,0.16130862020396472,-0.8569121220927719,0.75514878559416
2022-12-30,0.7673798673260968,0.18261587918775715,-0.8580060531179643,0.7453790869888909
2023-01-03,0.7780586178167471,0.20362232120191665,-0.858803415751004,0.7445498576651735
2023-01-04,0.769197121141181,0.2275655591895779,-0.8593451170926331,0.7116209012145633
2023-01-05,0.7551359609166857,0.25909771014248156,-0.8597184075851995,0.6772934382613205
2023-01-06,0.6885368611761276,0.3094091341139924,-0.8596202751237404,0.6519123100694013
2023-01-09,-0.06724315630340542,0.36754463463862663,-0.85939249534996,0.6390151027078692
2023-01-10,-0.22546527508525815,0.43820235771223387,-0.8588337821100523,0.6213322195140832
2023-01-11,-0.39657028308822173,0.5030261278328696,-0.8581226967385346,0.6414756543850753
2023-01-12,-0.3965872516623886,0.5577756070512765,-0.8569615146139498,0.6790136871639214
2023-01-13,-0.25091428369653684,0.6105633217138431,-0.8550955150413775,0.6986016485826411
2023-01-17,-0.17486606321881212,0.6568766183680411,-0.8527530160935555,0.7059946370800567
2023-01-18,-0.21168132960459446,0.6990776716679928,-0.8501631578888909,0.671536125414032
2023-01-19,-0.1673632294407768,0.7421192697774002,-0.8478115506461231,0.674214253610578
2023-01-20,-0.06994637535631884,0.7829880433725386,-0.84568557047927,0.6863569929552747
2023-01-23,-0.07935320753616404,0.8210041988727536,-0.8447018392617952,0.6937463202172729
2023-01-24,-0.10964165996127007,0.8567212137180864,-0.8441447264185046,0.704527390268996
2023-01-25,-0.09047870776078323,0.8886120780191508,-0.8432876949958568,0.7137880232304349
2023-01-26,-0.1416663217311886,0.9190871170058376,-0.8405057170105593,0.7136029696080313
2023-01-27,-0.2648210444942231,0.941979244070777,-0.8352070417293322,0.7187386566757406
2023-01-30,-0.3369873037165854,0.9575223543904274,-0.8281108629141668,0.7190244366454623
2023-01-31,-0.38285060392502285,0.9588572846340242,-0.8185594061515065,0.7214139166401596
2023-02-01,-0.4099450677122741,0.947830913626676,-0.8076781379594442,0.715415499267094
2023-02-02,-0.38696012470821645,0.9262220546720037,-0.7957164293961877,0.6951347278403627
2023-02-03,-0.2933216608590889,0.9027992583642218,-0.7826989313519851,0.7364805337694719
2023-02-06,-0.25397513384224835,0.8737051264997492,-0.7697539378921523,0.7545718348582579
2023-02-07,-0.21943011577592175,0.8329071035329729,-0.7571261599520038,0.7682711849110978
2023-02-08,-0.18369674879511935,0.7786198931428284,-0.7453710013606603,0.7759016387816117
2023-02-09,-0.05241770240345187,0.6855699114569697,-0.7335523661493311,0.7808146858475677
2023-02-10,0.16103169847712379,0.5946025666380885,-0.7232089055487205,0.7850888375050691
2023-02-13,0.26217170106620036,0.5639019832279741,-0.7128475321619507,0.7896744959752967
2023-02-14,0.40111373618039947,0.5912657377481871,-0.7014331176297995,0.7855402543061704
2023-02-15,0.36331237015672363,0.6230230509118144,-0.6902092331401898,0.785194397445641
2023-02-16,0.13717157502285932,0.637297348416951,-0.6789951915789899,0.7788113532933949
2023-02-17,0.11996005465095279,0.6347987958485104,-0.6685192376790321,0.7880414777438107
2023-02-21,0.09316489713989681,0.6161846478671716,-0.6585605164383701,0.7998544577256389
2023-02-22,0.04029720652363672,0.5907210984078579,-0.6489338645399365,0.8095809577244166
2023-02-23,-0.047269651516015136,0.5449297997644598,-0.639075288752141,0.8169322437326764
2023-02-24,-0.13109325475679914,0.4994651502852922,-0.6297816133195966,0.8257953472663667
2023-02-27,-0.020425527300220923,0.4636164528186827,-0.6194646708643495,0.8297919849520073
2023-02-28,0.10790366373223192,0.4372905624755005,-0.6089440077422965,0.8302873402947147
2023-03-01,0.23176803645884775,0.41782736024579226,-0.598837205224822,0.8384034042005835
2023-03-02,0.2746419346136295,0.4068187831149072,-0.5884774571395177,0.8548447758730916
2023-03-03,0.2634091186694153,0.4036425264987192,-0.5764302943362796,0.8578574520022334
2023-03-06,0.24006433636513322,0.4114050443927243,-0.5637304909308312,0.8473162022677735
2023-03-07,0.2164882594814796,0.4417618485698943,-0.5487859142785496,0.8367052455816678
2023-03-08,0.19171923470972502,0.4755210292245996,-0.5327376840109156,0.8309018870471615
2023-03-09,0.1809851504917143,0.5175753929434135,-0.5169532767300814,0.8127749715691824
2023-03-10,0.18012352577992236,0.5562410922682405,-0.49865469732936707,0.8075336086520649
2023-03-13,0.1622179098430555,0.581110058839074,-0.4779300889386074,0.8180443676404636
2023-03-14,0.1546018951705299,0.5973897663318184,-0.4569040672372177,0.814619699694618
2023-03-15,0.22320027837432602,0.6084343752637681,-0.4323727454130435,0.790469529644269
2023-03-16,0.4160911386872505,0.6034564061210361,-0.4013796416849659,0.7427017410948384
2023-03-17,0.5989322281826055,0.5643820715865165,-0.3617688254479204,0.6864029538138783
2023-03-20,0.6475960654100466,0.4805572435597519,-0.31267799705851235,0.6027986675634093
2023-03-21,0.6387079594757727,0.3893329851427292,-0.26097894129856153,0.5134139431844374
2023-03-22,0.6327170693457327,0.3070715437931469,-0.2073940542546581,0.4379606965173995
2023-03-23,0.6119965446056211,0.23342115339764385,-0.14732495808682539,0.3417091009784676
2023-03-24,0.5418171728834832,0.16447940521751087,-0.08946653597200581,0.2022341789930337
2023-03-27,0.45644365893115263,0.11419717161115636,-0.06371341086041889,0.0872828983000448
2023-03-28,0.3707035977991132,0.07311782459533678,-0.0491055598380724,-0.0009254524429646
2023-03-29,0.2965660557826012,0.038830360873966616,-0.03945143305784779,-0.1227528867535563
2023-03-30,0.25962780619006953,0.011978715095784864,-0.028689650310200685,-0.2298721038454858
2023-03-31,0.2517051746473169,-0.01402593676793693,-0.014781144757447592,-0.3224092233311727
2023-04-03,0.21646416107534455,-0.047470361117332424,0.0016230270467892753,-0.3719050183133186
2023-04-04,0.21789697627512067,-0.08156162093334532,0.014030539120767424,-0.4115006925710555
2023-04-05,0.18042874821182836,-0.11145365402786248,0.01866785697517602,-0.4083178686959967
2023-04-06,0.12024772402846373,-0.14292030545393133,0.017175013949316,-0.4042018960217817
2023-04-10,0.11582116740170098,-0.16609317858224953,0.015965897296388438,-0.3987218328200187
2023-04-11,0.20645633519229017,-0.18188430203199427,0.010708486010543602,-0.3731490821021642
2023-04-12,0.31970947689052753,-0.19963598416665435,0.00393757217090939,-0.3445388671856912
2023-04-13,0.40509491734289826,-0.2232177167083614,-0.0037831367049271964,-0.3201452458775291
2023-04-14,0.44535083854713464,-0.24579855576165857,-0.011049726497237736,-0.3209237692553564
2023-04-17,0.5351456264487294,-0.26519583462525204,-0.017379578461912286,-0.3131158459102455
2023-04-18,0.6090309486804575,-0.2738342100093002,-0.022385082864656403,-0.3263376983343461
2023-04-19,0.6087797087406079,-0.26736779924883824,-0.025957129855078778,-0.3257361399541845
2023-04-20,0.5966869191355441,-0.24334389504144846,-0.029312592967858188,-0.3347199129003271
2023-04-21,0.5925306900423741,-0.1893218295653702,-0.03185420005413058,-0.3558719733282538
2023-04-24,0.6598439880008842,-0.10296299580819619,-0.03388766281448737,-0.3612070138817129
2023-04-25,0.7558043988060733,0.022681381804485024,-0.03350535829151684,-0.3738795773164106
2023-04-26,0.8423821068373801,0.17000784588659307,-0.03148775847115642,-0.3510805258339686
2023-04-27,0.742345837269627,0.3301894263149353,-0.027866163157907943,-0.2997808697484202
2023-04-28,0.5116537122797833,0.4831773189242739,-0.023944819742020576,-0.2782379076249005
2023-05-01,0.3495680517110226,0.6013858111873385,-0.018772277768083538,-0.2821729416003975
2023-05-02,0.36486295929582857,0.6792862049957703,-0.012866343550112883,-0.2396812688976636
2023-05-03,0.33674349032454126,0.6949334786393371,-0.006812822869822333,-0.1376660886578216
2023-05-04,0.3221889391082921,0.6953693964389165,-0.00045144909743547086,-0.0544328928921609
2023-05-05,0.31375223245643236,0.6782826734646056,0.00596153280941999,-0.0342361790130872
2023-05-08,0.3053743583055643,0.6520632625391926,0.01136578533678599,-0.0429546946507969
2023-05-09,0.281458930322511,0.6382316550902207,0.01666210849895079,-0.0292261346071041
2023-05-10,0.22920249184448602,0.6383250589053163,0.021557759072181885,0.0242252202798152
2023-05-11,0.13017387848336676,0.6482405107313192,0.026350618127749234,0.0724071227862768
2023-05-12,0.018938451996238826,0.6493542611971143,0.030815152160942307,0.0920378544560684
2023-05-15,-0.09268280424433024,0.6305663924250435,0.034863967030400775,0.0604042809495125
2023-05-16,-0.22180756934470675,0.598366511096257,0.03859281635517788,-0.0497566494979445
2023-05-17,-0.33311821636604555,0.5636683550584582,0.042310056573769544,-0.209764435719004
2023-05-18,-0.4171983369728693,0.5352178241735974,0.046214973465187444,-0.3035387301879234
2023-05-19,-0.4578395742971539,0.5200804896615236,0.05000734840216354,-0.3531801022968034
2023-05-22,-0.446996566117211,0.5244420225587945,0.053791164732565504,-0.3565531984299547
2023-05-23,-0.43461657569505696,0.5441416391758673,0.058136931486437254,-0.3714386617777829
2023-05-24,-0.7360930925102037,0.5685363310020507,0.06294661882023248,-0.3287892316250368
2023-05-25,-0.6974259266844124,0.5938785936005578,0.06734593509616384,-0.2459837683415724
2023-05-26,-0.5836483001133914,0.6162491124182555,0.07127356070263771,-0.2225638034951987
2023-05-30,-0.5384618234932679,0.6349044145326606,0.0749907985712677,-0.2124680929670525
2023-05-31,-0.545360159699029,0.6442097030531511,0.07875498034816424,-0.2474927392353368
2023-06-01,-0.45341782182128343,0.6398023836771852,0.08242383524310652,-0.2854825790589486
2023-06-02,-0.3337472599934973,0.6310670729788048,0.0864008409134906,-0.3038241907094346
2023-06-05,-0.21671872249077917,0.6309941342594365,0.0898761590759676,-0.292533388865477
2023-06-06,-0.17800121175436684,0.6341108264584946,0.09306294015834246,-0.2747106582919962
2023-06-07,-0.19111246157195078,0.6409401529956036,0.0961312607239746,-0.2446593537012846
2023-06-08,-0.2173911163846943,0.657909606001877,0.09914887107533628,-0.1450166230559304
2023-06-09,-0.17990926903046273,0.680506115772988,0.10146358730031141,-0.0524137169718705
2023-06-12,-0.11395105335319519,0.7024743192380317,0.10308262602706741,0.0139246070901582
2023-06-13,-0.04904124548830559,0.7113804259983638,0.1038542791214999,0.044243021087231
2023-06-14,0.03544460885416791,0.7086661305485376,0.1034197646677375,0.0598960739043527
2023-06-15,0.10876071866959562,0.6652814250214997,0.10214754846561529,0.0731990062838162
2023-06-16,0.19382480709836944,0.5724744889823477,0.09818754881307218,0.0603523321623946
2023-06-20,0.3020077307594817,0.4517483553745472,0.09290920575866833,0.0431180452424817
2023-06-21,0.3769781102124401,0.32082521937818725,0.08684327037928913,-0.0344952965675453
2023-06-22,0.4135356718223693,0.1652054048676399,0.08026077646058888,-0.1196058004507382
2023-06-23,0.4527359849860103,0.017810754725710233,0.07360004380377484,-0.1811505380908203
2023-06-26,0.4306149171164787,-0.1051740511856619,0.06727687656281847,-0.2782212443793341
2023-06-27,0.25767536345084996,-0.22156425015287814,0.061756504454708074,-0.3427153178022084
2023-06-28,-0.0934102348294876,-0.33965385869718046,0.057444080320778,-0.3821852181945231
2023-06-29,-0.1439152413963239,-0.4434159256918716,0.054542450674304556,-0.4238679484903125
2023-06-30,-0.13524873564938938,-0.5305431866975853,0.052719868700248994,-0.4398350816822224
2023-07-03,-0.08503288015045496,-0.6077828277641046,0.050815243997185136,-0.4140109610062109
2023-07-05,0.0063255511262989075,-0.6764783933258431,0.048663898725208966,-0.3690076073571876
2023-07-06,-0.08994918427537031,-0.7378560685150461,0.046679857995050374,-0.3346784566295863
2023-07-07,-0.33033224897879787,-0.786040933210127,0.045522699504702224,-0.3275874129250267
2023-07-10,-0.4373346928923755,-0.8197938929952432,0.04525087892414827,-0.3545779300516595
2023-07-11,-0.4940252851029584,-0.8468269204022976,0.0457782447365693,-0.3850662674409484
2023-07-12,-0.4294197346355119,-0.8637582294437905,0.046839140183538894,-0.4071913547808041
2023-07-13,-0.41492640605702896,-0.8751187008809476,0.04834145854267446,-0.4089695361634858
2023-07-14,-0.45023887167520227,-0.8804746112889876,0.05012016960958514,-0.3895694641267604
2023-07-17,-0.414469830144394,-0.8832685906481572,0.053062028322155695,-0.3868297514620614
2023-07-18,-0.5464027462175546,-0.8859777973045426,0.05670734077714746,-0.3722964714934278
2023-07-19,-0.6046136589182459,-0.887381523558839,0.060151296522685437,-0.2887929646899097
2023-07-20,-0.5044669307370565,-0.8875409778209846,0.06404652453242682,-0.2521249671485299
2023-07-21,-0.3309107625504498,-0.8874080640191593,0.06924736327607534,-0.2343772309757658
2023-07-24,-0.20806917544082282,-0.8877707506064189,0.07567062349627687,-0.2217405845648031
2023-07-25,-0.12745131602829443,-0.8903520449469756,0.08330333589296608,-0.2238419653715412
2023-07-26,-0.027064052950249783,-0.8937938229290857,0.09129267224038663,-0.22720151272103
2023-07-27,-0.0013291765044440573,-0.8968697406655005,0.09972594525462014,-0.2222084500796873
2023-07-28,-0.08165037689893853,-0.8970790131858533,0.10872543776653523,-0.2341821026440394
2023-07-31,-0.11355787602985953,-0.8934770860847461,0.11719332898843546,-0.2253425362304829
2023-08-01,-0.09213507712905569,-0.8863829685765229,0.12443609655543687,-0.2761715695652756
2023-08-02,-0.11522379888294523,-0.8763024004629496,0.12981612400120782,-0.2909567477635478
2023-08-03,-0.09669182418262834,-0.858367442522629,0.13418736441664497,-0.3012604258159695
2023-08-04,0.11485908895167321,-0.8288338470184865,0.1370567437419388,-0.2988652216638153
2023-08-07,0.37033182736277853,-0.7784760727449515,0.13918040119954492,-0.3055882628443682
2023-08-08,0.5479157324469373,-0.6990774609664083,0.14052705819789016,-0.2427749437873921
2023-08-09,0.5191839578058408,-0.581866631752948,0.1404824851399538,-0.1579518283426241
2023-08-10,0.49673324830485727,-0.4422961299597186,0.13913162836273968,-0.0974406532333009
2023-08-11,0.5606603912242327,-0.30903006757809054,0.13647199196454618,-0.0719941473262092
2023-08-14,0.2879877995824024,-0.21925993287364656,0.13434527362019627,-0.0563688443873851
2023-08-15,0.13826073731747507,-0.2042048180507531,0.13288200242005238,-0.0365640067871901
2023-08-16,0.11578912514273512,-0.24479460783641568,0.1316210223797935,-0.0047681626949945
2023-08-17,0.18397875933227906,-0.33126058594097374,0.13010994990511943,0.011935793554097
2023-08-18,0.23250206937332685,-0.4533067817935965,0.12876331533429203,0.0062085395992636
2023-08-21,0.20159373016324408,-0.5968036211152955,0.128146211508285,0.0025995206094706
2023-08-22,0.17913433480793145,-0.7360406384457392,0.1279602490282175,0.0046808390452954
2023-08-23,0.11567734196367951,-0.8293683749996527,0.12781301732358177,0.0037328911474647
2023-08-24,0.027718777789328602,-0.8548994868328776,0.12741244336698035,0.0511919003328223
2023-08-25,-0.09023321004201632,-0.8644049782179103,0.12629395797249054,0.0920621119754042
2023-08-28,-0.17227815481410763,-0.8717606539463315,0.12420791378454457,0.1447720972939264
2023-08-29,-0.2593626976485591,-0.876818432220092,0.12264307865492606,0.2155434372931503
2023-08-30,-0.328330080296528,-0.8803069894806523,0.12222181724312434,0.3170441913080412
2023-08-31,-0.10606022841811599,-0.8808614946535099,0.1230700843183154,0.4240214302077233
2023-09-01,0.10434753875492153,-0.8808588308293217,0.1252330498391753,0.4972233749341975
2023-09-05,0.011636043849712152,-0.8787084615959987,0.1297131420866712,0.5365212360195311
2023-09-06,-0.004620723364552182,-0.8741309640061015,0.1363984987536068,0.5585992973927787
2023-09-07,-0.05983599408108531,-0.8647539062822469,0.1431290884205497,0.5538033684109583
2023-09-08,-0.02746502839916052,-0.8517815245020642,0.14937641284921419,0.5351240911711543
2023-09-11,0.011036080168680467,-0.8345752231814627,0.1516489663096019,0.4902463902678238
2023-09-12,0.1183182244085413,-0.8237027134703885,0.14647348982920114,0.4384366046884594
2023-09-13,0.20415589994990818,-0.8138134332093634,0.13120696568569687,0.3514195157073834
2023-09-14,0.2700905412188458,-0.8125310882435806,0.10162130663073234,0.2888169570575916
2023-09-15,0.24648255297955252,-0.8179563231333782,0.046497642171634754,0.1613903404597715
2023-09-18,0.16151467403736777,-0.828171309110002,0.010561050467389633,0.0701772038150512
2023-09-19,0.06882246859129759,-0.8389510808498108,-0.010826752962149943,-0.0577865759145271
2023-09-20,-0.07895855283106379,-0.846376960052351,-0.023203168907043614,-0.1812794776467238
2023-09-21,-0.12381116708111697,-0.8543959329611273,-0.03974608899500886,-0.2813558217816574
2023-09-22,-0.01992973390971451,-0.8629153950162554,-0.06698639615994086,-0.3111555795244561
2023-09-25,0.025423125114650037,-0.8678653982635426,-0.10905611464327619,-0.3389996656460816
2023-09-26,0.08424429447070694,-0.8711137089248678,-0.15771385117294462,-0.3723767826227055
2023-09-27,0.17027093199592683,-0.8722397193600617,-0.19513539208366948,-0.3847713671916509
2023-09-28,0.21775118092949913,-0.8727456333047247,-0.21924516932184485,-0.3982260511156708
2023-09-29,0.15550084706773476,-0.8657110561651157,-0.25287791200494186,-0.4328938200802497
2023-10-02,0.10795515628162086,-0.8448582832552344,-0.2602466183213503,-0.4584089168609498
2023-10-03,0.13475809630873575,-0.7942905424635979,-0.26220831716386267,-0.4890416181650836
2023-10-04,0.11958582335084948,-0.6991268773717115,-0.25945927246405115,-0.4947149896265113
2023-10-05,-0.023581786384704338,-0.5819720111651134,-0.25866759466294936,-0.5007936610526819
2023-10-06,-0.20412615032470818,-0.45407734880592143,-0.25675578959400563,-0.5124817068750279
2023-10-09,-0.28630016049712353,-0.3349521596768016,-0.2579045464861544,-0.5392977786889954
2023-10-10,-0.34678921158846726,-0.24081973025750902,-0.2622570866357155,-0.5613166742051834
2023-10-11,-0.3803164494507086,-0.16506380966186124,-0.2693466797634061,-0.5912410331700645
2023-10-12,-0.43765376280488144,-0.0950991781165864,-0.27852261855509186,-0.6136719425760055
2023-10-13,-0.4870053094913728,-0.03230523151902579,-0.2887493954688954,-0.634299320331646
2023-10-16,-0.5462900663254016,0.02099503224354022,-0.2969530443730534,-0.6552557837573593
2023-10-17,-0.5864411331038195,0.0691055090715911,-0.30283845185160524,-0.6828446957050047
2023-10-18,-0.5495143568737414,0.09957798249887906,-0.3076684128107607,-0.6973463224078801
2023-10-19,-0.5201208421863714,0.10515232672350913,-0.30870068492432845,-0.717107381147375
2023-10-20,-0.5030613815745139,0.08535312559132195,-0.30293123353918977,-0.7253339025937707
2023-10-23,-0.5158045029855791,0.03915160895470153,-0.29404514428656825,-0.6913959736862015
2023-10-24,-0.5453097404555484,-0.028952256067616165,-0.28526058997383513,-0.6757964601193672
2023-10-25,-0.634437912773878,-0.10618856523186757,-0.2769247831449644,-0.6565277836234465
2023-10-26,-0.6768855459884398,-0.19476485335824134,-0.27023253974297473,-0.6220555548940894
2023-10-27,-0.6450660612984371,-0.28401400710903796,-0.2639784698610365,-0.5798942559196494
2023-10-30,-0.662170462672605,-0.3697101056356156,-0.25783299790076414,-0.5765300426175913
2023-10-31,-0.7158547176508201,-0.44015746541757705,-0.2526137833665744,-0.5796339875964625
2023-11-01,-0.7136053182459864,-0.4803321932345647,-0.2476255813555675,-0.5815050568061907
2023-11-02,-0.6476118189203885,-0.46146130525027934,-0.24265605328320444,-0.5581604585303135
2023-11-03,-0.4673835231145295,-0.42470483452738933,-0.23738536049122885,-0.4798359241969857
2023-11-06,-0.20731540742294166,-0.3703139436346619,-0.23116844091727717,-0.4166017544719859
2023-11-07,-0.009127191450952366,-0.3287460612317035,-0.2253243526770882,-0.3645337715113089
2023-11-08,0.009703658671732705,-0.28087411373027293,-0.21847942160715514,-0.3621735488322689
2023-11-09,-0.036771130248438706,-0.24341130543162345,-0.21035297750246823,-0.4051613083774901
2023-11-10,-0.014698300049986323,-0.2268212371996301,-0.2013017548214124,-0.4689189736988435
2023-11-13,0.14651841892324707,-0.21688823132420215,-0.1908475777491863,-0.4978917880433873
2023-11-14,0.4505910326860927,-0.21138682546230503,-0.18028035148097166,-0.4891882895369598
2023-11-15,0.5350617084228129,-0.1892854803219568,-0.17339074593011947,-0.4840130445148978
2023-11-16,0.5874777874419215,-0.15071776635858053,-0.16841831193911083,-0.4734791222538383
2023-11-17,0.6225173748144364,-0.10263763685665017,-0.16366820146671748,-0.496300566279352
2023-11-20,0.6471814663827238,-0.05320345866953409,-0.15826564739962096,-0.4992741340583585
2023-11-21,0.6472478331688061,-0.017162907703712094,-0.15240967212519224,-0.5103234334721268
2023-11-22,0.6234542024664612,0.006197636467339662,-0.1448908502894089,-0.5039739982222126
2023-11-24,0.5980355462839896,-0.0182008701591261,-0.1350858277610308,-0.4750968493011661
2023-11-27,0.6904852122704235,-0.11888809162756023,-0.12330974427356857,-0.3762391124034971
2023-11-28,0.8736547012541424,-0.2573251800984403,-0.11052821629780211,-0.2575969784527102
2023-11-29,0.9093397021843606,-0.3969030253542425,-0.09735893086335393,-0.1196069187967944
2023-11-30,0.9108459661771757,-0.5181714166078549,-0.08417420003221808,0.0218927436586957
2023-12-01,0.6316626495872188,-0.6108048951443303,-0.07069438919066169,0.0967925210428405
2023-12-04,0.5689032764340862,-0.6765526408376863,-0.056874621827993105,0.1793131252689024
2023-12-05,0.5256898660133984,-0.7217096741396885,-0.0435548623704656,0.2575212996253405
2023-12-06,0.4735087906826309,-0.7558218349242536,-0.030436543912819008,0.2790287556047551
2023-12-07,0.4881404453014258,-0.7802320490559179,-0.016404981155050073,0.2809037794173248
2023-12-08,0.4259887052546539,-0.7905610299287152,-0.0023813453404090894,0.2650314999625525
2023-12-11,0.3142750642586446,-0.7931988280331369,0.014244603256247339,0.3069822468272785
2023-12-12,0.07785150302696564,-0.793907359575201,0.03354554829935555,0.2985161063326484
2023-12-13,0.01067513034366016,-0.7888658500336332,0.05473084191999669,0.2912448903061003
2023-12-14,-0.15589286370224303,-0.7853688771202745,0.07937542798874087,0.2815233245986804
2023-12-15,-0.23937268100290585,-0.7953878945770667,0.10614843196779532,0.2958054134832653
2023-12-18,-0.29047952545526934,-0.8186690276967672,0.13151598530854053,0.3520376908543675
2023-12-19,-0.32275644628992034,-0.8476893104196052,0.15510296305798907,0.4004848551115119
2023-12-20,-0.322045281365556,-0.8742429509042837,0.1761114861336811,0.4415029254795799
2023-12-21,-0.27842417319613466,-0.8962921113504743,0.19649465633322058,0.4814293685493911
2023-12-22,-0.20536814250566357,-0.913382610123412,0.215825903460642,0.5372884250000509
2023-12-26,-0.12676983089286611,-0.9226697037790675,0.23408833846762597,0.5752755823458549
2023-12-27,-0.05916588171654171,-0.9232754312154139,0.2523028926612922,0.6106904361921348
2023-12-28,0.00117857461847396,-0.9184701716989979,0.26912990009526433,0.6355797629610467
2023-12-29,0.08142271933656238,-0.9089572884719846,0.28323393477061615,0.648979633673281
2024-01-02,0.23903508949521432,-0.8949231947186164,0.29481654151452713,0.6608608086555969
2024-01-03,0.34828925610603806,-0.8718572279812247,0.3064492941288632,0.705436119634282
2024-01-04,0.33679029278542444,-0.8406376947294566,0.32051227002532084,0.7603466993833631
2024-01-05,0.3659683219109396,-0.8014109440018367,0.33573019284601013,0.8084830125461278
2024-01-08,0.3969043454732997,-0.7541732332668076,0.35245614025911476,0.865014196320902
2024-01-09,0.2307044746251342,-0.6977194113989761,0.370997823628804,0.8853073947418209
2024-01-10,0.06444355356559002,-0.6241290706572501,0.3915466734423981,0.8912884131788305
2024-01-11,-0.07065380384141742,-0.5374084998577854,0.4094923506912849,0.8878772753440466
2024-01-12,-0.10043391298004664,-0.4316847378451575,0.42449694610989197,0.8917248406033748
2024-01-16,0.02560604628101814,-0.31192233215188536,0.4376876906145489,0.8998268012603379
2024-01-17,0.2243473768413274,-0.1836038794845326,0.44776104197819466,0.8915920763704697
2024-01-18,0.4482855579521767,-0.04950193628855883,0.455279302718937,0.8754831101076367
2024-01-19,0.5772532056770819,0.08727347084234699,0.4611490781032685,0.8613565461373301
2024-01-22,0.5156140757107335,0.2169784143697168,0.4658581297949116,0.8550765100818241
2024-01-23,0.25179592384186045,0.34389763993860817,0.4691343865017169,0.8571252818045607
2024-01-24,0.07015984244896753,0.4469678711094735,0.4698857678321674,0.8606549177964764
2024-01-25,-0.004639313755010826,0.5202404855904376,0.46904312703846324,0.8629913105821981
2024-01-26,-0.03899963467887331,0.5682924202768911,0.46740305004710764,0.8678957293151297
2024-01-29,-0.03311216547270096,0.5984484521597528,0.4661137226997927,0.8772914865937022
2024-01-30,-0.014411074371134836,0.6140380410278086,0.46585419694622476,0.88660387460196
2024-01-31,0.027768490990554884,0.6218482612144252,0.46865235889139706,0.9023462134517448
2024-02-01,0.07621325445790522,0.6269676974621735,0.4758603195656782,0.9234252177711448
2024-02-02,0.12449044193826575,0.6301187354665322,0.487781986058511,0.9163919586075588
2024-02-05,0.16319876762742763,0.6305212977579114,0.4993032881169262,0.9075447775559192
2024-02-06,0.18115901736240597,0.6296877220665313,0.5099724090265807,0.8772459516640867
2024-02-07,0.14316732782830952,0.6299746025692038,0.5210805672597051,0.864856986253746
2024-02-08,0.010458488305768177,0.6303150171672384,0.5341140690419217,0.8558231495674594
2024-02-09,-0.09704913581276059,0.6265050067843376,0.5476934567566729,0.8512647172646115
2024-02-12,-0.020268021471035222,0.6283464402786472,0.5597515199962124,0.8213742281729103
2024-02-13,0.08006978346292622,0.6268699648263265,0.5712701556276467,0.8102398953674178
2024-02-14,0.23305238536400244,0.6018540057188567,0.5834958016285754,0.7752909310403149
2024-02-15,0.15085431310156258,0.5441627748273198,0.597859404250895,0.6997833422389441
2024-02-16,-0.11569263070198876,0.45216584880723953,0.6166926770591082,0.6326973794214076
2024-02-20,-0.25438292988703637,0.3325911697185208,0.6407850611104978,0.5432214009677954
2024-02-21,-0.27612649313139065,0.1887638614990233,0.6652305023020294,0.4334880138613022
2024-02-22,-0.22387174301808127,0.057608058434348484,0.6860700755302892,0.290536570606192
2024-02-23,-0.16333750041413103,-0.018240311086929827,0.7006473672254576,0.2039488005926755
2024-02-26,-0.15049274652873731,-0.050205178285091426,0.7087704308051368,0.1468775299859492
2024-02-27,-0.19552511553045243,-0.035021994021590626,0.7063044227117279,0.0790766056570403
2024-02-28,-0.25552850229125074,0.014320780791915788,0.6912632025564828,0.0043139670157199
2024-02-29,-0.33312306946526193,0.08748911937136054,0.6638896243098772,-0.0513875668256497
2024-03-01,-0.3284286208387088,0.24291144273099544,0.6235969936417732,-0.0999158302739213
2024-03-04,-0.3379939405789513,0.4375559795977096,0.5709258078081816,-0.125578456230258
2024-03-05,-0.34390836961699345,0.6116207332760373,0.5073348969398911,-0.1415466479479646
2024-03-06,-0.3755692263962266,0.7362794005428286,0.43667087718956754,-0.1977738869396271
2024-03-07,-0.4335707539630964,0.8236172377598722,0.3604838339040018,-0.237450872883337
2024-03-08,-0.48585351749223016,0.8588332670644745,0.28971680653633974,-0.2419562000369418
2024-03-11,-0.5295184893500042,0.8654745475342503,0.21891302194948475,-0.2720617108875158
2024-03-12,-0.5472993606397732,0.8489407476480141,0.15110947575494968,-0.3093082556922875
2024-03-13,-0.5477314258904558,0.8319532706227262,0.0841728364739864,-0.2995978393397764
2024-03-14,-0.5449282985744375,0.8058591158860213,0.01816622444740825,-0.3003963443461651
2024-03-15,-0.5317130572772608,0.7563439230592188,-0.0458093783694366,-0.3061819969350534
2024-03-18,-0.48187645099753607,0.6892021663801783,-0.10827905797816065,-0.3345207755261407
2024-03-19,-0.361376339524835,0.6179264975507186,-0.16619964595769124,-0.3107235451417016
2024-03-20,-0.2805609381694324,0.547035139589162,-0.22038614668431714,-0.2917890227163671
2024-03-21,-0.25366825064354054,0.48540997996958374,-0.2606950581041883,-0.2169025556294847
2024-03-22,-0.2747585968215027,0.427752530455749,-0.29175383575745145,-0.1544191750015054
2024-03-25,-0.2522400421389752,0.37259201584087,-0.3202109596109022,-0.1136699084217522
2024-03-26,-0.19599919530217086,0.30906196175009837,-0.34981096518163746,-0.1315503143077889
2024-03-27,-0.12158388044692572,0.24776498005673714,-0.38025712615012075,-0.1670929162656466
2024-03-28,-0.019531423137153177,0.1940852072897786,-0.40999502353481915,-0.2007226994958812
2024-04-01,-0.046840545750565635,0.11088414691119071,-0.43744382701459233,-0.2228720061295056
2024-04-02,-0.06952638225024549,0.014534623326755213,-0.46163422621911976,-0.2488179128770253
2024-04-03,-0.11083455364332315,-0.0876569304405868,-0.4812091290268152,-0.2698794153790898
2024-04-04,-0.14137445883933447,-0.20905446797421273,-0.49457709174688713,-0.2735812613136365
2024-04-05,-0.12619249642410263,-0.34814228727797214,-0.5028442340268315,-0.2982236510114928
2024-04-08,-0.10109862103487118,-0.47923534595788897,-0.5051009616274508,-0.3478415023230199
2024-04-09,-0.06356334290003009,-0.5968146835375898,-0.5040928579856206,-0.4021737065717447
2024-04-10,-0.018227171244396597,-0.692941235466072,-0.5011543115047581,-0.4476806721239983
2024-04-11,0.010272205086723019,-0.7644470488867923,-0.49625763427330516,-0.4879897376380283
2024-04-12,0.011069735253219689,-0.8268510727100384,-0.48960008736336486,-0.5368944826394476
2024-04-15,-0.03584885290503965,-0.8729933780566842,-0.48248066047716126,-0.5615138281406555
2024-04-16,-0.3082835082388064,-0.901652110216328,-0.47603727706921667,-0.5887181683170474
2024-04-17,-0.5017402727303433,-0.9196155346712942,-0.47058897607774924,-0.620628479929837
2024-04-18,-0.6531476342015157,-0.9344485102899579,-0.4657540282049552,-0.6497187161725967
2024-04-19,-0.6384731469055006,-0.9446298491528282,-0.46281641472639506,-0.685822493942364
2024-04-22,-0.5839423192178634,-0.9513335383621497,-0.461842394671675,-0.7047910784450778
2024-04-23,-0.5679935447803878,-0.9538991363789874,-0.462321005270638,-0.6985977016271918
2024-04-24,-0.5374275545572935,-0.9533099168693301,-0.4627896361884036,-0.6960785112988778
2024-04-25,-0.5694876958037774,-0.9500577304463571,-0.46171025692836803,-0.6662931443182525
2024-04-26,-0.6225176178631804,-0.9447082749970377,-0.4580999280070634,-0.6206137056629086
2024-04-29,-0.6542592155495126,-0.9352105876379333,-0.4522482560399483,-0.5974951116074955
2024-04-30,-0.6518668310037409,-0.9220050907648598,-0.4441457967777546,-0.5525830503377444
2024-05-01,-0.6281946570496177,-0.9033908688022774,-0.4343264060725764,-0.5162217413134886
2024-05-02,-0.6256405241713014,-0.8792154346132037,-0.42291608683695686,-0.5280003113217592
2024-05-03,-0.6397433031417918,-0.8463790446641232,-0.4096245069146635,-0.5350526912371638
2024-05-06,-0.6487607523810934,-0.801814086042498,-0.39233545459684294,-0.5232170822514994
2024-05-07,-0.6534983480344139,-0.7465678337426104,-0.37295598534712227,-0.5119638651394541
2024-05-08,-0.6437044479711689,-0.6821038626986361,-0.3509711379813348,-0.5259135104056746
2024-05-09,-0.6362623185515668,-0.6064858357777043,-0.32909051225231967,-0.5541490007341668
2024-05-10,-0.6335325832773868,-0.5266596420424926,-0.3074165925485016,-0.5378311482340791
2024-05-13,-0.6335620690820705,-0.4538594249415553,-0.28604767328507014,-0.5095960412272574
2024-05-14,-0.5574076314752066,-0.3893837573605139,-0.2652903377159073,-0.4746859984958166
2024-05-15,-0.4626181465495807,-0.3376069447456098,-0.24613101133440476,-0.3952358897662329
