Date,AMZN,SPY,IC
2020-01-02,94.900497,303.135559,0.4827628865600429
2020-01-03,93.748497,300.840179,0.4762830612423432
2020-01-06,95.143997,301.987946,0.4638806486582228
2020-01-07,95.343002,301.138763,0.4601435540712491
2020-01-08,94.598503,302.743713,0.4633926386485298
2020-01-09,95.052498,304.796509,0.5104044685348677
2020-01-10,94.157997,303.919342,0.5196228719275964
2020-01-13,94.565002,306.009521,0.5547472699887446
2020-01-14,93.472,305.542999,0.6436216456878922
2020-01-15,93.100998,306.233582,0.6789338279779233
2020-01-16,93.897003,308.780853,0.7334929686295095
2020-01-17,93.236,309.741943,0.7519037576944083
2020-01-21,94.599998,309.135437,0.7609852479823539
2020-01-22,94.373001,309.172668,0.7534125268144083
2020-01-23,94.228996,309.527313,0.75645285360106
2020-01-24,93.082001,306.774597,0.7423483158093203
2020-01-27,91.417,301.857269,0.7434360436387162
2020-01-28,92.662498,305.020477,0.7670081211171185
2020-01-29,92.900002,304.768494,0.7840769818425699
2020-01-30,93.533997,305.757538,0.8088407660860875
2020-01-31,100.435997,300.205688,0.8273330147343105
2020-02-03,100.209999,302.435822,0.8206824495786565
2020-02-04,102.483498,307.045258,0.8176791172559009
2020-02-05,101.9935,310.591064,0.8118045595002603
2020-02-06,102.511497,311.636108,0.8079723210562878
2020-02-07,103.963997,309.975189,0.7964062603002322
2020-02-10,106.695503,312.289307,0.7794687557651505
2020-02-11,107.540001,312.830505,0.7575308439354385
2020-02-12,108.0,314.845978,0.7349618308279107
2020-02-13,107.4935,314.510101,0.6786669914508973
2020-02-14,106.7435,315.013947,0.6068113536928244
2020-02-18,107.783501,314.202148,0.5313013763898042
2020-02-19,108.511002,315.704437,0.447850195230734
2020-02-20,107.654999,314.407471,0.4002863609198267
2020-02-21,104.7985,311.169525,0.3558100369442828
2020-02-24,100.4645,300.849487,0.3254859728907452
2020-02-25,98.637001,291.733154,0.3348327438911316
2020-02-26,98.9795,290.660034,0.353617543035313
2020-02-27,94.214996,277.606049,0.3843283691177185
2020-02-28,94.1875,276.439636,0.4298537736914132
2020-03-02,97.697502,288.411316,0.4723927396472655
2020-03-03,95.449501,280.153442,0.5322556807529513
2020-03-04,98.791496,291.929016,0.589229966365494
2020-03-05,96.2015,282.224854,0.651080530995091
2020-03-06,95.054497,277.559357,0.7121931754714302
2020-03-09,90.030502,255.883514,0.7730399352436995
2020-03-10,94.591003,269.124176,0.802134701077875
2020-03-11,91.042999,256.004791,0.8486377923682086
2020-03-12,83.830498,231.510986,0.8782109622185591
2020-03-13,89.25,251.302017,0.8832339163256985
2020-03-16,84.457497,223.803604,0.9097118869442332
2020-03-17,90.391998,235.887207,0.9049598766140358
2020-03-18,91.5,223.943558,0.907342581288862
2020-03-19,94.046501,224.419403,0.9018974059631518
2020-03-20,92.304497,214.74823,0.8990978183827362
2020-03-23,95.141502,209.257538,0.8977058519489006
2020-03-24,97.004997,228.216934,0.9229873943682966
2020-03-25,94.292,231.633392,0.926045241029398
2020-03-26,97.774498,245.158432,0.9207124374207952
2020-03-27,95.004997,237.856201,0.9150710736855712
2020-03-30,98.197502,245.58078,0.8973563652070852
2020-03-31,97.486,241.920288,0.8839329292707558
2020-04-01,95.385002,231.032669,0.870029263046057
2020-04-02,95.941498,236.363876,0.845569277305726
2020-04-03,95.329498,232.947418,0.8120805973340965
2020-04-06,99.879501,248.593613,0.749333635941506
2020-04-07,100.580002,248.847061,0.7105577636542737
2020-04-08,102.150002,257.200439,0.6640038833218501
2020-04-09,102.138,261.11438,0.6820050597513193
2020-04-13,108.443497,258.730316,0.780457942978599
2020-04-14,114.166,266.361084,0.8091340484677588
2020-04-15,115.384003,260.701324,0.798497893325541
2020-04-16,120.4095,261.959015,0.78880211220645
2020-04-17,118.75,269.036041,0.798783349513378
2020-04-20,119.680496,264.296112,0.8040119396125707
2020-04-21,116.405998,256.271179,0.8063928934784891
2020-04-22,118.1745,261.959015,0.7998212349385888
2020-04-23,119.972504,261.940277,0.7908826999449721
2020-04-24,120.511002,265.5914,0.7921847102434408
2020-04-27,118.800003,269.420837,0.7899118533260601
2020-04-28,115.704002,268.181976,0.7629979606418064
2020-04-29,118.635498,275.202484,0.7418345913198942
2020-04-30,123.699997,272.640167,0.7183484703196485
2020-05-01,114.302002,265.422516,0.7169454124477838
2020-05-04,115.7995,266.154602,0.694328074309456
2020-05-05,115.889999,268.613708,0.6667319118148937
2020-05-06,117.563004,266.792877,0.6492235940913822
2020-05-07,118.380501,270.012085,0.6422569852914244
2020-05-08,118.980499,274.479767,0.6314326694938549
2020-05-11,120.449997,274.536133,0.6302157458783004
2020-05-12,117.847504,269.064209,0.6161524611322318
2020-05-13,118.396004,264.305542,0.6129755247502829
2020-05-14,119.442497,267.468567,0.6073774131738926
2020-05-15,120.488998,268.69809,0.6164063204859225
2020-05-18,121.313004,276.882538,0.6291897892417168
2020-05-19,122.466499,274.038666,0.6327521182900528
2020-05-20,124.897003,278.69397,0.6370538908999442
2020-05-21,122.336998,276.769958,0.6610734547395102
2020-05-22,121.844002,277.295593,0.6737756791802418
2020-05-26,121.093002,280.712006,0.679245767652001
2020-05-27,120.519501,284.888702,0.6686314896736558
2020-05-28,120.055,284.363129,0.6596372142872053
2020-05-29,122.1185,285.630249,0.6500113537117878
2020-06-01,123.552002,286.784637,0.6373037899161055
2020-06-02,123.620499,289.159302,0.628305667624035
2020-06-03,123.919998,293.007477,0.6246489090598472
2020-06-04,123.029999,292.237823,0.6441622020562286
2020-06-05,124.150002,299.727722,0.6556485488403696
2020-06-08,126.203003,303.350739,0.7095916202850115
2020-06-09,130.042999,301.088623,0.7866473975794281
2020-06-10,132.372498,299.40863,0.8323558867977847
2020-06-11,127.898003,282.148041,0.854748339249048
2020-06-12,127.250999,285.526886,0.8385204568864763
2020-06-15,128.634003,288.192505,0.8204959364272347
2020-06-16,130.763504,293.739532,0.8107114192159888
2020-06-17,132.048996,292.51944,0.8172860534613018
2020-06-18,132.699005,292.63205,0.8174695397972456
2020-06-19,133.750504,290.959717,0.8216862025983399
2020-06-22,135.690994,292.826202,0.8296661539575401
2020-06-23,138.220505,294.174286,0.836237347905132
2020-06-24,136.720001,286.670258,0.8436624532937244
2020-06-25,137.729004,289.743561,0.8368844581308523
2020-06-26,134.643494,282.861755,0.8351313414314866
2020-06-29,134.018997,287.019104,0.8201056683714452
2020-06-30,137.940994,290.695709,0.8192397428397764
2020-07-01,143.934998,292.731934,0.8223066819740869
2020-07-02,144.514999,294.344025,0.8259873306811073
2020-07-06,152.852005,298.887878,0.8299001753748535
2020-07-07,150.005997,295.805298,0.8469484270214304
2020-07-08,154.055496,298.06778,0.8621451332449158
2020-07-09,159.1315,296.37088,0.8687878075325658
2020-07-10,160.0,299.396942,0.8984571250594149
2020-07-13,155.199997,296.804474,0.9241552920834716
2020-07-14,154.199997,300.650787,0.9404660022018846
2020-07-15,150.443497,303.412964,0.9459591720841596
2020-07-16,149.994995,302.413605,0.940643522411509
2020-07-17,148.098495,303.290405,0.924175422793175
2020-07-20,159.841995,305.741425,0.9106670045852294
2020-07-21,156.914505,306.391968,0.9088320275879478
2020-07-22,154.995499,308.135956,0.8948179969967688
2020-07-23,149.327499,304.459381,0.881576023100104
2020-07-24,150.445496,302.498505,0.8751253989546611
2020-07-27,152.760498,304.704498,0.8720398348510887
2020-07-28,150.016495,302.771851,0.8783163437580531
2020-07-29,151.676498,306.495605,0.8789505451932024
2020-07-30,152.593994,305.402069,0.8767633197621735
2020-07-31,158.233994,307.815399,0.8763469947798993
2020-08-03,155.594498,309.955414,0.8914987874886579
2020-08-04,156.941498,311.152649,0.8928021226668261
2020-08-05,160.251495,313.085175,0.8956887640938522
2020-08-06,161.25,315.178009,0.9036174883094564
2020-08-07,158.373001,315.404297,0.9065718397235027
2020-08-10,157.408005,316.346985,0.9053759106325706
2020-08-11,154.033493,313.735657,0.9009656567503992
2020-08-12,158.112,318.109894,0.8867517189690354
2020-08-13,158.050995,317.53479,0.8822321592999472
2020-08-14,157.401001,317.544189,0.8889512299997666
2020-08-17,159.120499,318.552948,0.8947897688509601
2020-08-18,165.624496,319.241119,0.8963992956945827
2020-08-19,163.024002,317.911926,0.9032189010981744
2020-08-20,164.8685,318.901703,0.902028139917259
2020-08-21,164.235992,320.03302,0.9059245173582394
2020-08-24,165.373001,323.275909,0.9058458253483048
2020-08-25,167.324493,324.407135,0.9013515985258724
2020-08-26,172.092499,327.659546,0.8927059972166457
2020-08-27,170.0,328.376038,0.8867796992434624
2020-08-28,170.089996,330.497131,0.8849927788934709
2020-08-31,172.548004,329.299835,0.8746583872318806
2020-09-01,174.955994,332.401367,0.8571747670085178
2020-09-02,176.572495,337.20929,0.8327835030981048
2020-09-03,168.399994,325.604523,0.8118446647175069
2020-09-04,164.731003,322.946014,0.8141435777829049
2020-09-08,157.492004,314.122131,0.8063550932736345
2020-09-09,163.430496,320.325226,0.8110299188549779
2020-09-10,158.755493,314.763214,0.824356917141977
2020-09-11,155.811005,314.923553,0.8357133084524402
2020-09-14,155.148499,319.07135,0.7809572370436788
2020-09-15,157.806503,320.683533,0.6879541829359022
2020-09-16,153.904999,319.410858,0.6409332726923668
2020-09-17,150.436493,316.601501,0.6036437956926435
2020-09-18,147.745499,312.956512,0.55503270459641
2020-09-21,148.023499,309.473511,0.48286663265579
2020-09-22,156.449493,312.625305,0.4059992831187266
2020-09-23,149.992996,305.375214,0.3633311968659776
2020-09-24,150.989502,306.189209,0.2725521927886655
2020-09-25,154.7565,311.139313,0.1794670442664984
2020-09-28,158.702499,316.307159,0.1154867255354082
2020-09-29,157.244003,314.584595,0.0779597881222622
2020-09-30,157.436493,316.969727,0.0625054883870708
2020-10-01,161.063004,319.004639,0.0533186806850967
2020-10-02,156.25,315.975922,0.0537129014173582
2020-10-05,159.960007,321.579102,0.0453230651887713
2020-10-06,154.998001,317.007568,0.0515961105097094
2020-10-07,159.7845,322.525574,0.0200309632974511
2020-10-08,159.527496,325.384033,0.0077191587554638
2020-10-09,164.332504,328.289764,-0.0053218578248217
2020-10-12,172.1465,333.571106,-0.0004361565040769
2020-10-13,172.181503,331.394196,-0.0299546822026078
2020-10-14,168.185501,329.311951,-0.0447960704461
2020-10-15,166.932495,328.904938,-0.0413425716116244
2020-10-16,163.635498,328.706238,-0.0183386789221965
2020-10-19,160.360504,323.70871,0.004235822374943
2020-10-20,160.850494,325.005402,0.0569843966925833
2020-10-21,159.246994,324.390198,0.1102523223689634
2020-10-22,158.820007,326.169495,0.1354230358423013
2020-10-23,160.220001,327.276947,0.1557140924203316
2020-10-26,160.352005,321.228912,0.1830903774156004
2020-10-27,164.316498,320.12149,0.2173404668825132
2020-10-28,158.139008,309.180084,0.3101172973263629
2020-10-29,160.550507,312.322449,0.3768109976301459
2020-10-30,151.807495,309.066528,0.4894720661272995
2020-11-02,150.223999,312.53067,0.450209540208574
2020-11-03,152.420502,318.048676,0.360644205016231
2020-11-04,162.057999,325.156891,0.2610148645675016
2020-11-05,166.100006,331.498322,0.3742431784659651
2020-11-06,165.568497,331.422607,0.5132390934480944
2020-11-09,157.186996,335.587097,0.6766976224798821
2020-11-10,151.751007,335.094971,0.6479271305699003
2020-11-11,156.869507,337.584259,0.5226780013355059
2020-11-12,155.514008,334.309357,0.4481416755433722
2020-11-13,156.440506,338.937744,0.3939263031968125
2020-11-16,156.552994,343.168549,0.3278186920300434
2020-11-17,156.783005,341.322845,0.2689497920149135
2020-11-18,155.272995,337.215118,0.2097306303686423
2020-11-19,155.850998,338.634796,0.2286886069757497
2020-11-20,154.970001,336.315918,0.2789532065572379
2020-11-23,154.919495,338.332031,0.2820481960796082
2020-11-24,155.903,343.783722,0.2871862110980677
2020-11-25,159.253494,343.253754,0.3227799453406401
2020-11-27,159.766998,344.209686,0.3292087530242101
2020-11-30,158.401993,342.685822,0.3457051443743017
2020-12-01,161.003998,346.433838,0.3374038108179977
2020-12-02,160.176498,347.16272,0.3623043499827013
2020-12-03,159.336502,347.068115,0.4137878842427714
2020-12-04,158.128998,350.05896,0.4407976684594654
2020-12-07,157.899994,349.339569,0.4734361182407716
2020-12-08,158.864502,350.361908,0.508086158054566
2020-12-09,155.210007,347.219513,0.5319724646112743
2020-12-10,155.074493,347.105957,0.5243385806663685
2020-12-11,155.820999,346.698883,0.5035919371682825
2020-12-14,157.848495,345.146698,0.46816078718962
2020-12-15,158.255997,349.812744,0.4481615141199892
2020-12-16,162.048004,350.361908,0.4294988103638506
2020-12-17,161.804001,352.321106,0.457233968600064
2020-12-18,160.082504,350.914307,0.4830076620328527
2020-12-21,160.309006,349.659576,0.4689241028629941
2020-12-22,160.326004,349.070221,0.4377749377917658
2020-12-23,159.263504,349.383942,0.41267423334503
2020-12-24,158.634506,350.743225,0.3424273524849468
2020-12-28,164.197998,353.756409,0.2924561118324111
2020-12-29,166.100006,353.081451,0.3179702587801071
2020-12-30,164.292496,353.585236,0.3368765574500407
2020-12-31,162.846497,355.381744,0.3408979215543812
2021-01-04,159.331497,350.543579,0.3503295070644481
2021-01-05,160.925507,352.957947,0.385234877736979
2021-01-06,156.919006,355.068115,0.3842290423965874
2021-01-07,158.108002,360.343506,0.3655679408095
2021-01-08,159.134995,362.396637,0.3349105840664539
2021-01-11,155.710495,359.953796,0.2939401516286336
2021-01-12,156.041504,360.029755,0.2412297442596879
2021-01-13,158.294495,360.999329,0.1818066721453593
2021-01-14,156.373505,359.735138,0.1227037518150412
2021-01-15,155.212494,357.111664,0.0669705041930015
2021-01-19,156.037994,359.915771,0.0121685655197794
2021-01-20,163.169006,364.896545,-0.0353343529659108
2021-01-21,165.349503,365.229218,-0.0445225934584441
2021-01-22,164.611496,363.936432,-0.0519189992417756
2021-01-25,164.699997,365.371765,-0.0433807977913214
2021-01-26,166.306503,364.801453,-0.0379457504473579
2021-01-27,161.628998,355.885559,-0.035641743798213
2021-01-28,161.880997,358.946259,-0.0448620879905663
2021-01-29,160.309998,351.760284,-0.0453052842417762
2021-02-01,167.143997,357.615479,-0.0464017844340986
2021-02-02,169.0,362.672241,0.0290829537540569
2021-02-03,165.626495,362.957428,0.1138233143010293
2021-02-04,166.550003,367.082611,0.2150981138904406
2021-02-05,167.607498,368.527496,0.2855640605874342
2021-02-08,166.147003,371.188995,0.380631478200119
2021-02-09,165.25,370.941833,0.4574549291511859
2021-02-10,164.328995,370.780243,0.5555932317764071
2021-02-11,163.106506,371.379059,0.6339871410915185
2021-02-12,163.885498,373.213623,0.6954459899010156
2021-02-16,163.447495,372.890381,0.7322198911858931
2021-02-17,165.432007,372.975983,0.7736272967507949
2021-02-18,166.411499,371.388519,0.8209300945834359
2021-02-19,162.494995,370.732727,0.8717204383975987
2021-02-22,159.037003,367.881165,0.8975617344241692
2021-02-23,159.725006,368.32785,0.9157805540499144
2021-02-24,157.976501,372.386597,0.9324159611180362
2021-02-25,152.858002,363.413666,0.9375535048250304
2021-02-26,154.6465,361.541138,0.9429847685194728
2021-03-01,157.307007,370.304962,0.9557750552842736
2021-03-02,154.726501,367.415405,0.9608162790927154
2021-03-03,150.25,362.548737,0.9653186460239888
2021-03-04,148.878494,358.062225,0.965208008503811
2021-03-05,150.022995,364.649414,0.9682352285428594
2021-03-08,147.597504,362.833862,0.9648486256670804
2021-03-09,153.142502,368.014221,0.9546760181580536
2021-03-10,152.882004,370.304962,0.9478323984855548
2021-03-11,155.679504,374.05954,0.9306355404101306
2021-03-12,154.474503,374.563324,0.9040412214086913
2021-03-15,154.084,376.797058,0.8917001456922867
2021-03-16,154.593002,376.321808,0.8846767069622034
2021-03-17,156.786499,377.605011,0.869783898786008
2021-03-18,151.399506,372.111023,0.8536915005536213
2021-03-19,153.748001,371.422455,0.8373971475151102
2021-03-22,155.543503,374.388245,0.8233616671520274
2021-03-23,156.875,371.441559,0.8133588564896461
2021-03-24,154.3535,369.553314,0.809337643073597
2021-03-25,152.313004,371.632294,0.7886765454259425
2021-03-26,152.601501,377.621094,0.7422795633940548
2021-03-29,153.786499,377.430328,0.6935394146680136
2021-03-30,152.764496,376.428986,0.6342945956590361
2021-03-31,154.703995,377.954895,0.5248544412995947
2021-04-01,158.050003,382.036407,0.387834512984844
2021-04-05,161.336502,387.519836,0.2761494852040286
2021-04-06,161.190994,387.291016,0.2135973597208115
2021-04-07,163.969498,387.739136,0.1403696477082086
2021-04-08,164.964996,389.579681,0.0787835864431675
2021-04-09,168.610001,392.411926,0.0327892029420164
2021-04-12,168.969498,392.555084,0.0470555487410802
2021-04-13,170.0,393.718384,0.0761768601926591
2021-04-14,166.649994,392.37384,0.1385976990572678
2021-04-15,168.954498,396.588928,0.1841825659568529
2021-04-16,169.972,397.914459,0.237291231102309
2021-04-19,168.600494,395.959534,0.2773047662988072
2021-04-20,166.734497,393.060455,0.3213786658637296
2021-04-21,168.100998,396.779663,0.3731831354233915
2021-04-22,165.451996,393.155823,0.3433393726651751
2021-04-23,167.044006,397.418549,0.3782256005530394
2021-04-26,170.449997,398.248199,0.4247096991504934
2021-04-27,170.871506,398.162445,0.4662030196825628
2021-04-28,172.925003,398.047974,0.508412181380164
2021-04-29,173.565506,400.584625,0.5471467364992965
2021-04-30,173.371002,397.952606,0.5824972867650182
2021-05-03,169.324493,398.810913,0.6413756270528467
2021-05-04,165.593506,396.350494,0.669825652512614
2021-05-05,163.526993,396.474487,0.6877938982422889
2021-05-06,165.318497,399.640594,0.7159564597618442
2021-05-07,164.580505,402.549133,0.7522931621318018
2021-05-10,159.524506,398.562958,0.7863058874863514
2021-05-11,161.195496,395.005798,0.7943277744153879
2021-05-12,157.597,386.613892,0.813780010285302
2021-05-13,158.073502,391.258118,0.8328532977771163
2021-05-14,161.145004,397.265991,0.839562350698387
2021-05-17,163.519501,396.255127,0.8476119990307496
2021-05-18,161.613998,392.841125,0.8535670417539502
2021-05-19,161.589996,391.811188,0.8567442930758473
2021-05-20,162.384003,396.026306,0.8554855689286496
2021-05-21,160.154007,395.702026,0.8554933508428133
2021-05-24,162.249496,399.735901,0.8495677392715614
2021-05-25,162.952499,398.84906,0.8493689313462981
2021-05-26,163.257996,399.640594,0.8452189318060433
2021-05-27,161.505493,399.850372,0.8455691691282612
2021-05-28,161.153503,400.565582,0.837994133998842
2021-06-01,160.932495,400.212769,0.8318236602315116
2021-06-02,161.699493,400.842102,0.8162326981797271
2021-06-03,159.350494,399.354492,0.7390024284851833
2021-06-04,160.311005,403.006836,0.6601803712866987
2021-06-07,159.900497,402.615906,0.579063927638663
2021-06-08,163.205505,402.701721,0.500413255202654
2021-06-09,164.057495,402.100983,0.4103008855280433
2021-06-10,167.482498,403.970032,0.2997985606455794
2021-06-11,167.341507,404.637634,0.2094953155940124
2021-06-14,169.193497,405.543579,0.1140872809191289
2021-06-15,169.156494,404.799683,0.0204578074938573
2021-06-16,170.762497,402.539581,-0.0718026962213282
2021-06-17,174.462006,402.406067,-0.1618683115034797
2021-06-18,174.345001,396.977478,-0.2249293438234498
2021-06-21,172.697998,402.660553,-0.2971302834347507
2021-06-22,175.272003,404.813324,-0.3408848864925287
2021-06-23,175.190994,404.325348,-0.3644658215148125
2021-06-24,172.453995,406.717255,-0.4092840832713902
2021-06-25,170.072998,408.161926,-0.4674736002155485
2021-06-28,172.194504,408.984802,-0.5260421724292862
2021-06-29,172.406998,409.204834,-0.5698390800670791
2021-06-30,172.007996,409.549225,-0.6100090620953137
2021-07-01,171.648499,411.816742,-0.6428731959464117
2021-07-02,175.548996,414.964508,-0.643182226480639
2021-07-06,183.787003,414.208618,-0.6138783397324008
2021-07-07,184.828995,415.672455,-0.5683079567587971
2021-07-08,186.570496,412.285583,-0.5247760537235167
2021-07-09,185.966995,416.686646,-0.461600515987492
2021-07-12,185.927505,418.179199,-0.4131469621723998
2021-07-13,183.867996,416.753632,-0.3683352541262178
2021-07-14,184.084,417.375488,-0.3291365088063649
2021-07-15,181.559998,415.949982,-0.297474767492453
2021-07-16,178.681503,412.687378,-0.2589222121502843
2021-07-19,177.479507,406.592926,-0.2193330266385074
2021-07-20,178.6595,412.419556,-0.1584863475918497
2021-07-21,179.259995,415.758606,-0.0880188938433194
2021-07-22,181.901505,416.629242,-0.0288286878721942
2021-07-23,182.832001,420.915558,0.0778031541675396
2021-07-26,184.990997,421.948792,0.1523198028693557
2021-07-27,181.319504,420.025757,0.2180059885196971
2021-07-28,181.516006,419.853485,0.3021901859382359
2021-07-29,179.996002,421.594818,0.4133204012918077
2021-07-30,166.379501,419.547394,0.5024015409048371
2021-08-02,166.574005,418.667145,0.5020159312251484
2021-08-03,168.311996,422.073242,0.5112691966682629
2021-08-04,167.735992,419.997009,0.5237362020332257
2021-08-05,168.7995,422.656891,0.5412194837832771
2021-08-06,167.246994,423.355255,0.5911359069897374
2021-08-09,167.093506,423.010803,0.6132110467331542
2021-08-10,166.033997,423.537018,0.6237645705829975
2021-08-11,164.605499,424.589508,0.6264815317216256
2021-08-12,165.175003,425.861908,0.6343454011598567
2021-08-13,164.698502,426.636902,0.6515118258576997
2021-08-16,164.949493,427.64151,0.6727279633525431
2021-08-17,162.098007,424.838226,0.6906997318474978
2021-08-18,160.061005,420.188385,0.7013392813192533
2021-08-19,159.387497,420.838959,0.7051128717042255
2021-08-20,159.997498,424.187622,0.7181578740653245
2021-08-23,163.293503,427.918976,0.7515113110552021
2021-08-24,165.289001,428.598297,0.7762662642786758
2021-08-25,164.959,429.497589,0.7935660409877472
2021-08-26,165.800003,426.962189,0.77971572464122
2021-08-27,167.481506,430.779694,0.729326421386046
2021-08-30,171.078506,432.674072,0.7139742541356274
2021-08-31,173.539505,432.03302,0.7005175889791517
2021-09-01,173.949997,432.262665,0.6931474893437988
2021-09-02,173.156006,433.592499,0.6522014960172617
2021-09-03,173.902496,433.487244,0.5807027769400981
2021-09-07,175.464493,431.937347,0.5043373115847216
2021-09-08,176.274994,431.411163,0.4779600774111725
2021-09-09,174.207993,429.564606,0.5113050081872739
2021-09-10,173.457504,426.177734,0.5634363183418847
2021-09-13,172.858505,427.268372,0.607401935118462
2021-09-14,172.5,424.962585,0.6550834168690348
2021-09-15,173.789505,428.512177,0.6839631223922847
2021-09-16,174.412003,427.832916,0.7086485740554319
2021-09-17,173.126007,423.665283,0.7465160843906
2021-09-20,167.786499,416.601074,0.7853303812045278
2021-09-21,167.181503,416.20752,0.8053385389623211
2021-09-22,169.002502,420.267548,0.8199105163219288
2021-09-23,170.800003,425.373779,0.8229109085149806
2021-09-24,171.276001,426.074493,0.8294714814374141
2021-09-27,170.289993,424.85556,0.8421260628944258
2021-09-28,165.798004,416.293915,0.8527544912181729
2021-09-29,165.056,416.994598,0.8589482173488207
2021-09-30,164.251999,411.897919,0.8571268157724198
2021-10-01,164.162994,416.792999,0.8591767448384382
2021-10-04,159.488998,411.41803,0.8511967877784219
2021-10-05,161.050003,415.698822,0.8314910880576223
2021-10-06,163.100494,417.426483,0.8155008590993215
2021-10-07,165.121506,421.0354,0.8027980782857344
2021-10-08,164.431,420.267548,0.7928586515457181
2021-10-11,162.315002,417.224915,0.7824009398037208
2021-10-12,162.366501,416.197968,0.7585481023753935
2021-10-13,164.214005,417.695221,0.7222314964168777
2021-10-14,164.992996,424.7211,0.6681487220492349
2021-10-15,170.451004,427.955688,0.6043565912543768
2021-10-18,172.337006,429.222656,0.5953855004082348
2021-10-19,172.207504,432.534088,0.6073388862375593
2021-10-20,170.753006,434.232971,0.5976935469869482
2021-10-21,171.750504,435.36554,0.5982178973687429
2021-10-22,166.777496,434.914459,0.6204169752501708
2021-10-25,166.018494,437.246796,0.5892617533316472
2021-10-26,168.803497,437.64032,0.5398788195700869
2021-10-27,169.624496,435.701508,0.4844421002807537
2021-10-28,172.328506,439.905548,0.3688564118574945
2021-10-29,168.621506,440.798187,0.3047453767680741
2021-11-01,165.905502,441.556458,0.2095167735447692
2021-11-02,165.637497,443.341675,0.1133166224394415
2021-11-03,169.199997,446.04837,0.0167318653961835
2021-11-04,173.850006,448.150391,-0.0274059215712919
2021-11-05,175.949493,449.705292,-0.0845741105915484
2021-11-08,174.449005,450.089264,-0.1008205039181288
2021-11-09,178.811493,448.601532,-0.1122066029936356
2021-11-10,174.102493,444.992584,-0.1099208805364926
2021-11-11,173.625,445.136566,-0.097521856755232
2021-11-12,176.257507,448.495911,-0.1088060005843176
2021-11-15,177.283997,448.649445,-0.1265884233266439
2021-11-16,177.035004,450.42514,-0.1102715280954787
2021-11-17,177.449997,449.330994,-0.1053922017336031
2021-11-18,184.802994,450.857086,-0.0359667815733071
2021-11-19,183.828506,450.050903,0.0540734109375746
2021-11-22,178.628494,448.783844,0.1989439979291705
2021-11-23,179.001999,449.379028,0.4072871113907936
2021-11-24,179.020493,450.578735,0.5132268434746348
2021-11-26,175.227997,440.529419,0.6094879845557443
2021-11-29,178.078506,445.933228,0.6950996741477274
2021-11-30,175.3535,437.25647,0.7514643846064405
2021-12-01,172.186005,432.399719,0.7952803961811796
2021-12-02,171.867996,439.022461,0.8329412567899749
2021-12-03,169.489502,435.202454,0.8504809436208898
2021-12-06,171.3685,440.356659,0.8659165043872141
2021-12-07,176.164505,449.465332,0.8783513635992363
2021-12-08,176.158005,450.655518,0.881975656077918
2021-12-09,174.171005,447.612885,0.8820853114168903
2021-12-10,172.212006,451.826508,0.8832974236423794
2021-12-13,169.567505,447.824066,0.8821723800831857
2021-12-14,169.091507,444.743011,0.8791882052904167
2021-12-15,173.315002,451.6922,0.8802088570735633
2021-12-16,168.871002,447.708893,0.8716703556816346
2021-12-17,170.017502,442.94397,0.8692691739064609
2021-12-20,167.078995,438.233917,0.8731907743271186
2021-12-21,170.417007,446.016541,0.8752363246348994
2021-12-22,171.037003,450.476135,0.8731743556040739
2021-12-23,171.068497,453.279053,0.8675045298100541
2021-12-27,169.669495,459.693939,0.8662986253410074
2021-12-28,170.660995,459.318237,0.850189153673639
2021-12-29,169.201004,459.905853,0.8361508808237942
2021-12-30,168.644501,458.634399,0.8204105181266843
2021-12-31,166.716995,457.478546,0.8029085620767811
2022-01-03,170.404495,460.12735,0.7902233751645436
2022-01-04,167.522003,459.973236,0.7709939977911968
2022-01-05,164.356995,451.140808,0.7560731430571004
2022-01-06,163.253998,450.716949,0.7658536588858353
2022-01-07,162.554001,448.935059,0.7784103206721585
2022-01-10,161.485992,448.376373,0.7763305878298435
2022-01-11,165.362,452.460358,0.7651902057143397
2022-01-12,165.207001,453.683594,0.7401687942516065
2022-01-13,161.214005,447.432434,0.7198379261515855
2022-01-14,162.138,447.615509,0.6978656969078043
2022-01-18,158.917496,439.688354,0.6637294629261584
2022-01-19,156.298996,435.122833,0.642908391446518
2022-01-20,151.667496,430.306824,0.6382474953498732
2022-01-21,142.643005,421.859619,0.6449168096566384
2022-01-24,144.544006,423.651184,0.6707025939161586
2022-01-25,139.985992,418.478821,0.6810665430348211
2022-01-26,138.872498,417.429016,0.7021858113742431
2022-01-27,139.637497,415.367676,0.7248309454944817
2022-01-28,143.977997,425.683563,0.7448651881085373
2022-01-31,149.573502,433.350586,0.7848477238338385
2022-02-01,151.193497,436.278687,0.814930748300015
2022-02-02,150.612503,440.516724,0.839508133845923
2022-02-03,138.845505,430.162384,0.8802859551852772
2022-02-04,157.639496,432.185059,0.9489554118656228
2022-02-07,157.935501,430.798065,0.9514861133989346
2022-02-08,161.413498,434.342621,0.951783948176924
2022-02-09,161.189499,440.699738,0.9488812763373614
2022-02-10,159.003494,432.782288,0.9459411208971056
2022-02-11,153.293503,424.248352,0.942881093056413
2022-02-14,155.167007,422.861389,0.9412014584051444
2022-02-15,156.510498,429.680786,0.9404867481406766
2022-02-16,158.100494,430.162384,0.9404040220234766
2022-02-17,154.652496,420.973541,0.940000730354428
2022-02-18,152.601501,418.247681,0.9407811120887304
2022-02-22,150.197495,413.759216,0.9376569719614756
2022-02-23,144.826996,406.419678,0.933651004404092
2022-02-24,151.358002,412.53595,0.9346653915571672
2022-02-25,153.788498,421.638092,0.9403624046087156
2022-02-28,153.563004,420.559326,0.9446219691170762
2022-03-01,151.141998,414.154114,0.9489062391453776
2022-03-02,152.052505,421.77298,0.9520801733725988
2022-03-03,147.898499,419.673157,0.9488489273165712
2022-03-04,145.641006,416.263519,0.9453288392923822
2022-03-07,137.453003,403.992401,0.9404299364387212
2022-03-08,136.014496,400.929443,0.9139692954462774
2022-03-09,139.279007,411.678711,0.9096890582230324
2022-03-10,146.817505,409.819763,0.9115108307857336
2022-03-11,145.524506,404.608826,0.9283071674469136
2022-03-14,141.852997,401.651825,0.944633375175424
2022-03-15,147.366501,410.484314,0.9586587928848525
2022-03-16,153.104004,419.586517,0.9663666108652552
2022-03-17,157.238998,424.835968,0.9698859217671476
2022-03-18,161.250504,429.489044,0.9725142626306236
2022-03-21,161.491501,429.363464,0.9733383047998864
2022-03-22,164.889008,434.387604,0.9751000248907816
2022-03-23,163.408005,428.793396,0.975470824155306
2022-03-24,163.649506,435.257172,0.977197824267998
2022-03-25,164.773499,437.382813,0.9776075022551244
2022-03-28,168.990494,440.493927,0.9778733629760644
2022-03-29,169.315002,445.943176,0.9775151269237782
2022-03-30,166.300995,443.189575,0.9759142599855616
2022-03-31,162.997498,436.368317,0.9715239350520368
2022-04-01,163.559998,437.605072,0.9697429939097256
2022-04-04,168.346497,441.353821,0.967986389357346
2022-04-05,164.054993,435.778931,0.964677525448234
2022-04-06,158.755997,431.421417,0.9619229392254094
2022-04-07,157.7845,433.595337,0.9592498503597964
2022-04-08,154.460495,432.435944,0.9556879558962622
2022-04-11,151.121994,425.044617,0.9533495402322464
2022-04-12,150.787506,423.469788,0.95044458144083
2022-04-13,155.541,428.319946,0.9453878278035264
2022-04-14,151.706497,422.986633,0.9310732516256894
2022-04-18,152.785004,423.160522,0.9209735302399188
2022-04-19,158.115494,429.991486,0.9090321324499692
2022-04-20,153.998001,429.672638,0.8842648334722919
2022-04-21,148.296005,423.247528,0.8530772481480049
2022-04-22,144.350006,411.633942,0.8303095949333965
2022-04-25,146.074005,414.020447,0.8196961960049577
2022-04-26,139.391006,402.03006,0.8023657211298892
2022-04-27,138.167007,403.160461,0.8076685050057041
2022-04-28,144.596497,413.344147,0.8149093488853366
2022-04-29,124.281502,398.068695,0.826698492879952
2022-05-02,124.5,400.464813,0.8250140000508971
2022-05-03,124.253502,402.300568,0.8236224365932661
2022-05-04,125.928497,414.551819,0.814287443843924
2022-05-05,116.406998,399.817474,0.7776074026660519
2022-05-06,114.772499,397.430969,0.7632222772537905
2022-05-09,108.789001,384.706299,0.7562428517790185
2022-05-10,108.859001,385.595184,0.7577552567410247
2022-05-11,105.372002,379.469635,0.7657467081719743
2022-05-12,106.930496,379.073456,0.7786147172445729
2022-05-13,113.055,388.136292,0.7840163678136153
2022-05-16,110.810501,386.561401,0.783684561621758
2022-05-17,115.3685,394.513123,0.7878115321070555
2022-05-18,107.112503,378.60965,0.7824456598079056
2022-05-19,107.319,376.290833,0.7874609946249975
2022-05-20,107.591003,376.455109,0.7815937291383782
2022-05-23,107.556999,383.498627,0.7809685906202208
2022-05-24,104.099998,380.571075,0.7935775161606132
2022-05-25,106.775002,383.93338,0.8211031899842615
2022-05-26,111.077499,391.604919,0.8493620016244056
2022-05-27,115.1465,401.218414,0.8789647125916408
2022-05-31,120.209503,398.967224,0.91383564602916
2022-06-01,121.683998,395.740173,0.9126757037138786
2022-06-02,125.511002,403.276459,0.9088676342573048
2022-06-03,122.349998,396.658081,0.9067338385379548
2022-06-06,124.790001,397.865784,0.9127829290903632
2022-06-07,123.0,401.68222,0.9141968622089373
2022-06-08,121.18,397.315094,0.9314353719839046
2022-06-09,116.150002,387.865753,0.9480598570768644
2022-06-10,109.650002,376.619324,0.9593227220779248
2022-06-13,103.669998,362.319824,0.9673631954050016
2022-06-14,102.309998,361.228058,0.96879602638786
2022-06-15,107.669998,366.377838,0.9696475676656916
2022-06-16,103.660004,354.252167,0.96983613070037
2022-06-17,106.220001,355.015839,0.9712912421562256
2022-06-21,108.68,363.952881,0.9738880959738082
2022-06-22,108.949997,363.292999,0.9736030101162793
2022-06-23,112.440002,366.854187,0.9732357724200568
2022-06-24,116.459999,378.517914,0.9738087828459958
2022-06-27,113.220001,377.072083,0.9738072654493324
2022-06-28,107.400002,369.367401,0.9740408241802792
2022-06-29,108.919998,369.06662,0.9734976161614088
2022-06-30,106.209999,366.068207,0.9720974533446444
2022-07-01,109.559998,369.939972,0.9697059146083958
2022-07-05,113.5,370.638641,0.9661245665984404
2022-07-06,114.330002,371.890411,0.9625208213073748
2022-07-07,116.330002,377.460236,0.9586010015767288
2022-07-08,115.540001,377.14978,0.9518655150958868
2022-07-11,111.75,372.84137,0.9460389392848104
2022-07-12,109.220001,369.542114,0.9410781779571612
2022-07-13,110.400002,367.601379,0.935913317805892
2022-07-14,110.629997,366.708649,0.9284967237488424
2022-07-15,113.550003,373.714661,0.918571508317908
2022-07-18,113.760002,370.628937,0.9098571319931054
2022-07-19,118.209999,380.643005,0.8952367899452494
2022-07-20,122.769997,383.068909,0.8902248645945073
2022-07-21,124.629997,386.969757,0.8898171479468192
2022-07-22,122.419998,383.379486,0.8918422044496954
2022-07-25,121.139999,383.845276,0.8950385250194345
2022-07-26,114.809998,379.303955,0.9050714633784434
2022-07-27,120.970001,389.153107,0.924469081688032
2022-07-28,122.279999,394.033997,0.9489233926816096
2022-07-29,134.949997,399.778503,0.9733792155299084
2022-08-01,135.389999,398.594666,0.9758918442706116
2022-08-02,134.160004,395.964996,0.9768802892351096
2022-08-03,139.520004,402.165588,0.9781777032857925
2022-08-04,142.570007,401.89389,0.979625483546782
2022-08-05,140.800003,401.214661,0.9844234700077558
2022-08-08,139.410004,400.748901,0.9870134180132514
2022-08-09,137.830002,399.157501,0.9885224263335476
2022-08-10,142.690002,407.541412,0.989101575446198
2022-08-11,140.639999,407.541412,0.9911488634080596
2022-08-12,143.550003,414.440643,0.9916758965482146
2022-08-15,143.179993,416.148529,0.9920791214501644
2022-08-16,144.779999,416.963593,0.9916487211934591
2022-08-17,142.100006,414.004028,0.9905219689577716
2022-08-18,142.300003,415.207275,0.9866604342965968
2022-08-19,138.229996,409.627716,0.9849085787227608
2022-08-22,133.220001,401.098206,0.9835869402616064
2022-08-23,133.619995,400.127838,0.983655141906176
2022-08-24,133.800003,401.408722,0.983325819240406
2022-08-25,137.279999,407.075623,0.9829537672269932
2022-08-26,130.75,393.296509,0.980776884931698
2022-08-29,129.789993,390.695953,0.9778110857179044
2022-08-30,128.729996,386.406982,0.9652400783870108
2022-08-31,126.769997,383.466766,0.9359798560968896
2022-09-01,127.82,384.670013,0.8178648370668735
2022-09-02,127.510002,380.613892,0.7192710189250513
2022-09-06,126.110001,379.177795,0.6061813982046113
2022-09-07,129.479996,385.989777,0.5428385381359743
2022-09-08,129.820007,388.512634,0.4904350607758895
2022-09-09,133.270004,394.548279,0.4182094384702127
2022-09-12,136.449997,398.788757,0.3007608727742013
2022-09-13,126.82,381.448456,0.1140816356436718
2022-09-14,128.550003,382.903992,0.0542983697565837
2022-09-15,126.279999,378.556732,-0.0899236519935788
2022-09-16,123.529999,375.668823,-0.1905163888004727
2022-09-19,124.660004,378.582092,-0.2694833570548412
2022-09-20,122.190002,374.236481,-0.3597805668609202
2022-09-21,118.540001,367.708374,-0.4242979806991637
2022-09-22,117.309998,364.61972,-0.4622516788486464
2022-09-23,113.779999,358.510559,-0.4915404875585778
2022-09-26,115.150002,354.963898,-0.5115076519592915
2022-09-27,114.410004,354.057831,-0.5271592066561409
2022-09-28,118.010002,361.024353,-0.5382571001345736
2022-09-29,114.800003,353.482941,-0.5514751998062458
2022-09-30,113.0,348.016846,-0.5537633362603646
2022-10-03,115.879997,357.204895,-0.5590558791321543
2022-10-04,121.089996,368.273468,-0.5507718073680995
2022-10-05,120.949997,367.416138,-0.56411138953276
2022-10-06,120.300003,363.625885,-0.5783837004890539
2022-10-07,114.559998,353.482941,-0.5857873009391397
2022-10-10,113.669998,350.783997,-0.5733684962265451
2022-10-11,112.209999,348.5625,-0.5572182599762081
2022-10-12,112.900002,347.412781,-0.5447695180179564
2022-10-13,112.529999,356.58136,-0.5224566733592341
2022-10-14,106.900002,348.455292,-0.5064889279501985
2022-10-17,113.790001,357.409515,-0.5077503967011261
2022-10-18,116.360001,361.608978,-0.4788178981384227
2022-10-19,115.07,359.046448,-0.4302216227424001
2022-10-20,115.25,356.035736,-0.3546518545359453
2022-10-21,119.32,364.687897,-0.2300162322641122
2022-10-24,119.82,369.150421,-0.1035307518655131
2022-10-25,120.599998,375.045227,0.0007682267216658
2022-10-26,115.660004,372.219635,0.1086870478525943
2022-10-27,110.959999,370.231903,0.2542312243125664
2022-10-28,103.410004,379.040009,0.4458131937526456
2022-10-31,102.440002,376.302094,0.5288470403609272
2022-11-01,96.790001,374.655457,0.6055172323465691
2022-11-02,92.120003,365.253021,0.6493647854539604
2022-11-03,89.300003,361.492065,0.6959386934817273
2022-11-04,90.980003,366.695068,0.7304474808723941
2022-11-07,90.529999,370.202728,0.7755463616038205
2022-11-08,89.980003,372.200104,0.7946282553427191
2022-11-09,86.139999,364.532013,0.8085322077717415
2022-11-10,96.629997,384.564575,0.8220282008359815
2022-11-11,100.790001,388.28653,0.8329084549367428
2022-11-14,98.489998,384.983521,0.852072496276127
2022-11-15,98.940002,388.26709,0.874024917038518
2022-11-16,97.120003,385.305084,0.8874903543349363
2022-11-17,94.849998,384.126099,0.888741204926488
2022-11-18,94.139999,385.870178,0.8824359931859804
2022-11-21,92.459999,384.467163,0.8763180078755508
2022-11-22,93.199997,389.640869,0.8808329027893421
2022-11-23,94.129997,392.096313,0.8834025787106852
2022-11-25,93.410004,392.008606,0.885388598130456
2022-11-28,93.949997,385.753296,0.8939126931867399
2022-11-29,92.419998,385.090759,0.9008204595789784
2022-11-30,96.540001,397.221313,0.8985942647583652
2022-12-01,95.5,396.929016,0.9053206595144898
2022-12-02,94.129997,396.47113,0.920599863905772
2022-12-05,91.010002,389.338867,0.9418954359815916
2022-12-06,88.25,383.726624,0.9492885423521518
2022-12-07,88.459999,383.073853,0.953187683889148
2022-12-08,90.349998,386.074799,0.9505881511976676
2022-12-09,89.089996,383.190735,0.9502750692876182
2022-12-12,90.550003,388.71524,0.949502935822964
2022-12-13,92.489998,391.657806,0.949992651093681
2022-12-14,91.580002,389.153748,0.9489967927510788
2022-12-15,88.449997,379.634399,0.9478123480323888
2022-12-16,87.860001,375.152344,0.9456599028572926
2022-12-19,84.919998,371.971161,0.9437302906653586
2022-12-20,85.190002,372.480164,0.939481346128032
2022-12-21,86.769997,378.049713,0.9368998158699436
2022-12-22,83.790001,372.656372,0.9352034763854566
2022-12-23,85.25,374.800018,0.9311720865797132
2022-12-27,83.040001,373.321991,0.927707982528766
2022-12-28,81.82,368.682404,0.9225247486935944
2022-12-29,84.18,375.318787,0.9130025558324492
2022-12-30,84.0,374.330139,0.907322133852494
2023-01-03,85.82,372.754303,0.8967176070703996
2023-01-04,85.139999,375.631989,0.8812225646035817
2023-01-05,83.120003,371.344818,0.8576570888861694
2023-01-06,86.080002,379.860474,0.8286769523686867
2023-01-09,87.360001,379.645142,0.8123526205609851
2023-01-10,89.870003,382.307526,0.7989479443700153
2023-01-11,95.089996,387.142914,0.7982188406445455
2023-01-12,95.269997,388.552429,0.7991129339282846
2023-01-13,98.120003,390.059814,0.7964815418875639
2023-01-17,96.050003,389.345276,0.7863168224456406
2023-01-18,95.459999,383.198242,0.7675828915980614
2023-01-19,93.68,380.40863,0.7440015098796648
2023-01-20,97.25,387.49527,0.7327957568859254
2023-01-23,97.519997,392.144684,0.72863364913265
2023-01-24,96.32,391.723846,0.7131078341478301
2023-01-25,97.18,391.870605,0.7012239008192384
2023-01-26,99.220001,396.177429,0.6975932757532706
2023-01-27,102.239998,397.087708,0.6944792690219963
2023-01-30,100.550003,392.10556,0.6915171562729393
2023-01-31,103.129997,397.870819,0.6963268633742873
2023-02-01,105.150002,402.099304,0.6950343565777323
2023-02-02,112.910004,407.952667,0.6944373580778676
2023-02-03,103.389999,403.616425,0.6871243712109935
2023-02-06,102.18,401.149811,0.6809903803625329
2023-02-07,102.110001,406.396301,0.678195834334278
2023-02-08,100.050003,401.952484,0.673055650972675
2023-02-09,98.239998,398.467865,0.6817312607811359
2023-02-10,97.610001,399.397736,0.6871256714324495
2023-02-13,99.540001,404.086243,0.6856778000237191
2023-02-14,99.699997,403.90033,0.7031752388749645
2023-02-15,101.160004,405.211945,0.7183988780577256
2023-02-16,98.150002,399.63266,0.7269676677599051
2023-02-17,97.199997,398.634308,0.7427778663859259
2023-02-21,94.580002,390.637299,0.7670630983049872
2023-02-22,95.790001,390.098969,0.77946400654243
2023-02-23,95.82,392.174042,0.7870087430224392
2023-02-24,93.5,387.98468,0.7975862319082426
2023-02-27,93.760002,389.306152,0.7969834869413377
2023-02-28,94.230003,387.867249,0.7882262475400914
2023-03-01,92.169998,386.379456,0.785532848599976
2023-03-02,92.129997,389.38443,0.7908545850618249
2023-03-03,94.900002,395.629303,0.7913888231863992
2023-03-06,93.75,395.903381,0.8076110566480398
2023-03-07,93.550003,389.834656,0.8315487928441911
2023-03-08,93.919998,390.470947,0.8332643337238507
2023-03-09,92.25,383.266754,0.8439044139049829
2023-03-10,90.730003,377.73645,0.8403803480563067
2023-03-13,92.43,377.19809,0.8166591129169496
2023-03-14,94.879997,383.433197,0.7706082562365433
2023-03-15,96.199997,381.035065,0.7195788626033004
2023-03-16,100.040001,387.720367,0.6821341453593917
2023-03-17,98.949997,383.18692,0.6756306285694725
2023-03-20,97.709999,386.87146,0.6377905478556904
2023-03-21,100.610001,391.951324,0.618594249887892
2023-03-22,98.699997,385.269897,0.6430256647074459
2023-03-23,98.709999,386.311462,0.6592882137260229
2023-03-24,98.129997,388.846436,0.6759429813633575
2023-03-27,98.040001,389.573486,0.6597401994620097
2023-03-28,97.239998,388.699036,0.6093353446727876
2023-03-29,100.25,394.348785,0.5860384758285027
2023-03-30,102.0,396.657776,0.6224721529615198
2023-03-31,103.290001,402.248474,0.6641442161879649
2023-04-03,102.410004,403.781342,0.6802430094517691
2023-04-04,103.949997,401.541046,0.7174689599800469
2023-04-05,101.099998,400.489716,0.7518114167209972
2023-04-06,102.059998,402.051971,0.7766645468143103
2023-04-10,102.169998,402.464661,0.8005424910176387
2023-04-11,99.919998,402.572723,0.8050907922739786
2023-04-12,97.830002,400.931854,0.8159596089270272
2023-04-13,102.400002,406.257324,0.8190459952581368
2023-04-14,102.510002,405.264954,0.8377137533267429
2023-04-17,102.739998,406.719116,0.8474148149828044
2023-04-18,102.300003,406.984375,0.8593792867507619
2023-04-19,104.300003,406.915649,0.8662306817514294
2023-04-20,103.809998,404.695038,0.8686663861328933
2023-04-21,106.959999,405.009491,0.872905335792606
2023-04-24,106.209999,405.431946,0.8744464911243691
2023-04-25,102.57,398.996216,0.8825982504571369
2023-04-26,104.980003,397.306213,0.8821192217885926
2023-04-27,109.82,405.21582,0.879249477006762
2023-04-28,105.449997,408.674438,0.8824489211115071
2023-05-01,102.050003,408.261719,0.8929294178486448
2023-05-02,103.629997,403.673218,0.9108038735224824
2023-05-03,103.650002,400.902405,0.9157070502691004
2023-05-04,104.0,398.062775,0.9160487332851625
2023-05-05,105.660004,405.431946,0.9127429213263286
2023-05-08,105.830002,405.540039,0.9191198493737353
2023-05-09,106.620003,403.761627,0.9289350848092092
2023-05-10,110.190002,405.648163,0.932124583157503
2023-05-11,112.18,404.940735,0.9327852145904292
2023-05-12,110.260002,404.410095,0.9312938922667008
2023-05-15,111.199997,405.805389,0.9357853874978088
2023-05-16,113.400002,403.093506,0.9410183635226446
2023-05-17,115.5,407.986633,0.9389159135603584
2023-05-18,118.150002,411.91684,0.9355142907874788
2023-05-19,116.25,411.317444,0.9379016407423756
2023-05-22,115.010002,411.484528,0.9297109500970924
2023-05-23,114.989998,406.866486,0.9264420917833956
2023-05-24,116.75,403.918854,0.9056551182577788
2023-05-25,115.0,407.416718,0.87609482479785
2023-05-26,120.110001,412.693054,0.8402606650837117
2023-05-30,121.660004,412.850281,0.8107514210686116
2023-05-31,120.580002,410.560913,0.8008125687307307
2023-06-01,122.769997,414.4617,0.7867394062291773
2023-06-02,124.25,420.455231,0.7715293766867374
2023-06-05,125.300003,419.649567,0.747811879374811
2023-06-06,126.610001,420.563324,0.7342856371291544
2023-06-07,121.230003,419.109131,0.6730322543172996
2023-06-08,124.25,421.644165,0.5952531501311267
2023-06-09,123.43,422.400696,0.5502890175513887
2023-06-12,126.57,426.232666,0.4916127938269534
2023-06-13,126.660004,429.042816,0.4546948583679099
2023-06-14,126.419998,429.553711,0.4195103563679241
2023-06-15,127.110001,434.879181,0.39035186010409
2023-06-16,125.489998,433.397888,0.3563426856383571
2023-06-20,125.779999,431.149353,0.3151402538380301
2023-06-21,124.830002,428.940247,0.2628921977623175
2023-06-22,130.149994,430.488617,0.1997120514536317
2023-06-23,129.330002,427.23407,0.1712813272399504
2023-06-26,127.330002,425.488556,0.129362769871265
2023-06-27,129.179993,430.153259,0.0568773799776998
2023-06-28,129.039993,430.370239,0.0312953536889972
2023-06-29,127.900002,432.066498,-0.0077494066877673
2023-06-30,130.360001,437.165161,-0.0521189659688374
2023-07-03,130.220001,437.668182,-0.0577758653389797
2023-07-05,130.380005,437.017242,-0.0598874883888645
2023-07-06,128.360001,433.595154,-0.0563288417609207
2023-07-07,129.779999,432.500427,-0.0806216338092152
2023-07-10,127.129997,433.595154,-0.1153494000796041
2023-07-11,128.779999,436.356506,-0.1874822057192686
2023-07-12,130.800003,439.867401,-0.2382443728361532
2023-07-13,134.300003,443.358551,-0.2562331112403531
2023-07-14,134.679993,443.082397,-0.2358930158391915
2023-07-17,133.559998,444.620911,-0.2407180507214396
2023-07-18,132.830002,447.924713,-0.2337026915935032
2023-07-19,135.360001,448.920776,-0.1862642265337391
2023-07-20,129.960007,445.942383,-0.1981845262491671
2023-07-21,130.0,445.942383,-0.1834027002621928
2023-07-24,128.800003,447.93457,-0.1638834649159928
2023-07-25,129.130005,449.15744,-0.1105735011113341
2023-07-26,128.149994,449.226501,0.0455311585272135
2023-07-27,128.25,446.248169,0.2117075901978187
2023-07-28,132.210007,450.617035,0.3204205609592029
2023-07-31,133.679993,451.475006,0.481456635216547
2023-08-01,131.690002,450.183105,0.6006551401235075
2023-08-02,128.210007,443.920715,0.7155625388194728
2023-08-03,128.910004,442.648499,0.8103262302527644
2023-08-04,139.570007,440.646484,0.8768761853420768
2023-08-07,142.220001,444.492676,0.8895259691705016
2023-08-08,139.940002,442.559753,0.8920682764719833
2023-08-09,137.850006,439.601135,0.8973035630574173
2023-08-10,138.559998,439.758911,0.8995787056572045
2023-08-11,138.410004,439.502502,0.8984910648455546
2023-08-14,140.570007,441.928558,0.895912745614725
2023-08-15,137.669998,436.780579,0.8922992994264946
2023-08-16,135.070007,433.575409,0.8918671663118157
2023-08-17,133.979996,430.271637,0.893520423002612
2023-08-18,133.220001,430.47876,0.8954566332586171
2023-08-21,134.679993,433.279541,0.8957620381718678
2023-08-22,134.25,432.105957,0.8980745395862787
2023-08-23,135.520004,436.91864,0.8996703512703598
2023-08-24,131.839996,430.863373,0.9034997851322684
2023-08-25,133.259995,433.900848,0.90294044373253
2023-08-28,133.139999,436.652405,0.9012078629433052
2023-08-29,134.910004,442.964081,0.912345946387448
2023-08-30,135.070007,444.788605,0.9286206665481384
2023-08-31,138.009995,444.137665,0.9122826946640789
2023-09-01,138.119995,444.966095,0.8734859807308037
2023-09-05,137.270004,443.042969,0.8435819343236515
2023-09-06,135.360001,440.064636,0.8069786484866174
2023-09-07,137.850006,438.713562,0.7973845132536855
2023-09-08,138.229996,439.374268,0.7890945136952942
2023-09-11,143.100006,442.263885,0.780922256500606
2023-09-12,141.229996,439.837799,0.7591394993486684
2023-09-13,144.850006,440.350616,0.7456009424716895
2023-09-14,144.720001,444.147491,0.7178070690671878
2023-09-15,140.389999,438.796295,0.6969664308632669
2023-09-18,139.979996,439.053619,0.6949932913258243
2023-09-19,137.630005,438.143097,0.7184787686071632
2023-09-20,135.289993,434.115112,0.7376857594040664
2023-09-21,129.330002,426.93988,0.7562089170322068
2023-09-22,129.119995,425.979919,0.7819462569511128
2023-09-25,131.270004,427.77124,0.8042879467917275
2023-09-26,125.980003,421.486725,0.8160049462987156
2023-09-27,125.980003,421.654968,0.830363078133428
2023-09-28,125.980003,424.099487,0.8422137618275255
2023-09-29,127.120003,423.070221,0.8561937870346533
2023-10-02,129.460007,422.901947,0.8649033561092254
2023-10-03,124.720001,417.240997,0.8700436564723065
2023-10-04,127.0,420.279297,0.8714688453339491
2023-10-05,125.959999,420.120941,0.8743115313606264
2023-10-06,127.959999,425.108978,0.8744248630492915
2023-10-09,128.259995,427.830597,0.8800940771924689
2023-10-10,129.479996,430.057404,0.8861006077857955
2023-10-11,131.830002,431.819061,0.8946722808662626
2023-10-12,132.330002,429.186493,0.9010198473033926
2023-10-13,129.789993,427.048767,0.900846461369029
2023-10-16,132.550003,431.541931,0.9034197394375296
2023-10-17,131.470001,431.522095,0.9051491911853062
2023-10-18,128.130005,425.772034,0.9040339008010788
2023-10-19,128.399994,422.031036,0.9094608119655666
2023-10-20,125.169998,416.845093,0.9148800511979016
2023-10-23,126.559998,416.12262,0.9191375253201244
2023-10-24,128.559998,419.259918,0.9197290137020584
2023-10-25,121.389999,413.242645,0.9218178066815748
2023-10-26,119.57,408.294189,0.93504235629875
2023-10-27,127.739998,406.443512,0.9625050731534264
2023-10-30,132.710007,411.302856,0.9626533233721076
2023-10-31,133.089996,413.885956,0.9590618470210136
2023-11-01,137.0,418.299957,0.9540679229857753
2023-11-02,138.070007,426.316406,0.9464833171973388
2023-11-03,138.600006,430.205841,0.9375548268883934
2023-11-06,139.740005,431.195526,0.9075107400742828
2023-11-07,142.710007,432.422729,0.877359994225102
2023-11-08,142.080002,432.739441,0.8683491628379503
2023-11-09,140.600006,429.364624,0.8642148128993141
2023-11-10,143.559998,436.064789,0.855081746783421
2023-11-13,142.589996,435.649109,0.8565756341991089
2023-11-14,145.800003,444.101013,0.8540065344261433
2023-11-15,143.199997,445.041199,0.8610902992648615
2023-11-16,142.830002,445.585541,0.8538353364419693
2023-11-17,145.179993,446.139771,0.8477702881164284
2023-11-20,146.130005,449.573975,0.8534479735804944
2023-11-21,143.899994,448.594177,0.8583358684321513
2023-11-22,146.710007,450.326111,0.859258739423822
2023-11-24,146.740005,450.60321,0.8683358403984359
2023-11-27,147.729996,449.791687,0.8784833681814267
2023-11-28,147.029999,450.237061,0.8933112206192894
2023-11-29,146.320007,449.920319,0.9059686158962912
2023-11-30,146.089996,451.691895,0.9135276058670398
2023-12-01,147.029999,454.364044,0.912681502021016
2023-12-04,144.839996,451.978882,0.917169192038008
2023-12-05,146.880005,451.889832,0.8863697833167858
2023-12-06,144.520004,450.068817,0.8844118162615535
2023-12-07,146.880005,453.503021,0.889423119236939
2023-12-08,147.419998,455.452698,0.9067444167828652
2023-12-11,145.889999,457.224243,0.9219277057819112
2023-12-12,147.479996,459.312439,0.9306121775408108
2023-12-13,148.839996,465.646454,0.9395776894222044
2023-12-14,147.419998,467.140869,0.9407798860591852
2023-12-15,149.970001,466.371704,0.9431970720465922
2023-12-18,154.070007,468.995087,0.944667124750252
2023-12-19,153.789993,471.847015,0.9499683945856828
2023-12-20,152.119995,465.308472,0.951291312999036
2023-12-21,153.839996,469.72049,0.9569803560426644
2023-12-22,153.419998,470.66449,0.9618750946364428
2023-12-26,153.410004,472.651886,0.9650596048199516
2023-12-27,153.339996,473.5065,0.967002940361805
2023-12-28,153.380005,473.685333,0.967477970725526
2023-12-29,151.940002,472.314026,0.96780703265587
2024-01-02,149.929993,469.670776,0.9688791771035712
2024-01-03,148.470001,465.835144,0.9693270952148584
2024-01-04,144.570007,464.334625,0.9692342496020384
2024-01-05,145.240005,464.970642,0.966929255914228
2024-01-08,149.100006,471.608521,0.962286922098204
2024-01-09,151.369995,470.893066,0.9599616408358872
2024-01-10,153.729996,473.556152,0.9573332953476426
2024-01-11,155.179993,473.347504,0.9504543461049488
2024-01-12,154.619995,473.675385,0.9449819957255444
2024-01-16,153.160004,471.936401,0.9416785457922412
2024-01-17,151.710007,469.31308,0.9394472308177056
2024-01-18,153.5,473.486603,0.9322130403302428
2024-01-19,155.339996,479.38916,0.9216033557323172
2024-01-22,154.779999,480.40274,0.9121880754141996
2024-01-23,156.020004,481.803833,0.9035048350715822
2024-01-24,156.869995,482.330505,0.8938068633346364
2024-01-25,157.75,484.953857,0.8879233019941232
2024-01-26,159.119995,484.337769,0.8884177587131732
2024-01-29,161.259995,488.173401,0.8831025067747938
2024-01-30,159.0,487.795837,0.8827117272174767
2024-01-31,155.199997,479.836304,0.8905948597205152
2024-02-01,159.279999,486.116516,0.8956993993174086
2024-02-02,171.809998,491.234039,0.9134737110733354
2024-02-05,170.309998,489.445374,0.9158006415701272
2024-02-06,169.149994,490.866364,0.9103014740603396
2024-02-07,170.529999,494.960388,0.8882274090366646
2024-02-08,169.839996,495.179016,0.8729460045754284
2024-02-09,174.449997,498.040863,0.8584071348706037
2024-02-12,172.339996,497.822235,0.8368953525262914
2024-02-13,168.639999,490.965698,0.8120749351472976
2024-02-14,170.979996,495.427429,0.7598640162479944
2024-02-15,169.800003,498.845764,0.6952093324021753
2024-02-16,169.509995,496.361511,0.6218913021442621
2024-02-20,167.080002,493.628845,0.5402901988277212
2024-02-21,168.589996,494.075958,0.4401656634134803
2024-02-22,174.580002,504.301117,0.3821129308966116
2024-02-23,174.990005,504.648926,0.3694953338156933
2024-02-26,174.729996,502.800629,0.3502090191959875
2024-02-27,173.539993,503.734711,0.3406261055891121
2024-02-28,173.160004,503.06897,0.3460366511155275
2024-02-29,176.759995,504.877472,0.3188245455101663
2024-03-01,178.220001,509.617371,0.306144567989126
2024-03-04,177.580002,509.070862,0.329638008042818
2024-03-05,174.119995,503.983154,0.3203772548287835
2024-03-06,173.509995,506.536957,0.2634308514005974
2024-03-07,176.820007,511.565033,0.241252958599935
2024-03-08,175.350006,508.494537,0.2620652788791843
2024-03-11,171.960007,508.057312,0.2767181948361494
2024-03-12,175.389999,513.522705,0.2892544385016951
2024-03-13,176.559998,512.717712,0.3358509437399298
2024-03-14,178.75,511.704193,0.3693172608675474
2024-03-15,174.419998,508.190521,0.3896652155569805
2024-03-18,174.479996,511.210754,0.4097193936171834
2024-03-19,175.899994,514.051636,0.4410611514193842
2024-03-20,178.149994,518.806274,0.4579535655905923
2024-03-21,178.149994,520.520752,0.4882677291970136
2024-03-22,178.869995,519.533936,0.5131305038535582
2024-03-25,179.710007,518.098572,0.5224072331831984
2024-03-26,178.300003,517.141663,0.5250303030419426
2024-03-27,179.830002,521.48761,0.5235949903196239
2024-03-28,180.380005,521.387939,0.5132183112726012
2024-04-01,180.970001,520.480835,0.5116825604301423
2024-04-02,180.690002,517.17157,0.5109274322363735
2024-04-03,182.410004,517.739685,0.4951153826483856
2024-04-04,180.0,511.420105,0.4335927421935299
2024-04-05,185.070007,516.762878,0.3914321069770968
2024-04-08,185.190002,517.05188,0.3599547694294154
2024-04-09,185.669998,517.650024,0.3350781567353645
2024-04-10,185.949997,512.466736,0.3449251055150421
2024-04-11,189.050003,516.334229,0.3595495210280702
2024-04-12,186.130005,509.207245,0.3954317349542721
2024-04-15,183.619995,502.82785,0.439356103248321
2024-04-16,183.320007,501.910797,0.4773050188476646
2024-04-17,181.279999,498.940369,0.4882446931423214
2024-04-18,179.220001,497.913666,0.4857695332235694
2024-04-19,174.630005,493.567688,0.4667331336197554
2024-04-22,177.229996,498.113037,0.3874958906291711
2024-04-23,179.539993,504.023956,0.3624034513256314
2024-04-24,176.589996,503.784729,0.3784768598418067
2024-04-25,173.669998,501.870911,0.34206101574448
2024-04-26,179.619995,506.62558,0.2729650306307634
2024-04-29,180.960007,508.419769,0.302795700266181
2024-04-30,175.0,500.365784,0.3505047150690638
2024-05-01,179.0,498.741028,0.3003447712704997
2024-05-02,184.720001,503.405945,0.2945137941050471
2024-05-03,186.210007,509.645844,0.3812376989692297
2024-05-06,188.699997,514.908875,0.4633836476917171
2024-05-07,188.759995,515.477051,0.5602623463442318
2024-05-08,188.0,515.526855,0.6406468785869568
2024-05-09,189.5,518.497253,0.7069058356672436
2024-05-10,187.479996,519.165161,0.7729199249826775
2024-05-13,186.570007,519.234863,0.8054214580606829
2024-05-14,187.070007,521.617188,0.8280472010529532
2024-05-15,185.990005,528.076416,0.8387731256848192
