Date,cov_price_5,cov_price_9,cov_return_16,IC
2020-01-02,,,,0.4827628865600429
2020-01-03,0.0,0.0,0.0,0.4762830612423432
2020-01-06,0.0,0.0,0.0,0.4638806486582228
2020-01-07,0.0,0.0,0.0,0.4601435540712491
2020-01-08,0.0,0.0,0.0,0.4633926386485298
2020-01-09,0.28486371362504054,0.0,0.0,0.5104044685348677
2020-01-10,0.33231505310415016,0.0,0.0,0.5196228719275964
2020-01-13,-0.506947195660753,0.0,0.0,0.5547472699887446
2020-01-14,-0.4623357735218061,0.0,0.0,0.6436216456878922
2020-01-15,-0.23159121968761723,-0.25800557834385907,0.0,0.6789338279779233
2020-01-16,-0.43740588798574614,-0.4543740423883212,0.0,0.7334929686295095
2020-01-17,-0.12459283658446374,-0.6862319738322866,0.0,0.7519037576944083
2020-01-21,-0.20889761977782725,-0.7147935962257709,0.0,0.7609852479823539
2020-01-22,0.4328694110288759,-0.37237923418284563,0.0,0.7534125268144083
2020-01-23,0.4864943188318991,-0.18023133232629585,0.0,0.75645285360106
2020-01-24,-0.4668018462930905,0.10435074164227477,0.0,0.7423483158093203
2020-01-27,0.504358552132148,0.32374828345428086,0.0,0.7434360436387162
2020-01-28,0.9843395422880045,0.8634730515112368,0.0,0.7670081211171185
2020-01-29,0.992916872667114,0.9031674105018747,0.6301034343499471,0.7840769818425699
2020-01-30,0.97964229340706,0.897052241375499,0.6554156523789558,0.8088407660860875
2020-01-31,0.9085418563343028,0.8688954113616583,0.6583855004248788,0.8273330147343105
2020-02-03,-0.6318024136615772,-0.30387431069296755,0.682262142346847,0.8206824495786565
2020-02-04,-0.9178509985129807,-0.45844625868153344,-0.2513259824742464,0.8176791172559009
2020-02-05,-0.22566866945334554,-0.20049311185527532,-0.2710455369482653,0.8118045595002603
2020-02-06,0.15422759111183248,0.19938098457024234,-0.16042234539138045,0.8079723210562878
2020-02-07,0.8812446521048741,0.4382285448686683,-0.1887870203728044,0.7964062603002322
2020-02-10,0.7398056847251447,0.422463485768402,-0.20898418997039764,0.7794687557651505
2020-02-11,0.4974717559212416,0.548585836580237,-0.21892010567441234,0.7575308439354385
2020-02-12,0.7367485900088802,0.6297049996940439,-0.1747793634600633,0.7349618308279107
2020-02-13,0.7643867699421836,0.8355468491512388,-0.16567944348066577,0.6786669914508973
2020-02-14,0.9270152513352702,0.8500182486060637,-0.16732146609976237,0.6068113536928244
2020-02-18,0.31270428271763817,0.8077358652106267,-0.16032451264793118,0.5313013763898042
2020-02-19,-0.2142238694236339,0.8180000105836535,-0.16103127039258203,0.447850195230734
2020-02-20,0.37037254541846615,0.8001054505111682,-0.2502696849163334,0.4002863609198267
2020-02-21,0.3576562165402075,0.8688920466267247,-0.5422497397717843,0.3558100369442828
2020-02-24,0.8962600318292815,0.8042094281014329,-0.494487643178858,0.3254859728907452
2020-02-25,0.9856574270586671,0.9671160769081388,-0.2689511249366833,0.3348327438911316
2020-02-26,0.9740860904358017,0.9746487187718524,0.19370712311544813,0.353617543035313
2020-02-27,0.9679426666881067,0.9756465029418848,0.7597407091006464,0.3843283691177185
2020-02-28,0.987788052829306,0.9837162727691076,0.7729385231344034,0.4298537736914132
2020-03-02,0.9839257697194179,0.98631140890858,0.8336313118959616,0.4723927396472655
2020-03-03,0.9926823445868204,0.9859153300014084,0.8713775927517087,0.5322556807529513
2020-03-04,0.9933384239651362,0.9868179871476435,0.890778722467882,0.589229966365494
2020-03-05,0.9966867469614925,0.9917374067163567,0.9137023832891193,0.651080530995091
2020-03-06,0.9973105385904226,0.984868840997737,0.9423705229270282,0.7121931754714302
2020-03-09,0.997046339126302,0.9887431744471188,0.9456622399407288,0.7730399352436995
2020-03-10,0.9981147453627692,0.9861781196923636,0.9439336910744891,0.802134701077875
2020-03-11,0.9799114680819299,0.9638627288170633,0.9440018372978151,0.8486377923682086
2020-03-12,0.9692855064719073,0.977210446095675,0.9593937030992088,0.8782109622185591
2020-03-13,0.9873286467751866,0.991080960592373,0.9652102495918564,0.8832339163256985
2020-03-16,0.9953260987703173,0.9909539527919703,0.9731596260745441,0.9097118869442332
2020-03-17,0.9775751974276099,0.9888973802434661,0.9795686335555485,0.9049598766140358
2020-03-18,0.7889126921138226,0.934527623432899,0.9690954295892558,0.907342581288862
2020-03-19,0.23295097329527548,0.7434605985335679,0.9696169876279205,0.9018974059631518
2020-03-20,-0.06078470627109724,0.3894358413453048,0.9362818453631356,0.8990978183827362
2020-03-23,-0.1410582298626349,0.2574632741813036,0.9326668813897108,0.8977058519489006
2020-03-24,-0.75908762794261,-0.27984244538893754,0.9383732768028896,0.9229873943682966
2020-03-25,0.1689885493351901,-0.34480599591380606,0.9168836384965384,0.926045241029398
2020-03-26,0.3162469886094318,-0.2847052649218779,0.8632709772654369,0.9207124374207952
2020-03-27,0.6590107835874823,0.21530003123868857,0.8292426106227913,0.9150710736855712
2020-03-30,0.4109432172425461,0.26793545331529883,0.830066913903894,0.8973563652070852
2020-03-31,0.5803744582065503,0.6542093957098157,0.8284805842180432,0.8839329292707558
2020-04-01,0.9585106614855509,0.7317326831507237,0.8334214008180778,0.870029263046057
2020-04-02,0.8676027050125554,0.719799628342292,0.8161118293586214,0.845569277305726
2020-04-03,0.8487437255789244,0.591326935853874,0.8086827004516041,0.8120805973340965
2020-04-06,0.985132199198558,0.6713937503646931,0.7971264743517812,0.749333635941506
2020-04-07,0.9804897840047623,0.9327930815771386,0.7501673780667979,0.7105577636542737
2020-04-08,0.9857769642367853,0.9238114918943707,0.7295914683820841,0.6640038833218501
2020-04-09,0.99197790300688,0.9601009503285349,0.6296922003244678,0.6820050597513193
2020-04-13,0.9762613551940676,0.9797439072260258,0.5939110336751385,0.780457942978599
2020-04-14,0.6071154679903735,0.8892877169409902,0.6500348959804713,0.8091340484677588
2020-04-15,0.7656920021624022,0.8839996003470811,0.5179578667291644,0.798497893325541
2020-04-16,0.5889888852428369,0.8367549037079758,0.47389924428471086,0.78880211220645
2020-04-17,0.3178924897630823,0.7666877675755795,0.5341882219701025,0.798783349513378
2020-04-20,0.5156524917530037,0.7855411401444452,0.5627414867318816,0.8040119396125707
2020-04-21,-0.008364813257239964,0.7430961620897278,0.5609069215025415,0.8063928934784891
2020-04-22,0.5266843892923372,0.47636034504568275,0.5306688571201211,0.7998212349385888
2020-04-23,0.5561912713891938,0.3130179851767836,0.5308484745668964,0.7908826999449721
2020-04-24,0.6124317073042564,0.3404700443499096,0.504975707992322,0.7921847102434408
2020-04-27,0.9179330145049327,0.17558389016932244,0.48573321782915674,0.7899118533260601
2020-04-28,0.6328557905941553,0.4649491459668925,0.37674054839211146,0.7629979606418064
2020-04-29,-0.3915622841370414,0.07015033849168788,0.3615537392875812,0.7418345913198942
2020-04-30,-0.3538722348421312,0.14160040162110832,0.3562526932943969,0.7183484703196485
2020-05-01,0.2143891074124228,0.3872339030340548,0.21834372346780553,0.7169454124477838
2020-05-04,0.7020346223350169,0.3663254474360302,0.14248459665235222,0.694328074309456
2020-05-05,0.7410118286424272,0.2758663582671334,0.34780828907733335,0.6667319118148937
2020-05-06,0.7346661607617004,0.2696360689547539,0.36479873729417195,0.6492235940913822
2020-05-07,0.9188902357875914,0.5037529041746281,0.46291106502570145,0.6422569852914244
2020-05-08,0.7250891935794002,0.7060021256445188,0.3536407140987614,0.6314326694938549
2020-05-11,0.7599483501107087,0.6960141279389461,0.4011025783442132,0.6302157458783004
2020-05-12,0.7914240016517065,0.720857243998047,0.4197295155624008,0.6161524611322318
2020-05-13,0.8852629576958341,0.7823724345878824,0.49930660105602187,0.6129755247502829
2020-05-14,0.6711407348914689,0.6817617902411697,0.5719731383525648,0.6073774131738926
2020-05-15,0.5524832356969187,0.5385037404744595,0.48631730609701945,0.6164063204859225
2020-05-18,0.5638971462298517,0.37050807391835133,0.4769640670346574,0.6291897892417168
2020-05-19,0.719857374241546,0.6432674348647942,0.4879384424515802,0.6327521182900528
2020-05-20,0.8770453874562503,0.6071583955272938,0.4649070128458021,0.6370538908999442
2020-05-21,0.8509151193096802,0.7368392035250579,0.4847191733900129,0.6610734547395102
2020-05-22,0.7348790574305094,0.8395839573480484,0.4970806435775085,0.6737756791802418
2020-05-26,0.4546886585578317,0.8545251823622433,0.47375505451037403,0.679245767652001
2020-05-27,-0.09140249404238059,0.7598443491203146,0.6097296547276585,0.6686314896736558
2020-05-28,-0.5436235651139784,0.32470072409016504,0.38183686447255477,0.6596372142872053
2020-05-29,-0.9629680761056021,-0.1735024112571691,0.3467477582761915,0.6500113537117878
2020-06-01,-0.3294891159615795,-0.444354139777301,0.36189990070925815,0.6373037899161055
2020-06-02,0.5264859050680389,-0.2435920913053154,0.41961493670966005,0.628305667624035
2020-06-03,0.8813029966970086,-0.00494886483565482,0.40359668505757107,0.6246489090598472
2020-06-04,0.7775249223057594,0.49614809734208365,0.39752232143922295,0.6441622020562286
2020-06-05,0.5630649450097854,0.6407950976268526,0.41782899425393105,0.6556485488403696
2020-06-08,0.5519999014995687,0.7728645955278373,0.2508701797065259,0.7095916202850115
2020-06-09,0.8424425088937033,0.8533403508954748,0.35605407142781226,0.7866473975794281
2020-06-10,0.6714172530170542,0.7997495803909538,0.35902043763477554,0.8323558867977847
2020-06-11,0.4506997251884983,0.6838070092426893,0.11968965909511753,0.854748339249048
2020-06-12,-0.014705513380468965,0.3540474436959181,0.039457570736011194,0.8385204568864763
2020-06-15,0.2893849157939953,0.21218973654503326,0.5443866389563444,0.8204959364272347
2020-06-16,0.8519897560687368,0.07981081210738025,0.49167377107300064,0.8107114192159888
2020-06-17,0.9577650408311393,0.06065735142741416,0.4895596744757211,0.8172860534613018
2020-06-18,0.8719046593909094,-0.020203684325916287,0.5161270807687912,0.8174695397972456
2020-06-19,0.9052464282085623,0.18383771084821418,0.5412900446952151,0.8216862025983399
2020-06-22,0.5006626537433004,0.5632442643842818,0.5924888869232973,0.8296661539575401
2020-06-23,-0.4167672195719345,0.6886088538874168,0.5880479303364451,0.836237347905132
2020-06-24,0.6550689100020983,0.7812416634312197,0.5938135857747695,0.8436624532937244
2020-06-25,-0.023548013186638395,0.43522527720160464,0.5883771028231234,0.8368844581308523
2020-06-26,0.07492569827617393,0.015768842492533446,0.6475020348832339,0.8351313414314866
2020-06-29,0.6484747020319652,-0.2209586808164571,0.6677469913515783,0.8201056683714452
2020-06-30,0.7872835952147075,-0.0033635009174294603,0.7122583117635998,0.8192397428397764
2020-07-01,0.766621795750496,0.18607369727757148,0.6781573972481933,0.8223066819740869
2020-07-02,0.8279707374081052,0.49029691011562954,0.6825499499536296,0.8259873306811073
2020-07-06,0.8952334523876667,0.6726467394660592,0.7107976290223483,0.8299001753748535
2020-07-07,0.9886762666588857,0.8691893148271007,0.7250670454305971,0.8469484270214304
2020-07-08,0.9701194855542635,0.9408331521291442,0.5701370887387964,0.8621451332449158
2020-07-09,0.9518985497142225,0.944585639101509,0.6625777066901903,0.8687878075325658
2020-07-10,0.558186614589641,0.8943951927019503,0.6734779964821633,0.8984571250594149
2020-07-13,0.35913249335556097,0.9261233233814035,0.6341443739176671,0.9241552920834716
2020-07-14,0.5698197443568058,0.8868974341732505,0.6062036906844958,0.9404660022018846
2020-07-15,-0.20411930943102813,0.7229363924798999,0.6215600466374656,0.9459591720841596
2020-07-16,-0.7121192845652303,0.22294568498207074,0.5627743788988184,0.940643522411509
2020-07-17,-0.6866271725886532,-0.3792254308543248,0.4815483073596163,0.924175422793175
2020-07-20,-0.8815790912253181,-0.521671528514855,0.4845397678760812,0.9106670045852294
2020-07-21,0.4508261959364906,-0.3197113271422276,0.4715266964755464,0.9088320275879478
2020-07-22,0.8931738299078628,-0.2127546070901266,0.45032096776684716,0.8948179969967688
2020-07-23,0.7057499641155769,0.007992220015321357,0.3869553826216321,0.881576023100104
2020-07-24,0.6644203565605987,0.17719887425185946,0.4365111521597897,0.8751253989546611
2020-07-27,0.5972431411101522,0.5128506437328312,0.5001916661200442,0.8720398348510887
2020-07-28,0.7599201966803297,0.7231435767219138,0.4614361444685201,0.8783163437580531
2020-07-29,0.8429451639483722,0.729192144012229,0.47039888376283,0.8789505451932024
2020-07-30,0.48868151416857925,0.6456137439565199,0.3768998119362982,0.8767633197621735
2020-07-31,0.738787983065116,0.5868435814326322,0.3552038160720006,0.8763469947798993
2020-08-03,0.8170384860707127,0.7884571068760486,0.31189883679355473,0.8914987874886579
2020-08-04,0.7806876825683479,0.8125865838900211,0.45117887473274665,0.8928021226668261
2020-08-05,0.6718036949410138,0.8384059278868493,0.42028318289569433,0.8956887640938522
2020-08-06,0.7847611788329795,0.9063694638637132,0.36025038444466845,0.9036174883094564
2020-08-07,0.7178311740840242,0.9227813729816859,0.43063428847819624,0.9065718397235027
2020-08-10,0.7856556189255893,0.8904866724295579,0.5277584776948903,0.9053759106325706
2020-08-11,0.18927243342678496,0.7597185213311733,0.5288849585677053,0.9009656567503992
2020-08-12,0.0651338102672335,0.5445613311843336,0.5332410080094205,0.8867517189690354
2020-08-13,0.3548276555478795,0.21971347740392091,0.602133287272356,0.8822321592999472
2020-08-14,0.7779196821039595,0.3366187393327891,0.6739269787909168,0.8889512299997666
2020-08-17,0.9627160667784498,0.09766091288393858,0.7062695649724398,0.8947897688509601
2020-08-18,0.9870942331338499,0.039178158234972074,0.6136742578841845,0.8963992956945827
2020-08-19,0.8889988397561399,0.5810151972621748,0.6799002695604226,0.9032189010981744
2020-08-20,0.7525360308585067,0.7438221363687417,0.5654488913118233,0.902028139917259
2020-08-21,0.7443438373828928,0.7949221830060281,0.5503453934289033,0.9059245173582394
2020-08-24,0.4411202398821417,0.8117974401413464,0.5706191268426006,0.9058458253483048
2020-08-25,0.5574302150206399,0.6633813731950043,0.592519583016554,0.9013515985258724
2020-08-26,0.8905879601496511,0.7380538479727906,0.5382607800791479,0.8927059972166457
2020-08-27,0.9056134197754723,0.8464142446593171,0.637449008152104,0.8867796992434624
2020-08-28,0.9307147948945078,0.8692208183934398,0.6769000000620351,0.8849927788934709
2020-08-31,0.8043717336379199,0.91275029310415,0.6578454362355026,0.8746583872318806
2020-09-01,0.6481253777103145,0.928539099142556,0.6447380736193811,0.8571747670085178
2020-09-02,0.5685798318252969,0.9283274959451973,0.5700927124895643,0.8327835030981048
2020-09-03,0.8679945523283615,0.945985009005476,0.5874125633996636,0.8118446647175069
2020-09-04,0.905960445698409,0.926853481197194,0.4178728791752129,0.8141435777829049
2020-09-08,0.9670894339669178,0.9269548752108479,0.7191784655126272,0.8063550932736345
2020-09-09,0.991154812226337,0.9680025910862571,0.7342868346144906,0.8110299188549779
2020-09-10,0.9956377457699424,0.9817464059303374,0.8057518866120068,0.824356917141977
2020-09-11,0.992338444040756,0.9857726014855819,0.8314364810336685,0.8357133084524402
2020-09-14,0.948406595915466,0.986460365481929,0.9063192345927784,0.7809572370436788
2020-09-15,0.4471977726395906,0.9525825284389143,0.891429388688436,0.6879541829359022
2020-09-16,0.3523776039768479,0.9204322935194439,0.8681681650398678,0.6409332726923668
2020-09-17,-0.3248916200508531,0.6970859435949354,0.8652053138177193,0.6036437956926435
2020-09-18,0.4047006054127216,0.4842366359036825,0.8557591594037165,0.55503270459641
2020-09-21,0.9615470765782657,0.4608105354703143,0.8604811601845289,0.48286663265579
2020-09-22,0.9026628055794642,0.6842945617456708,0.8643853960241166,0.4059992831187266
2020-09-23,0.39930691419584224,0.49805191693593354,0.8419626202423769,0.3633311968659776
2020-09-24,0.1773022880852437,0.6137147662113671,0.8049608154029849,0.2725521927886655
2020-09-25,0.19651806772694103,0.6140415320876174,0.8358524070752706,0.1794670442664984
2020-09-28,0.6979922346966573,0.5187830841148567,0.8313137695992165,0.1154867255354082
2020-09-29,0.9969694782468961,0.4188189161967878,0.8496916518690139,0.0779597881222622
2020-09-30,0.9992644010872596,0.4674181082212632,0.8458408049191098,0.0625054883870708
2020-10-01,0.9761010703994074,0.6946950386695644,0.8444827905412114,0.0533186806850967
2020-10-02,0.9344137904145311,0.9060834928391568,0.8080085219440829,0.0537129014173582
2020-10-05,0.8004972214748571,0.9660438189910587,0.7791832512726208,0.0453230651887713
2020-10-06,0.7911082348819305,0.9647199881850087,0.7700381958728393,0.0515961105097094
2020-10-07,0.7631127535019688,0.882662296758356,0.7943765735508204,0.0200309632974511
2020-10-08,0.7464833277073676,0.7638441661875807,0.8555182642599708,0.0077191587554638
2020-10-09,0.869290901022578,0.6248763953527837,0.8663594635261997,-0.0053218578248217
2020-10-12,0.9261573370363111,0.8230452248193184,0.8571960687884675,-0.0004361565040769
2020-10-13,0.9624503517681866,0.9149522783975524,0.8505600248700053,-0.0299546822026078
2020-10-14,0.9477876525798153,0.9232519043851476,0.8496643755606387,-0.0447960704461
2020-10-15,0.9575392917841045,0.9492586737011316,0.8661834990310431,-0.0413425716116244
2020-10-16,0.9067780972172444,0.9553984542588587,0.9149129000493208,-0.0183386789221965
2020-10-19,0.8632188530695156,0.9398569465025634,0.893600276072603,0.004235822374943
2020-10-20,0.9155195980832815,0.9346484285863157,0.8880539074660277,0.0569843966925833
2020-10-21,0.9073622474212157,0.9441146504406659,0.8806075776678985,0.1102523223689634
2020-10-22,0.9112819684822174,0.9527921543592304,0.8729591781607562,0.1354230358423013
2020-10-23,0.6978100158247168,0.9351669795512324,0.8733382315445856,0.1557140924203316
2020-10-26,-0.151868817115929,0.8838142309239001,0.8738588438758448,0.1830903774156004
2020-10-27,-0.239670897180949,0.7183781302520329,0.8774413496465351,0.2173404668825132
2020-10-28,-0.7187673760194521,0.24668881777888607,0.7750016249249891,0.3101172973263629
2020-10-29,0.20245934972650695,0.3358367941081497,0.7012698029450234,0.3768109976301459
2020-10-30,0.3928942054658038,0.11913692741405063,0.7388227595248638,0.4894720661272995
2020-11-02,0.7285996158762827,0.5040041445087842,0.7114508806992397,0.450209540208574
2020-11-03,0.647609656240601,0.532478957166636,0.6985182657752051,0.360644205016231
2020-11-04,-0.23657362435721846,0.4762929265884246,0.6221188291770232,0.2610148645675016
2020-11-05,0.5701554160168124,0.5538266712484133,0.5721792983327534,0.3742431784659651
2020-11-06,0.94467699976191,0.6928234414801516,0.686006646567574,0.5132390934480944
2020-11-09,0.9849720908499145,0.7449313461819229,0.7066959979550008,0.6766976224798821
2020-11-10,0.5479058778603529,0.6117689521281756,0.7065989427935628,0.6479271305699003
2020-11-11,-0.5471036998704552,0.42598335060347975,0.5469616374277592,0.5226780013355059
2020-11-12,-0.8048662679816989,0.49804233723421654,0.5267876986439967,0.4481416755433722
2020-11-13,-0.660208594195945,0.3583753280800228,0.5275164038467418,0.3939263031968125
2020-11-16,0.4454296170321285,-0.012331989512934084,0.5254384545067465,0.3278186920300434
2020-11-17,0.5543661124295548,-0.5743129781740894,0.5267951305127646,0.2689497920149135
2020-11-18,0.6761635433851307,-0.5521835804637406,0.5224613292182927,0.2097306303686423
2020-11-19,0.8232108120892049,-0.3701865650723645,0.5574209099343415,0.2286886069757497
2020-11-20,0.8060158177722482,0.44886234273657055,0.5972877831199322,0.2789532065572379
2020-11-23,0.9381315443995024,0.6149839880993508,0.5605563907570482,0.2820481960796082
2020-11-24,0.891908809653312,0.585877584642649,0.5428987209231486,0.2871862110980677
2020-11-25,0.7185443551014004,0.6357847161898084,0.45562119591109296,0.3227799453406401
2020-11-27,0.6826610171767665,0.6733916314799767,0.4750593821225114,0.3292087530242101
2020-11-30,0.7619091292482542,0.7516694933817057,0.41785309984534486,0.3457051443743017
2020-12-01,0.6979331305139747,0.8054134772364956,0.20631794645335624,0.3374038108179977
2020-12-02,0.5796402255690067,0.8688941862992982,0.08329878283142708,0.3623043499827013
2020-12-03,0.867218328787121,0.8738162658590084,0.13622756558012505,0.4137878842427714
2020-12-04,0.6532996932238782,0.8519944076728907,0.44854514713328214,0.4407976684594654
2020-12-07,-0.02782949238253076,0.5977355394930184,0.4946757527703273,0.4734361182407716
2020-12-08,-0.9203481901003423,0.06768965733974654,0.46073120216881824,0.508086158054566
2020-12-09,-0.7552294474754919,-0.28550134692075635,0.40831097548813905,0.5319724646112743
2020-12-10,0.35432672450298197,-0.193530513701185,0.3828592365732962,0.5243385806663685
2020-12-11,0.9927904012395488,-0.050405186878774204,0.516566541898445,0.5035919371682825
2020-12-14,0.9605478625011843,0.0756193894960389,0.5405773433670266,0.46816078718962
2020-12-15,0.397040860729248,0.2523474871745284,0.48360536702052603,0.4481615141199892
2020-12-16,0.22427351156051173,0.4256499557511724,0.37619793066201834,0.4294988103638506
2020-12-17,0.6578290138395019,0.6449417553749323,0.32716892701012623,0.457233968600064
2020-12-18,0.7914574741873089,0.7650285801348551,0.28575473452830036,0.4830076620328527
2020-12-21,0.746853106837995,0.7882471017241707,0.2692873140781325,0.4689241028629941
2020-12-22,0.561705729046588,0.796378560974065,0.4052481358912744,0.4377749377917658
2020-12-23,0.5292075101872259,0.777586881907816,0.3891827043004682,0.41267423334503
2020-12-24,0.7759861153807541,0.7746174172328812,0.35693915024600575,0.3424273524849468
2020-12-28,-0.3872604015944986,0.6166590088716422,0.22608555196373464,0.2924561118324111
2020-12-29,0.8068697172040246,0.7416455551307128,0.2195813380224108,0.3179702587801071
2020-12-30,0.840665283802914,0.7873373569684827,0.37558472622976735,0.3368765574500407
2020-12-31,0.8883292749640604,0.8441652905105406,0.4463192107806282,0.3408979215543812
2021-01-04,0.588515000952101,0.7663170464254327,0.41664602692170816,0.3503295070644481
2021-01-05,0.5694134518373926,0.7696280357374916,0.35663688715991126,0.385234877736979
2021-01-06,0.534732319769552,0.7295186231837468,0.39636753757562354,0.3842290423965874
2021-01-07,0.10382184350254287,0.33804876821022195,0.41430378328982387,0.3655679408095
2021-01-08,-0.24832366047107218,-0.17668125480279,0.2922865972214742,0.3349105840664539
2021-01-11,-0.2888472025337145,-0.41965825113497657,0.3795557756344384,0.2939401516286336
2021-01-12,-0.3438461314535262,-0.5073714442709856,0.40667895501451445,0.2412297442596879
2021-01-13,0.4089158159135916,-0.5190960460821183,0.5175601884470741,0.1818066721453593
2021-01-14,0.8435573986920801,-0.4475068852257789,0.5157394891525442,0.1227037518150412
2021-01-15,0.9376913058146876,-0.4648337476172417,0.4928235626878976,0.0669705041930015
2021-01-19,0.7553076047363769,-0.22890806821878407,0.5313032879361894,0.0121685655197794
2021-01-20,0.8001701632684461,0.5191671625949802,0.5383479664676489,-0.0353343529659108
2021-01-21,0.9604254968455411,0.9305237031130539,0.5461852571466651,-0.0445225934584441
2021-01-22,0.9643365877542838,0.9484434528952157,0.640738435561421,-0.0519189992417756
2021-01-25,0.9549925280579906,0.9481643712406215,0.6062648755722984,-0.0433807977913214
2021-01-26,0.9559498053009167,0.9596202717856,0.6425290288130212,-0.0379457504473579
2021-01-27,0.06987239037616941,0.9562813097544477,0.6469109397537067,-0.035641743798213
2021-01-28,0.9232939015493059,0.7580480639581991,0.6477136064227702,-0.0448620879905663
2021-01-29,0.919502542818577,0.7312517168788693,0.6736279902242831,-0.0453052842417762
2021-02-01,0.9403567278748882,0.6273619445891597,0.6547758742620975,-0.0464017844340986
2021-02-02,0.68660072018922,0.6054382917769758,0.7497574857189812,0.0290829537540569
2021-02-03,0.7843414667229425,0.6287881688353592,0.8185869479167611,0.1138233143010293
2021-02-04,0.7275995682013842,0.6439974428681663,0.8052093671220073,0.2150981138904406
2021-02-05,0.7210514719362277,0.6825847975701134,0.7634690450345836,0.2855640605874342
2021-02-08,-0.026369347099653894,0.7545741115322387,0.7466536287521826,0.380631478200119
2021-02-09,-0.29651991968389063,0.6918062669558495,0.7500444239278388,0.4574549291511859
2021-02-10,0.026404848167192175,0.5653288593661394,0.7104487411160321,0.5555932317764071
2021-02-11,-0.6437804390403188,0.4060329171308967,0.7031949243660712,0.6339871410915185
2021-02-12,-0.7756734221839144,-0.5922130641649512,0.7072383413543923,0.6954459899010156
2021-02-16,-0.36273474363441227,-0.6939801077803115,0.6893065438318744,0.7322198911858931
2021-02-17,-0.4751478855264392,-0.565157911363052,0.7107308000500501,0.7736272967507949
2021-02-18,0.22017021487667549,-0.6964843586563333,0.7098425477855501,0.8209300945834359
2021-02-19,-0.19485266220712796,-0.6381589015047706,0.690511832525018,0.8717204383975987
2021-02-22,0.11449019001362357,-0.04083664457414672,0.6897488621140986,0.8975617344241692
2021-02-23,0.8016355132199132,0.6695813103828213,0.5683866843634214,0.9157805540499144
2021-02-24,0.9212759395699079,0.8013916650021911,0.6145039448493731,0.9324159611180362
2021-02-25,0.2856042614883633,0.5388336000596964,0.689518287385142,0.9375535048250304
2021-02-26,0.7294640963777674,0.8077026462959993,0.3903861779133275,0.9429847685194728
2021-03-01,0.7496114895182228,0.8283904892910834,0.5672538443238113,0.9557750552842736
2021-03-02,0.758652915247482,0.7661247848904678,0.5065892288915557,0.9608162790927154
2021-03-03,0.8652924138554375,0.6989899614558185,0.5892052168698296,0.9653186460239888
2021-03-04,0.7289616917247989,0.7690832363055027,0.6034562442013779,0.965208008503811
2021-03-05,0.8463090320510489,0.8408755477483576,0.6724318260799695,0.9682352285428594
2021-03-08,0.9171322071421499,0.807563057712394,0.661889359118731,0.9648486256670804
2021-03-09,0.7217325241606501,0.7909118238845165,0.6792742977018895,0.9546760181580536
2021-03-10,0.7270688900043316,0.6820884217061585,0.6841592818896484,0.9478323984855548
2021-03-11,0.8257635547724969,0.6522479527876428,0.7081491112884796,0.9306355404101306
2021-03-12,0.963845552691631,0.8410874992278619,0.7055195852794671,0.9040412214086913
2021-03-15,0.9393300704673901,0.8643016138944671,0.7348554448397493,0.8917001456922867
2021-03-16,0.644580417167158,0.9016345936724581,0.7551916163226993,0.8846767069622034
2021-03-17,0.522449033402409,0.9060414530398967,0.7671110924111632,0.869783898786008
2021-03-18,0.22963638605423914,0.9164998149184763,0.7506484055684961,0.8536915005536213
2021-03-19,0.8839581679868711,0.8697763784761068,0.7434067407589382,0.8373971475151102
2021-03-22,0.7560303210614603,0.6681633149287963,0.8140572594732947,0.8233616671520274
2021-03-23,0.7822864860711762,0.6778446970772563,0.7388614651728383,0.8133588564896461
2021-03-24,0.4682926177334138,0.2773523883004225,0.7864068568025347,0.809337643073597
2021-03-25,0.1041580502185572,0.2768743930075635,0.7474553849572125,0.7886765454259425
2021-03-26,0.23830858117250706,0.35085570008930644,0.740700813590826,0.7422795633940548
2021-03-29,-0.3119659579131693,0.1838455680693657,0.6472940712942501,0.6935394146680136
2021-03-30,-0.3962614028938993,0.12126738053692836,0.6008355691911058,0.6342945956590361
2021-03-31,-0.32338101125032204,-0.21439826182906954,0.6126611563000186,0.5248544412995947
2021-04-01,0.6206882950479603,-0.2544270436394418,0.5960057164294928,0.387834512984844
2021-04-05,0.9534385745423262,0.24355973018220467,0.4960490025591523,0.2761494852040286
2021-04-06,0.9922225419846727,0.665182075414714,0.5623388082229701,0.2135973597208115
2021-04-07,0.9934059427407267,0.867524986670367,0.5840354497409976,0.1403696477082086
2021-04-08,0.9596650950555439,0.9548271369512391,0.5906574119732335,0.0787835864431675
2021-04-09,0.9149431241865086,0.9825973015056684,0.5884837099611857,0.0327892029420164
2021-04-12,0.9527921012682128,0.9845952407146539,0.5907353261632,0.0470555487410802
2021-04-13,0.9704908712498558,0.9826954948874018,0.6065611028590362,0.0761768601926591
2021-04-14,0.9902703573695184,0.9781015513494322,0.38875058048947975,0.1385976990572678
2021-04-15,0.9073114147634842,0.9650759837662972,0.44601094630506216,0.1841825659568529
2021-04-16,0.3663137889102995,0.9042944864518171,0.490025715535379,0.237291231102309
2021-04-19,0.5561717757411978,0.8811061536441421,0.6020336733311643,0.2773047662988072
2021-04-20,0.6145982840340868,0.8475544706544186,0.5256009941898651,0.3213786658637296
2021-04-21,0.9951243205066422,0.7316160092860524,0.6501940756035188,0.3731831354233915
2021-04-22,0.920719713039056,0.44311718836878466,0.8472128687852778,0.3433393726651751
2021-04-23,0.9279530362615234,0.5346909781068057,0.843274504989883,0.3782256005530394
2021-04-26,0.6665864197779984,0.5186236323765621,0.8640292118408908,0.4247096991504934
2021-04-27,0.7949255622474234,0.8134565340979485,0.8544924988504574,0.4662030196825628
2021-04-28,0.8461841187491597,0.8324197905688069,0.78963937933157,0.508412181380164
2021-04-29,0.7913281245606588,0.7914710727886258,0.7610918824917186,0.5471467364992965
2021-04-30,0.7183002392354867,0.8550160471615335,0.731332290828527,0.5824972867650182
2021-05-03,0.42055599898041524,0.8236999122842161,0.7545551413162379,0.6413756270528467
2021-05-04,0.2010810593888095,0.7651223566302802,0.741030781045007,0.669825652512614
2021-05-05,0.6692787645229428,0.7571965419977318,0.6029544371580735,0.6877938982422889
2021-05-06,0.8120928455941936,0.7651203760872181,0.6434860417191319,0.7159564597618442
2021-05-07,0.2989801790748695,0.4805334986669001,0.6281676583550178,0.7522931621318018
2021-05-10,0.03699195298306364,0.0245307585508932,0.6407752162626246,0.7863058874863514
2021-05-11,0.056092250741785865,0.06142189721933565,0.5627933017216545,0.7943277744153879
2021-05-12,0.497609962081221,0.31072365122391443,0.6373167505293886,0.813780010285302
2021-05-13,0.8132507431484897,0.5243259905862179,0.5078350966957962,0.8328532977771163
2021-05-14,0.8625222334063218,0.7008445932900398,0.5647051784251892,0.839562350698387
2021-05-17,0.7733389837160747,0.7327617071857639,0.5402055293928874,0.8476119990307496
2021-05-18,0.862655327821843,0.7888472907658555,0.5833893510528474,0.8535670417539502
2021-05-19,0.8235103379819539,0.7807196169836297,0.5248835759246433,0.8567442930758473
2021-05-20,0.5763719562867513,0.7156941917451124,0.5505947906083781,0.8554855689286496
2021-05-21,0.28735889930771275,0.576045943320396,0.5475761212136208,0.8554933508428133
2021-05-24,0.2766495770174532,0.7381004864985055,0.5766473460030457,0.8495677392715614
2021-05-25,0.2612668660646851,0.7378785820076791,0.5604852643787197,0.8493689313462981
2021-05-26,0.46449744703115936,0.5896688537060818,0.612046859545197,0.8452189318060433
2021-05-27,0.708179235722658,0.43826789395792703,0.6522600770019789,0.8455691691282612
2021-05-28,0.7498396432115406,0.3667968363783508,0.6435467676933608,0.837994133998842
2021-06-01,-0.7760822617386657,0.2960101687420776,0.6464442316079189,0.8318236602315116
2021-06-02,-0.7969664865452728,0.1686411757079948,0.6287660931741752,0.8162326981797271
2021-06-03,-0.5600778615482264,0.15059968402794754,0.6539597346679114,0.7390024284851833
2021-06-04,0.7823760920158975,0.2864097988766927,0.6323664527504277,0.6601803712866987
2021-06-07,0.1827764001045566,-0.4036493274523873,0.7394622845159177,0.579063927638663
2021-06-08,0.013471397852149769,-0.5051021256877205,0.6356247196068405,0.500413255202654
2021-06-09,0.3666716127056658,-0.026850778969554383,0.6678128896090885,0.4103008855280433
2021-06-10,0.39034481965243606,0.31266952131443226,0.44615806407634917,0.2997985606455794
2021-06-11,0.5275741508317082,0.6229303359353028,0.5277776759622564,0.2094953155940124
2021-06-14,0.7646356967148343,0.7330613377684114,0.46574483521320337,0.1140872809191289
2021-06-15,0.9419518728571509,0.8121633333016052,0.4662556066320339,0.0204578074938573
2021-06-16,0.9559986364521269,0.8335669724232808,0.5055271946915094,-0.0718026962213282
2021-06-17,-0.4447632210237627,0.5535650078537385,0.49544121783425,-0.1618683115034797
2021-06-18,-0.7749226823773352,0.21674198853829166,0.2985908081721826,-0.2249293438234498
2021-06-21,-0.7972099876487434,-0.42260735999121,0.24876931065404095,-0.2971302834347507
2021-06-22,-0.6993901818542667,-0.5015722619152574,0.264820864186516,-0.3408848864925287
2021-06-23,-0.041553444260636764,-0.5086996898632172,0.01715944238786274,-0.3644658215148125
2021-06-24,0.26929730105650984,-0.40126707299947373,0.07387628134799076,-0.4092840832713902
2021-06-25,-0.17475715600982483,-0.32727965795593267,0.07453395254015355,-0.4674736002155485
2021-06-28,-0.6252363867866496,-0.3949322343448892,-0.027008739016960104,-0.5260421724292862
2021-06-29,-0.8701762766226604,-0.4243406876149345,-0.14859654915346626,-0.5698390800670791
2021-06-30,-0.7320478425210377,-0.5862478268639102,-0.16110093453182464,-0.6100090620953137
2021-07-01,0.05586548082335925,-0.5850068770020117,-0.1752412596604691,-0.6428731959464117
2021-07-02,0.31625320029154647,-0.6079406112923675,-0.17053936929675,-0.643182226480639
2021-07-06,0.8104124087430833,-0.10573098144427003,-0.18410895035435604,-0.6138783397324008
2021-07-07,0.6764955578207077,0.4849457063891558,-0.11427773679515041,-0.5683079567587971
2021-07-08,0.7664125236738768,0.7957410404143828,-0.18119927603413175,-0.5247760537235167
2021-07-09,0.2759402436448567,0.7273399281863226,-0.18410531136988745,-0.461600515987492
2021-07-12,-0.11467478915669234,0.7430943866730525,-0.20703200662893062,-0.4131469621723998
2021-07-13,0.03146023737260158,0.7380733386320142,-0.23551488841511492,-0.3683352541262178
2021-07-14,-0.39408864768671803,0.6809291890249262,-0.2202246805980137,-0.3291365088063649
2021-07-15,-0.5000804243494779,0.5110654270905032,-0.24766681115161965,-0.297474767492453
2021-07-16,0.7088560176152983,0.08695348270341526,-0.153577578755207,-0.2589222121502843
2021-07-19,0.9753539512115245,0.3319975228748506,-0.09918767195992872,-0.2193330266385074
2021-07-20,0.9132341386193902,0.6878359196797246,0.03879347439387773,-0.1584863475918497
2021-07-21,0.8884311571651115,0.6917653170093093,0.17642354085388318,-0.0880188938433194
2021-07-22,0.8121731881566774,0.8133418772835947,0.22561673626985848,-0.0288286878721942
2021-07-23,0.8280032560888388,0.829210581573457,0.21719406087734175,0.0778031541675396
2021-07-26,0.9136909810051635,0.8158801920774831,0.2190472272721919,0.1523198028693557
2021-07-27,0.9338228650209837,0.8865976731986628,0.21566733914059527,0.2180059885196971
2021-07-28,0.8252613528611278,0.8993772763497192,0.23420240905410475,0.3021901859382359
2021-07-29,0.6080370489963784,0.8995940740069356,0.23459646898987974,0.4133204012918077
2021-07-30,0.4112851122445996,0.7913643866794636,0.4643961294285532,0.5024015409048371
2021-08-02,0.6059105052646739,0.15739714097525687,0.4279910842746767,0.5020159312251484
2021-08-03,0.6611746159801968,0.20879450663102717,0.4472941719963216,0.5112691966682629
2021-08-04,0.2891624523959514,0.08568087256829829,0.44544365584036183,0.5237362020332257
2021-08-05,0.580227913777086,0.4351267499159262,0.4705306574865387,0.5412194837832771
2021-08-06,0.9271171101577483,0.21208580610389935,0.45299826952903277,0.5911359069897374
2021-08-09,0.5774265729635651,-0.12242426603896929,0.4666250947083105,0.6132110467331542
2021-08-10,-0.17870422417013004,-0.10577473084630627,0.45672502083089894,0.6237645705829975
2021-08-11,-0.3993839477188869,0.03914147843324849,0.4343388313585561,0.6264815317216256
2021-08-12,-0.952384085071581,-0.21861415420547012,0.5220522023059563,0.6343454011598567
2021-08-13,-0.793048226828058,-0.4963834279999342,0.5397361523150701,0.6515118258576997
2021-08-16,-0.8066270704190532,-0.8046861111147492,0.5444500718940586,0.6727279633525431
2021-08-17,-0.5728988251257545,-0.7990648659210717,0.5538655323358771,0.6906997318474978
2021-08-18,0.5238503512679845,-0.6075969348433365,0.5715887286666701,0.7013392813192533
2021-08-19,0.9253044449232111,0.31126207872609074,0.5592007843619835,0.7051128717042255
2021-08-20,0.9708365258284977,0.5999669516160897,0.4772607853895644,0.7181578740653245
2021-08-23,0.8760668030606185,0.7050376557700786,0.4854596222229202,0.7515113110552021
2021-08-24,0.8782467205262083,0.7946027922370613,0.512312293140009,0.7762662642786758
2021-08-25,0.9064115912616233,0.8660321830892528,0.7734758576402514,0.7935660409877472
2021-08-26,0.9498522215954919,0.911599970886498,0.7500182360582142,0.77971572464122
2021-08-27,0.7947985192946783,0.8903063643463565,0.7211631651052908,0.729326421386046
2021-08-30,0.5587177875501507,0.912963130384722,0.6237957632662409,0.7139742541356274
2021-08-31,0.8358080396020207,0.9237255579714732,0.6454570185010059,0.7005175889791517
2021-09-01,0.793131041270916,0.9048601018851199,0.6502305315580232,0.6931474893437988
2021-09-02,0.8289915434435915,0.9106870767576386,0.5774317602814284,0.6522014960172617
2021-09-03,0.6854993506964665,0.8884699125976712,0.5894183077509477,0.5807027769400981
2021-09-07,0.01651068990312632,0.8841692061947357,0.6015525184743916,0.5043373115847216
2021-09-08,-0.5685152101220371,0.8118991400226234,0.5998504091835596,0.4779600774111725
2021-09-09,-0.895045111504562,0.7011199002636026,0.5688539611751804,0.5113050081872739
2021-09-10,-0.411305453855657,0.08788718424945662,0.5732372828690688,0.5634363183418847
2021-09-13,0.456469796004904,-0.10328447946430275,0.5367321154535898,0.607401935118462
2021-09-14,0.9021304275751397,0.25782450780681526,0.44802811850778734,0.6550834168690348
2021-09-15,0.9225480064818864,0.48270580845158506,0.43732169209464467,0.6839631223922847
2021-09-16,0.8652139714159703,0.5027505717407599,0.5129436711498163,0.7086485740554319
2021-09-17,0.7253947182644568,0.6928110164580799,0.3892901636923487,0.7465160843906
2021-09-20,0.6164523323304983,0.8697479196573576,0.3806243968962942,0.7853303812045278
2021-09-21,0.9601476795848527,0.9545120410746212,0.4929350295684394,0.8053385389623211
2021-09-22,0.9738028422769325,0.9654968351228762,0.7277318710822658,0.8199105163219288
2021-09-23,0.9752702698124114,0.9656840205097095,0.7143558133381853,0.8229109085149806
2021-09-24,0.8715344199452657,0.9402081589261869,0.7144140445380958,0.8294714814374141
2021-09-27,0.9951073213379262,0.920522547930291,0.7844484171342138,0.8421260628944258
2021-09-28,0.9919347706435658,0.8985437739838695,0.785716399966405,0.8527544912181729
2021-09-29,0.9780434142210662,0.9011295861824884,0.8105632887587748,0.8589482173488207
2021-09-30,0.9897957529665511,0.8699341671499283,0.865489594192488,0.8571268157724198
2021-10-01,0.9764190863239776,0.9423733413653993,0.8980915497011535,0.8591767448384382
2021-10-04,0.9122279093483886,0.9310040101159499,0.878126719224545,0.8511967877784219
2021-10-05,0.717501438073848,0.9411496356218529,0.846023257635022,0.8314910880576223
2021-10-06,0.5041358072129195,0.9211107812154443,0.855392947896989,0.8155008590993215
2021-10-07,0.36940343597095987,0.8873171217017424,0.8700521515268842,0.8027980782857344
2021-10-08,0.9235752140218565,0.7913979569687336,0.8701136408365925,0.7928586515457181
2021-10-11,0.9836495335282447,0.5587244347038357,0.8726252472849061,0.7824009398037208
2021-10-12,0.980810155351422,0.5895994232228735,0.8811350192456304,0.7585481023753935
2021-10-13,0.9744417207242304,0.6103110433694972,0.8923149734155686,0.7222314964168777
2021-10-14,0.8821256669714523,0.9081571105031505,0.8652161914363101,0.6681487220492349
2021-10-15,0.8179633517136657,0.9093802334104171,0.8564730469195495,0.6043565912543768
2021-10-18,0.9024661016980733,0.920356783812927,0.8165296425081576,0.5953855004082348
2021-10-19,0.917161992753539,0.9372535520351827,0.7518026756088041,0.6073388862375593
2021-10-20,0.8976352388210207,0.9505483324665744,0.7491944327364434,0.5976935469869482
2021-10-21,0.7229236981131756,0.9325497732421477,0.7306122773256275,0.5982178973687429
2021-10-22,0.13505682298210872,0.9302172767788068,0.615457941654778,0.6204169752501708
2021-10-25,-0.515971403694037,0.7858944249925384,0.6151078864347115,0.5892617533316472
2021-10-26,-0.7257324432125299,0.4431427388281374,0.614905146274219,0.5398788195700869
2021-10-27,-0.44743174427621557,0.036928319850667295,0.6411351541079737,0.4844421002807537
2021-10-28,-0.2914377678492225,-0.5778552738251441,0.4410546152022654,0.3688564118574945
2021-10-29,0.6614715360789802,-0.32767542751366907,0.3936065756834818,0.3047453767680741
2021-11-01,0.3236414048588398,-0.1910107179449932,0.4298408775457794,0.2095167735447692
2021-11-02,-0.3334561626154296,-0.23337505023627003,0.3889305285933974,0.1133166224394415
2021-11-03,-0.5888055998105607,-0.33691940006742066,0.38055490714595186,0.0167318653961835
2021-11-04,-0.29118240321133,-0.011192274816370924,0.3165656881163392,-0.0274059215712919
2021-11-05,0.7697511079860421,0.33135637388779593,0.34160201821562697,-0.0845741105915484
2021-11-08,0.9657396851962229,0.5118090249671396,0.33290018164239654,-0.1008205039181288
2021-11-09,0.9754688292143552,0.5932207057052843,0.4400403745551511,-0.1122066029936356
2021-11-10,0.6870391192300296,0.7056148375782505,0.3755132972622873,-0.1099208805364926
2021-11-11,0.2788429826530892,0.8173794253484513,0.166215407122983,-0.097521856755232
2021-11-12,0.4795498099713191,0.8053191950608523,0.38314463218726347,-0.1088060005843176
2021-11-15,0.4954167916563952,0.7275007581216761,0.41070509009190037,-0.1265884233266439
2021-11-16,0.9091827868527483,0.5360564020905978,0.4418933259278408,-0.1102715280954787
2021-11-17,0.9419299412962486,0.5160471477916213,0.4106155609332406,-0.1053922017336031
2021-11-18,0.9211834073079299,0.5709006414547405,0.4348878052583879,-0.0359667815733071
2021-11-19,0.717946181109995,0.6361028593502418,0.4476856085685483,0.0540734109375746
2021-11-22,0.6203767501981008,0.7781830185723722,0.4578050762684675,0.1989439979291705
2021-11-23,0.5383003923720746,0.7793531118457073,0.4586795909391921,0.4072871113907936
2021-11-24,0.8945325234621799,0.745417864391738,0.555915113110953,0.5132268434746348
2021-11-26,0.6254552175997117,0.613464363889144,0.5884099272815131,0.6094879845557443
2021-11-29,0.7446159631253889,0.5658568110620893,0.607727781653788,0.6950996741477274
2021-11-30,0.977359604164552,0.5880867966207709,0.5739188798983835,0.7514643846064405
2021-12-01,0.9669702110854164,0.7277910815958512,0.5722169082301938,0.7952803961811796
2021-12-02,0.9733863568494476,0.864843697519054,0.5815181363663788,0.8329412567899749
2021-12-03,0.7843066000771757,0.8689260302750026,0.6221714595810158,0.8504809436208898
2021-12-06,0.7602741941318796,0.8987689532117888,0.6113038887811815,0.8659165043872141
2021-12-07,0.08124231779223326,0.8475870192879508,0.611360716125706,0.8783513635992363
2021-12-08,0.7987812419072045,0.7882088542145614,0.6295809591691823,0.881975656077918
2021-12-09,0.9896326003879056,0.7112401735565002,0.6831502959670395,0.8820853114168903
2021-12-10,0.988992161800734,0.7025036476788837,0.6845085820929587,0.8832974236423794
2021-12-13,0.551635210597907,0.5474072750970504,0.6950957859101398,0.8821723800831857
2021-12-14,0.26146648693855806,0.5231655872519071,0.6512137616631845,0.8791882052904167
2021-12-15,0.6051219643500749,0.5618761110431267,0.7886539353554967,0.8802088570735633
2021-12-16,0.5867205241472014,0.5951806837949806,0.7757199194109027,0.8716703556816346
2021-12-17,0.8962935546300498,0.45281346264352407,0.845558932944744,0.8692691739064609
2021-12-20,0.6763810842622837,0.5963635035070435,0.839980336726593,0.8731907743271186
2021-12-21,0.8442213454634111,0.7359766711562872,0.782511678363057,0.8752363246348994
2021-12-22,0.8489900091528734,0.7362976391118149,0.7725029273734376,0.8731743556040739
2021-12-23,0.7835413047424831,0.8498580122808901,0.7855689791713736,0.8675045298100541
2021-12-27,0.8916185774800954,0.7999215333043164,0.7842717598712264,0.8662986253410074
2021-12-28,0.6244197557731191,0.53961480502337,0.7643105716098997,0.850189153673639
2021-12-29,-0.40506111239356013,0.49435450103733164,0.7379884987878729,0.8361508808237942
2021-12-30,-0.7879683737184414,0.44907633375107064,0.7058105221549595,0.8204105181266843
2021-12-31,-0.6259796775434026,0.28994438941412287,0.6926164683702759,0.8029085620767811
2022-01-03,0.8312043011315107,0.1595376592026888,0.6055054046518165,0.7902233751645436
2022-01-04,0.8597589210883493,-0.37838743839596006,0.6094966737187606,0.7709939977911968
2022-01-05,0.6824850495478619,-0.44133001655722226,0.5834837362026266,0.7560731430571004
2022-01-06,0.871115267774335,0.4577202540695485,0.6330257851900963,0.7658536588858353
2022-01-07,0.9210076292365237,0.9145373582966015,0.6509537614797667,0.7784103206721585
2022-01-10,0.9490211673439107,0.9385225468074663,0.6604294367098776,0.7763305878298435
2022-01-11,0.9698813653900272,0.9653510033843227,0.5875509783799797,0.7651902057143397
2022-01-12,0.9730837811752189,0.95473312686547,0.5554709658906392,0.7401687942516065
2022-01-13,0.9626345511758807,0.9487990438385459,0.6745384945226487,0.7198379261515855
2022-01-14,0.975789580625525,0.960137571130962,0.6362448251523238,0.6978656969078043
2022-01-18,0.9630421159683225,0.9559985955594568,0.6306752559622051,0.6637294629261584
2022-01-19,0.9706417045987262,0.950460282226409,0.6170440249205429,0.642908391446518
2022-01-20,0.989354233206251,0.9768521543872684,0.661119231225384,0.6382474953498732
2022-01-21,0.972326590046757,0.9820743493918322,0.8064475166336529,0.6449168096566384
2022-01-24,0.9748060157880769,0.976388802294124,0.8136264847527854,0.6707025939161586
2022-01-25,0.9948878994070942,0.9818135480835399,0.8467784902826119,0.6810665430348211
2022-01-26,0.9989824092035697,0.9826869885224782,0.8574194409181155,0.7021858113742431
2022-01-27,0.997890632242836,0.9850957520524442,0.8663106337813705,0.7248309454944817
2022-01-28,0.9325072083686521,0.9875144620956154,0.8503850506074178,0.7448651881085373
2022-01-31,0.9308493537036272,0.9832182341447139,0.8618204638004427,0.7848477238338385
2022-02-01,0.9829264502381158,0.9543947758272354,0.8969908384837397,0.814930748300015
2022-02-02,0.9894410735391815,0.9554900253828207,0.918528391016241,0.839508133845923
2022-02-03,0.973416419913773,0.9750968223994588,0.9213962767949264,0.8802859551852772
2022-02-04,0.7237962808396338,0.836082603909387,0.8991621074409025,0.9489554118656228
2022-02-07,0.338776074756299,0.7503975530725646,0.8980573568250214,0.9514861133989346
2022-02-08,0.07645713653411434,0.6568355493584567,0.6809980979437387,0.951783948176924
2022-02-09,0.11976452289447788,0.5625388689436187,0.6746126808377919,0.9488812763373614
2022-02-10,0.5741115372810578,0.47618941727842173,0.6797593298947568,0.9459411208971056
2022-02-11,0.7634509709442611,0.25209745778597453,0.6485774300053702,0.942881093056413
2022-02-14,0.9115816222752026,0.2168353707406467,0.6344583961240817,0.9412014584051444
2022-02-15,0.915945497165249,0.2112468870815915,0.6423797273898948,0.9404867481406766
2022-02-16,0.9482030483801562,0.3931494366502761,0.5904532263222781,0.9404040220234766
2022-02-17,0.8926740158443133,0.9024832757912764,0.570259742366416,0.940000730354428
2022-02-18,0.7854265473789279,0.9140212415920218,0.5452393243005395,0.9407811120887304
2022-02-22,0.9489173055021289,0.9354553598868421,0.5603470500412142,0.9376569719614756
2022-02-23,0.9723719647347769,0.9667149865881005,0.5683083101370672,0.933651004404092
2022-02-24,0.9877542581196908,0.9701424035258329,0.5727032449926547,0.9346653915571672
2022-02-25,0.9588661441012244,0.9455615391644004,0.5689627928825696,0.9403624046087156
2022-02-28,0.9395283244658076,0.9601905500267891,0.604725824067903,0.9446219691170762
2022-03-01,0.9440413774890548,0.9601353520606491,0.6018936404908153,0.9489062391453776
2022-03-02,0.9376241275787874,0.9646533111738567,0.5219209038477692,0.9520801733725988
2022-03-03,0.7904974486671053,0.9061827498726027,0.8164060775602269,0.9488489273165712
2022-03-04,0.319601446555316,0.7216173433309861,0.7991216922833098,0.9453288392923822
2022-03-07,0.400413028790347,0.6195919403400182,0.7790853040467898,0.9404299364387212
2022-03-08,0.8576802569584581,0.8046701896430297,0.8034475990881274,0.9139692954462774
2022-03-09,0.9874475256524764,0.8889801188772749,0.8511449976437633,0.9096890582230324
2022-03-10,0.9559018605936911,0.9108649915570246,0.8385887608089789,0.9115108307857336
2022-03-11,0.7679158678039627,0.8693755437046335,0.8719021023717155,0.9283071674469136
2022-03-14,0.4474847399076909,0.7705771530481859,0.7217204422823851,0.944633375175424
2022-03-15,0.33746335785125686,0.7695335909869252,0.7178242773509904,0.9586587928848525
2022-03-16,0.08144722545864713,0.6440025741705627,0.7107510374204478,0.9663666108652552
2022-03-17,0.9816068194006065,0.732963629627815,0.7472743907145623,0.9698859217671476
2022-03-18,0.9913330088839256,0.8635834696447484,0.7686928581759435,0.9725142626306236
2022-03-21,0.9976838753695958,0.9122761609685727,0.7528499858161508,0.9733383047998864
2022-03-22,0.9965597603100239,0.9192971470087351,0.7502009919249516,0.9751000248907816
2022-03-23,0.9983208123356896,0.9949035593327287,0.759075743722473,0.975470824155306
2022-03-24,0.899408647977961,0.9898144013061978,0.7640253405948673,0.977197824267998
2022-03-25,0.7089680493033097,0.9884092063684982,0.7571135601679582,0.9776075022551244
2022-03-28,0.7485222363757128,0.9734169955100204,0.7577214762580307,0.9778733629760644
2022-03-29,0.7931501649303522,0.9550471773821203,0.7605380477266795,0.9775151269237782
2022-03-30,0.8814051100926191,0.9353907094064454,0.7500851210557764,0.9759142599855616
2022-03-31,0.8127863754721274,0.8982951629372526,0.5803037578949335,0.9715239350520368
2022-04-01,0.8017345005665915,0.8484903152287555,0.5829958161364013,0.9697429939097256
2022-04-04,0.8195924330239531,0.7709633035394192,0.6442999277134658,0.967986389357346
2022-04-05,0.9058878527638979,0.7860333012279961,0.8578677480849051,0.964677525448234
2022-04-06,0.8179182278684797,0.8490135524588006,0.8475052372662193,0.9619229392254094
2022-04-07,0.9707189821598826,0.9034174731350054,0.863961858723777,0.9592498503597964
2022-04-08,0.9332162289934463,0.901306898380545,0.8519171185704338,0.9556879558962622
2022-04-11,0.9014099032014059,0.9035317280937668,0.8028679528907029,0.9533495402322464
2022-04-12,0.8563877798333304,0.9310224826355041,0.779063766083534,0.95044458144083
2022-04-13,0.8723556217384569,0.9505127836744225,0.7749295298245642,0.9453878278035264
2022-04-14,0.8882129900728412,0.9473547599084698,0.772357468178851,0.9310732516256894
2022-04-18,0.8065424060847157,0.9397304218652935,0.7696310964617714,0.9209735302399188
2022-04-19,0.7870046265549476,0.8806709248435042,0.8021676751152307,0.9090321324499692
2022-04-20,0.9541645674806283,0.8384802356260308,0.8418373351615629,0.8842648334722919
2022-04-21,0.8184937887163084,0.8123059469538604,0.8688874344127523,0.8530772481480049
2022-04-22,0.7914040131411288,0.7568305926856271,0.835220953901092,0.8303095949333965
2022-04-25,0.9079336625676037,0.9051952229998013,0.8765418200873044,0.8196961960049577
2022-04-26,0.9302830231124549,0.929042167110556,0.8402036171346973,0.8023657211298892
2022-04-27,0.9824717980291986,0.9610460381934764,0.8478272269737135,0.8076685050057041
2022-04-28,0.9654985226714816,0.9688051794965141,0.8679572493251547,0.8149093488853366
2022-04-29,0.9750918010790764,0.9678084225681134,0.8530073374474063,0.826698492879952
2022-05-02,0.8734573465858511,0.9266189439354169,0.889956449872297,0.8250140000508971
2022-05-03,0.8121931926072691,0.888864291773405,0.8722129632229454,0.8236224365932661
2022-05-04,0.8700760894782995,0.84657330055162,0.8757198913976983,0.814287443843924
2022-05-05,0.6158366230631556,0.570118638435004,0.8773851197798235,0.7776074026660519
2022-05-06,0.4369434709076221,0.5841069062217186,0.8481891794804355,0.7632222772537905
2022-05-09,0.6833613317044703,0.537203552871325,0.8707609335749774,0.7562428517790185
2022-05-10,0.9239322346706615,0.753219494816816,0.8658701941641294,0.7577552567410247
2022-05-11,0.9962636618967782,0.8494795376266244,0.8668198077291843,0.7657467081719743
2022-05-12,0.9980799801337081,0.8994308202160686,0.8694359932298884,0.7786147172445729
2022-05-13,0.9841008536635009,0.9391479180932291,0.857821891272907,0.7840163678136153
2022-05-16,0.9142401930287548,0.9585727456737546,0.856493433638067,0.783684561621758
2022-05-17,0.9324407503508351,0.9842565163376504,0.8742515411523312,0.7878115321070555
2022-05-18,0.9756651101911686,0.9599126553313658,0.8920440837731535,0.7824456598079056
2022-05-19,0.9887453456754628,0.9501939678693996,0.8995856767995314,0.7874609946249975
2022-05-20,0.9806810114956388,0.9246699212737255,0.9074293001295303,0.7815937291383782
2022-05-23,0.9820654973277989,0.9170698404843898,0.9023329774046773,0.7809685906202208
2022-05-24,0.9282806830807122,0.9129641054120032,0.8911436466592997,0.7935775161606132
2022-05-25,-0.2417900519683812,0.8621593360647017,0.908409726759938,0.8211031899842615
2022-05-26,-0.16700101069928236,0.8230349971236764,0.9044506475548078,0.8493620016244056
2022-05-27,0.683168995033105,0.8130086620021904,0.9033397313531937,0.8789647125916408
2022-05-31,0.9843787979923588,0.8757954997828993,0.9413174998876676,0.91383564602916
2022-06-01,0.930823979172227,0.8708682726952568,0.9320839410825066,0.9126757037138786
2022-06-02,0.7696728515021186,0.8438301820824733,0.8643239311562045,0.9088676342573048
2022-06-03,0.65058991407606,0.8853175004032674,0.8200679042406746,0.9067338385379548
2022-06-06,0.02016541422826922,0.8985117084945631,0.8266265414093037,0.9127829290903632
2022-06-07,0.556334394861087,0.8703558891479489,0.8250398654924486,0.9141968622089373
2022-06-08,0.6771264295375597,0.8001824185647135,0.826835023346773,0.9314353719839046
2022-06-09,0.6072861544096064,0.5476482105919734,0.7706622408050707,0.9480598570768644
2022-06-10,0.8783130852155608,0.4476452786922454,0.7784325248839714,0.9593227220779248
2022-06-13,0.9684702971004018,0.953658460819098,0.7870490639421458,0.9673631954050016
2022-06-14,0.9982374468651386,0.9866930769628921,0.7499833300160492,0.96879602638786
2022-06-15,0.9981154802968655,0.9912455775618952,0.8024000217415843,0.9696475676656916
2022-06-16,0.9761728771920953,0.9868453927231017,0.800072991223507,0.96983613070037
2022-06-17,0.8542945823774039,0.9782953332860418,0.8413304420719148,0.9712912421562256
2022-06-21,0.26890549645405404,0.9657861159831419,0.8605370520517451,0.9738880959738082
2022-06-22,0.5090579648854833,0.939641883381469,0.8552135533372753,0.9736030101162793
2022-06-23,0.836506203443655,0.8539971203396881,0.8308025356447111,0.9732357724200568
2022-06-24,0.9401013846495678,0.6054267124122688,0.8164815134087074,0.9738087828459958
2022-06-27,0.9717142821961342,0.823961062310426,0.879097466010047,0.9738072654493324
2022-06-28,0.9057327872253843,0.866470388482489,0.8957092418948241,0.9740408241802792
2022-06-29,0.7436077787837618,0.8734771699661147,0.8741491990800081,0.9734976161614088
2022-06-30,0.721073211666598,0.8727937945680622,0.8734028807452832,0.9720974533446444
2022-07-01,0.9727255596511588,0.7833566777869021,0.871264901106108,0.9697059146083958
2022-07-05,0.9618531161705326,0.7572353676484566,0.8935393896853039,0.9661245665984404
2022-07-06,0.7945363191652458,0.7326292912717288,0.8963273744730494,0.9625208213073748
2022-07-07,0.933876652385812,0.7312993717336073,0.8716484864961486,0.9586010015767288
2022-07-08,0.906775459163702,0.8731513837980658,0.8514791583808237,0.9518655150958868
2022-07-11,0.8254821015458738,0.8633994094714652,0.8057907971007335,0.9460389392848104
2022-07-12,0.7390404110912466,0.8946748523989037,0.8050846129458629,0.9410781779571612
2022-07-13,0.8823217523361983,0.9089932027734862,0.8161881950628496,0.935913317805892
2022-07-14,0.9451923304391396,0.8878146834509424,0.8071941656688032,0.9284967237488424
2022-07-15,0.8707311297157243,0.8373574894564799,0.8032001608409927,0.918571508317908
2022-07-18,0.7402984634380436,0.856233804719191,0.8140725924284223,0.9098571319931054
2022-07-19,0.6979537350493564,0.8476919840301995,0.8230101678366106,0.8952367899452494
2022-07-20,0.9717114183031853,0.9196412325001817,0.805045220320276,0.8902248645945073
2022-07-21,0.9593845733012593,0.9348801381961432,0.8277679498181546,0.8898171479468192
2022-07-22,0.9651465082214431,0.9635100248479989,0.8269338749699687,0.8918422044496954
2022-07-25,0.966218422056375,0.974396959395425,0.7699644307232598,0.8950385250194345
2022-07-26,0.8978068522716904,0.9815240132397796,0.7964712366413986,0.9050714633784434
2022-07-27,0.9216346609047508,0.9391839559730618,0.7722077266893077,0.924469081688032
2022-07-28,0.7171639584242414,0.8641184725329224,0.7755434209701823,0.9489233926816096
2022-07-29,0.657991534213878,0.772177422367797,0.8596326684766444,0.9733792155299084
2022-08-01,0.8962243247804326,0.8341113728028268,0.8551297026699257,0.9758918442706116
2022-08-02,0.9247980363284981,0.8679270151683348,0.7689369362098293,0.9768802892351096
2022-08-03,0.8888947022076928,0.8892896702273271,0.7659370293719927,0.9781777032857925
2022-08-04,0.8718256022521308,0.9187525801294095,0.749239769367373,0.979625483546782
2022-08-05,0.8357867740117548,0.9322845786231331,0.7411125285523025,0.9844234700077558
2022-08-08,0.9117490180919855,0.9367033571353587,0.7390106854056043,0.9870134180132514
2022-08-09,0.9195877395757266,0.942255699886089,0.7430731990442916,0.9885224263335476
2022-08-10,0.7188993484190694,0.9093164177145828,0.7583233986652247,0.989101575446198
2022-08-11,0.770837959252213,0.8271171593137107,0.7754200988133007,0.9911488634080596
2022-08-12,0.7995992962536498,0.7989373640950113,0.7898530745195614,0.9916758965482146
2022-08-15,0.9324419410381551,0.798688689282189,0.7969423301093155,0.9920791214501644
2022-08-16,0.9171399189682667,0.778396020950822,0.7869874808133404,0.9916487211934591
2022-08-17,0.815374288796025,0.829315261829766,0.7772099798353791,0.9905219689577716
2022-08-18,0.9050498275085147,0.8995282350390964,0.7730941697206788,0.9866604342965968
2022-08-19,0.7311209627281854,0.9086458298521836,0.7420717058169566,0.9849085787227608
2022-08-22,0.9832599194421316,0.7961123379668745,0.7074704076359841,0.9835869402616064
2022-08-23,0.9916349873524994,0.8524533285172047,0.7588722837688229,0.983655141906176
2022-08-24,0.9921311320940867,0.9629321470441611,0.891991964061777,0.983325819240406
2022-08-25,0.9936750472184898,0.9891949416452872,0.8937382147650439,0.9829537672269932
2022-08-26,0.987303807912587,0.9925153785667048,0.8931743676527332,0.980776884931698
2022-08-29,0.973955665501461,0.9856969192079342,0.8937796019323804,0.9778110857179044
2022-08-30,0.9922412953267434,0.98631892646165,0.9545455602795976,0.9652400783870108
2022-08-31,0.9890481718696991,0.9827874067377422,0.9553805286461914,0.9359798560968896
2022-09-01,0.9954685526633174,0.9900438534462097,0.9500593258480337,0.8178648370668735
2022-09-02,0.9781889880800353,0.988939308510526,0.9512343380039912,0.7192710189250513
2022-09-06,0.871269653632439,0.9841725181068672,0.9387160132873584,0.6061813982046113
2022-09-07,0.8114481512847874,0.9848756799670783,0.938271001391032,0.5428385381359743
2022-09-08,0.7944699056267541,0.9788014376865749,0.9279039962820538,0.4904350607758895
2022-09-09,0.9385941788250196,0.9275884620880583,0.9488582092232264,0.4182094384702127
2022-09-12,0.9868281663630644,0.9384345530577407,0.9471292741191366,0.3007608727742013
2022-09-13,0.9900325173542133,0.9741969357761577,0.957985382050595,0.1140816356436718
2022-09-14,0.9911897018200791,0.9778654575145718,0.9600169749016954,0.0542983697565837
2022-09-15,0.9845364548440525,0.9809029544999291,0.9765927493625701,-0.0899236519935788
2022-09-16,0.9921932864228247,0.9866568852834008,0.9749987605228143,-0.1905163888004727
2022-09-19,0.993787154126131,0.989083713750451,0.9762105084316551,-0.2694833570548412
2022-09-20,0.94349824295032,0.9874743800052523,0.9718930272076475,-0.3597805668609202
2022-09-21,0.971088616684072,0.9884751162977261,0.9692033350412522,-0.4242979806991637
2022-09-22,0.9773468356337072,0.9922898619519385,0.9641184334920468,-0.4622516788486464
2022-09-23,0.9964386913919576,0.9945678575684089,0.9665128246238353,-0.4915404875585778
2022-09-26,0.9992916706022953,0.9936097968205941,0.9707461122647673,-0.5115076519592915
2022-09-27,0.9442245248344671,0.9746244824927162,0.972227152550841,-0.5271592066561409
2022-09-28,0.8835724971862587,0.9698879703954515,0.9346249356117311,-0.5382571001345736
2022-09-29,0.7260618379867457,0.9639170950780643,0.9432596881013018,-0.5514751998062458
2022-09-30,0.6181731942742195,0.955145947553826,0.9514822819671402,-0.5537633362603646
2022-10-03,0.9774724402343695,0.9346544398952344,0.9481183481834443,-0.5590558791321543
2022-10-04,0.9762372900350373,0.8765801565900381,0.9501264787375125,-0.5507718073680995
2022-10-05,0.9944651634018143,0.890971481762224,0.9363196308360042,-0.56411138953276
2022-10-06,0.9950303119821357,0.9324167220772471,0.948542071000127,-0.5783837004890539
2022-10-07,0.9849495987099471,0.9847837133493703,0.9261722232289298,-0.5857873009391397
2022-10-10,0.9824520751298549,0.9854889963526762,0.9235585534729664,-0.5733684962265451
2022-10-11,0.9900441281633581,0.9889686216647351,0.932033754717038,-0.5572182599762081
2022-10-12,0.9936328244972656,0.9899411743709735,0.9375996420867176,-0.5447695180179564
2022-10-13,0.9857869513278181,0.9885273478508277,0.935300255610942,-0.5224566733592341
2022-10-14,0.21776958467258348,0.9341248364816328,0.9308427458244122,-0.5064889279501985
2022-10-17,0.26766586110540935,0.8970516279862344,0.8422603478842514,-0.5077503967011261
2022-10-18,0.46595325600108994,0.8522061747660659,0.848547898233698,-0.4788178981384227
2022-10-19,0.7334580952687549,0.776676334140639,0.8501494791745328,-0.4302216227424001
2022-10-20,0.9962604043672803,0.6643572370430942,0.8787134371959713,-0.3546518545359453
2022-10-21,0.9475123733826953,0.688471346948234,0.8796941341219209,-0.2300162322641122
2022-10-24,0.8907496475542697,0.8163422962730569,0.8633776672113265,-0.1035307518655131
2022-10-25,0.9327654188193565,0.875976601948709,0.8674395846160616,0.0007682267216658
2022-10-26,0.9321027677185615,0.931925499487958,0.8590676635690402,0.1086870478525943
2022-10-27,0.5327776924854902,0.8344987500844285,0.8486198365663569,0.2542312243125664
2022-10-28,-0.021041458963844316,0.3469666152773383,0.8087263646191438,0.4458131937526456
2022-10-31,-0.5810202890644012,-0.3536023187898297,0.796324224961197,0.5288470403609272
2022-11-01,-0.5103693320574131,-0.46878385218285906,0.5326391501609853,0.6055172323465691
2022-11-02,-0.6129434046829452,-0.502485206865355,0.4608390163570298,0.6493647854539604
2022-11-03,0.3455238938253739,-0.1400476043820064,0.485466743958476,0.6959386934817273
2022-11-04,0.9660938322172965,0.39792200045464,0.5410775486007384,0.7304474808723941
2022-11-07,0.9399799796979307,0.5827930416602173,0.5705784337610778,0.7755463616038205
2022-11-08,0.8142047614694411,0.537464808833215,0.6031828994482977,0.7946282553427191
2022-11-09,0.05342457658080675,0.5556806630869495,0.5619247800507144,0.8085322077717415
2022-11-10,0.44711157747060676,0.849425803075492,0.4563581249928008,0.8220282008359815
2022-11-11,0.9151755577450734,0.7178278236991461,0.472110337130629,0.8329084549367428
2022-11-14,0.986736518405165,0.8727763844929637,0.7487241956811532,0.852072496276127
2022-11-15,0.9919056428454244,0.9155264911284493,0.7562980742726622,0.874024917038518
2022-11-16,0.9885058408316679,0.9512046769591963,0.7399860418375345,0.8874903543349363
2022-11-17,0.8303330692988528,0.9662418949989424,0.7392045132730886,0.888741204926488
2022-11-18,0.8393241981806845,0.9729880569934289,0.7342642441694311,0.8824359931859804
2022-11-21,0.5059890192466321,0.9399207819755573,0.7302137567511504,0.8763180078755508
2022-11-22,0.762693077333396,0.8775582907255959,0.7269398542255783,0.8808329027893421
2022-11-23,-0.2599806111688271,0.23141042622437155,0.929249323318657,0.8834025787106852
2022-11-25,0.01095548516306961,0.006576643662267549,0.9317578159534349,0.885388598130456
2022-11-28,0.42221372319164735,-0.2580934486535561,0.9539567492580375,0.8939126931867399
2022-11-29,0.49880326691484783,-0.10108866329278803,0.9534857274587044,0.9008204595789784
2022-11-30,0.4650492160823673,-0.14400618996080422,0.8972187127788476,0.8985942647583652
2022-12-01,0.8203328658823704,0.590773863724952,0.8966087843775479,0.9053206595144898
2022-12-02,0.8552447835563853,0.8176969668767207,0.9096543988563106,0.920599863905772
2022-12-05,0.8012732377077091,0.8203858887903426,0.9133158819606038,0.9418954359815916
2022-12-06,0.8201539947274089,0.7007284694918905,0.9032450081469436,0.9492885423521518
2022-12-07,0.9776175492775782,0.7763870846397319,0.7755515967780088,0.953187683889148
2022-12-08,0.9901831984785542,0.8232805243918051,0.8349359577782739,0.9505881511976676
2022-12-09,0.9860922994209904,0.8294444972619823,0.8185673129901556,0.9502750692876182
2022-12-12,0.9198942190678169,0.9280435263185569,0.812082641269078,0.949502935822964
2022-12-13,0.8845866812713516,0.9758023755919657,0.8095738792421003,0.949992651093681
2022-12-14,0.9675377945985595,0.9808910041690739,0.8332421661175263,0.9489967927510788
2022-12-15,0.9603001533121367,0.9771359845155457,0.8394033198186681,0.9478123480323888
2022-12-16,0.9676531921979447,0.9343461799188404,0.8446645157318937,0.9456599028572926
2022-12-19,0.9703102422279672,0.902157366749402,0.8736471648845534,0.9437302906653586
2022-12-20,0.976414247155492,0.9585454138856702,0.8619493242427587,0.939481346128032
2022-12-21,0.9643625679113622,0.973458585919199,0.8483054780062527,0.9368998158699436
2022-12-22,0.8450179163587397,0.9688525599975696,0.9174498810242935,0.9352034763854566
2022-12-23,0.717555083109277,0.9593270022545456,0.9296615767978296,0.9311720865797132
2022-12-27,0.829245380703844,0.9587904222344287,0.9030001850187405,0.927707982528766
2022-12-28,0.7715737859668381,0.9035783908966609,0.9102527165562184,0.9225247486935944
2022-12-29,0.955470448836153,0.8608429602310967,0.899157715239508,0.9130025558324492
2022-12-30,0.874852226664909,0.7343155261949134,0.8849366675788806,0.907322133852494
2023-01-03,0.8855911304081413,0.7693991875587955,0.8950919691187669,0.8967176070703996
2023-01-04,0.5936636423731703,0.7337281510586825,0.896677241567164,0.8812225646035817
2023-01-05,0.6999819678604917,0.7974977905428511,0.838268252870938,0.8576570888861694
2023-01-06,0.3232535431626512,0.7146055795582541,0.8043223251142668,0.8286769523686867
2023-01-09,0.6649317321018918,0.7792055765602236,0.8026811237586678,0.8123526205609851
2023-01-10,0.7932503149799943,0.8497029886196908,0.8370065953028409,0.7989479443700153
2023-01-11,0.9357905579501231,0.9025182816243142,0.8233539394020889,0.7982188406445455
2023-01-12,0.9448414931217354,0.9236774784819077,0.7944478165913273,0.7991129339282846
2023-01-13,0.9854871577402944,0.9504469212139859,0.7966326677554567,0.7964815418875639
2023-01-17,0.9927156312579257,0.9567238091708339,0.7810935351053465,0.7863168224456406
2023-01-18,0.9773713654973463,0.975671230696818,0.7671903977160917,0.7675828915980614
2023-01-19,0.5487839349137837,0.9343510536279909,0.7685187339729509,0.7440015098796648
2023-01-20,0.797485397698295,0.8242377819303455,0.709549715631036,0.7327957568859254
2023-01-23,0.8836830121892248,0.8042261753956096,0.7210578369169873,0.72863364913265
2023-01-24,0.8880450787016582,0.7484500479834965,0.75595946626249,0.7131078341478301
2023-01-25,0.8502759557682771,0.7484349083359846,0.698782969045939,0.7012239008192384
2023-01-26,0.8684105786609424,0.7758616152770295,0.6866146400537652,0.6975932757532706
2023-01-27,0.6644737249707106,0.8729663958348387,0.6804661749263957,0.6944792690219963
2023-01-30,0.9283142847239885,0.8720685308287037,0.7290226831958982,0.6915171562729393
2023-01-31,0.6967500445508125,0.8483353946793046,0.7423916965327924,0.6963268633742873
2023-02-01,0.7390956494328152,0.8608379852846052,0.734369710798475,0.6950343565777323
2023-02-02,0.803332502225284,0.8760912728001267,0.724849229387634,0.6944373580778676
2023-02-03,0.9560501065879847,0.959184586903659,0.733120881704683,0.6871243712109935
2023-02-06,0.8514273687287229,0.91401851338264,0.7351192565318604,0.6809903803625329
2023-02-07,0.8347562689361616,0.8742607922446773,0.7261066699375756,0.678195834334278
2023-02-08,0.6281786209158008,0.6932602896655164,0.7322696543233435,0.673055650972675
2023-02-09,0.752026887136448,0.5905202949544756,0.7063570890244089,0.6817312607811359
2023-02-10,0.7169069620360721,0.6104098319703213,0.7134547461496166,0.6871256714324495
2023-02-13,0.7637535099662838,0.7011301647182955,0.7580412903907356,0.6856778000237191
2023-02-14,0.9105138650933883,0.7406217705283813,0.7500012469076942,0.7031752388749645
2023-02-15,0.8169733084089381,0.7483069722214197,0.732471783806034,0.7183988780577256
2023-02-16,0.9137657091790323,0.6115008992428326,0.7529828571668151,0.7269676677599051
2023-02-17,0.9517288085317362,0.7057986988783709,0.7504469323680186,0.7427778663859259
2023-02-21,0.95898258377236,0.9337246465010539,0.7684107036829244,0.7670630983049872
2023-02-22,0.9836918025011407,0.9593267120946162,0.7640372553978005,0.77946400654243
2023-02-23,0.9530537304639906,0.9530368633258534,0.7640856578956388,0.7870087430224392
2023-02-24,0.9212775348425787,0.9601128794244165,0.7607682681286771,0.7975862319082426
2023-02-27,0.8818908025595995,0.9722340295036472,0.7440081011074529,0.7969834869413377
2023-02-28,0.8143981167795026,0.9722233602169593,0.7389744591726254,0.7882262475400914
2023-03-01,0.8142580188775161,0.9672197703799892,0.6745698301658442,0.785532848599976
2023-03-02,0.9218816151269831,0.9339525624252717,0.8155056246015502,0.7908545850618249
2023-03-03,0.17284803167909285,0.8186112922729301,0.7957613327724407,0.7913888231863992
2023-03-06,0.667342223792114,0.6103402014737278,0.8307175949687648,0.8076110566480398
2023-03-07,0.6230726788485121,0.4424826426583135,0.8634435841738871,0.8315487928441911
2023-03-08,0.8404650455835745,0.539192929782089,0.8427043756606657,0.8332643337238507
2023-03-09,0.6747810295528917,0.5592763547297218,0.7864244960324601,0.8439044139049829
2023-03-10,0.8688271611862367,0.6752626597081711,0.7598424068686239,0.8403803480563067
2023-03-13,0.9364865069347055,0.833445217206046,0.7636060408522998,0.8166591129169496
2023-03-14,0.8525726229232143,0.8137309116158481,0.7646837727253645,0.7706082562365433
2023-03-15,0.6454987279266724,0.6274121369612872,0.7156075943835315,0.7195788626033004
2023-03-16,0.5085444571188932,0.39009644574767743,0.7746799526795801,0.6821341453593917
2023-03-17,0.9247431541290692,0.29359906320925705,0.6851953670615669,0.6756306285694725
2023-03-20,0.8621295358388043,0.35334199268652283,0.759027279148566,0.6377905478556904
2023-03-21,0.612685916238874,0.5285931157262403,0.7796458362995137,0.618594249887892
2023-03-22,0.8119688680743955,0.8311516417332953,0.6823125423751502,0.6430256647074459
2023-03-23,0.6432595806703066,0.8877911250896604,0.7135823013393823,0.6592882137260229
2023-03-24,0.6568320960941267,0.8676703457923114,0.7439634334604333,0.6759429813633575
2023-03-27,0.7023018119410267,0.7004528771746316,0.7574837662486176,0.6597401994620097
2023-03-28,0.5190639072162705,0.6257859537630986,0.7468615227173945,0.6093353446727876
2023-03-29,-0.7302830273856895,0.20066885174013155,0.7078941619473192,0.5860384758285027
2023-03-30,0.6832909834425795,0.4825685950026608,0.7265596007190397,0.6224721529615198
2023-03-31,0.9840164364117545,0.8122381204345565,0.7726898207824399,0.6641442161879649
2023-04-03,0.9813451673668452,0.8930235532048812,0.7757130295784143,0.6802430094517691
2023-04-04,0.9294814893936068,0.9101481940271123,0.7396926537391033,0.7174689599800469
2023-04-05,0.7890395339282665,0.9331070762790373,0.6827455817006995,0.7518114167209972
2023-04-06,0.3715958507563492,0.9328145679392618,0.6703985917235346,0.7766645468143103
2023-04-10,0.27555241982891343,0.9148885863504955,0.6317689900178848,0.8005424910176387
2023-04-11,0.2337632079651771,0.876734117605997,0.6902163151238097,0.8050907922739786
2023-04-12,-0.15558312749391962,0.38717070268421744,0.6198694861331946,0.8159596089270272
2023-04-13,0.39078044711280924,0.09896602394091124,0.5962144735209706,0.8190459952581368
2023-04-14,0.6211659986885731,0.31331482112215525,0.6873879758214851,0.8377137533267429
2023-04-17,0.8035273749395724,0.3931837578402122,0.6891376696086032,0.8474148149828044
2023-04-18,0.9758525902144365,0.4295052596474144,0.6840708475469995,0.8593792867507619
2023-04-19,0.9598173773612595,0.6579961858503184,0.6837460512602246,0.8662306817514294
2023-04-20,0.3584570348900748,0.7563715924291875,0.7144819110139122,0.8686663861328933
2023-04-21,-0.12374464372169261,0.7824308823088449,0.6675393487595225,0.872905335792606
2023-04-24,-0.6119526342398519,0.655487075891425,0.6558065635050428,0.8744464911243691
2023-04-25,-0.5754171963776091,0.5387060020480378,0.5354929410512748,0.8825982504571369
2023-04-26,0.6083710445372705,0.07449770469598177,0.5163148866838498,0.8821192217885926
2023-04-27,0.5286619640770984,-0.061014724068944454,0.6534073174719639,0.879249477006762
2023-04-28,0.737791755982766,0.07163225821258344,0.6200620313704069,0.8824489211115071
2023-05-01,0.5084429988241584,0.17862362444615482,0.75468357914149,0.8929294178486448
2023-05-02,0.11772057055288117,0.10757890602943837,0.561323872477843,0.9108038735224824
2023-05-03,-0.08622207732490943,0.1496616663423099,0.5493537353047702,0.9157070502691004
2023-05-04,0.014399389735114721,0.21152933667653778,0.4590907106022741,0.9160487332851625
2023-05-05,-0.019316043838209625,0.2143281210404527,0.4668212217669435,0.9127429213263286
2023-05-08,-0.26906305582150275,0.20052624138339545,0.44748511389448287,0.9191198493737353
2023-05-09,0.7046202809896649,0.11659961832411543,0.35626351344575813,0.9289350848092092
2023-05-10,0.7900702602984364,0.11868241125972354,0.356162153331695,0.932124583157503
2023-05-11,0.6261509723168706,0.1521306363137342,0.348978060856926,0.9327852145904292
2023-05-12,0.0732911635485511,0.18959592424385113,0.37376798391213345,0.9312938922667008
2023-05-15,0.12796850879886862,0.5625131437634523,0.3684333741699939,0.9357853874978088
2023-05-16,0.7007715040071855,0.6512685957691181,0.35801128937176496,0.9410183635226446
2023-05-17,-0.6838831715640394,0.40265290158820105,0.3701056818742131,0.9389159135603584
2023-05-18,0.5072777617293359,0.2750693852956718,0.33444966266934095,0.9355142907874788
2023-05-19,0.826539354084102,0.683686601636277,0.21691918295267856,0.9379016407423756
2023-05-22,0.8210139435307566,0.8103070123587768,0.28454171143095053,0.9297109500970924
2023-05-23,0.7894925030303661,0.808186597255546,0.08604894746217864,0.9264420917833956
2023-05-24,0.5858090358035248,0.803442160499451,0.27787760777046466,0.9056551182577788
2023-05-25,0.1396397372346745,0.5716418251859327,0.3338025588849633,0.87609482479785
2023-05-26,-0.32907118983153427,0.4987399624407789,0.3654814601769049,0.8402606650837117
2023-05-30,0.42771673295776863,0.6335639093801506,0.21577675594283832,0.8107514210686116
2023-05-31,0.8211632809308185,0.5883188130014305,0.34684837943739344,0.8008125687307307
2023-06-01,0.8162370208365225,0.5478537146574057,0.3446339807608962,0.7867394062291773
2023-06-02,0.9364959173547677,0.6633702450977248,0.38146394369369263,0.7715293766867374
2023-06-05,0.9010206358006464,0.8070082242122851,0.40436491554246823,0.747811879374811
2023-06-06,0.960257030364765,0.9229881176203077,0.38640193845359017,0.7342856371291544
2023-06-07,0.9342810545393299,0.93819802350104,0.4095083757884692,0.6730322543172996
2023-06-08,0.49819705687211435,0.8692865059567977,0.3962659915366693,0.5952531501311267
2023-06-09,0.46118572614758524,0.7853992958691526,0.41708279969754913,0.5502890175513887
2023-06-12,0.1785346574997718,0.6912409465775897,0.5078036971184184,0.4916127938269534
2023-06-13,0.6110637129991924,0.736958136156274,0.4848012438259587,0.4546948583679099
2023-06-14,0.9380939177439436,0.6559651240582769,0.4864092999904739,0.4195103563679241
2023-06-15,0.8972821652520879,0.6328429458895006,0.45784394609493956,0.39035186010409
2023-06-16,0.8190061495716172,0.6615755283663654,0.45501565872282485,0.3563426856383571
2023-06-20,-0.08201419308918712,0.6436399528805014,0.44846350998048096,0.3151402538380301
2023-06-21,0.040898339256259644,0.8176653916758579,0.5971078166322429,0.2628921977623175
2023-06-22,0.5745211873790792,0.6954217028861368,0.650636552786597,0.1997120514536317
2023-06-23,0.03737429804416319,0.44745013561821473,0.5900715793685294,0.1712813272399504
2023-06-26,-0.4097222096243356,-0.16412571334447043,0.5429597484342734,0.129362769871265
2023-06-27,-0.10689777323495246,-0.23490390635505554,0.5313068177835991,0.0568773799776998
2023-06-28,0.29123754295223864,-0.2283866278570937,0.5355645312468095,0.0312953536889972
2023-06-29,0.7767775287429617,-0.2310212210395144,0.5623672973671023,-0.0077494066877673
2023-06-30,0.2454882562103773,-0.1938275238276366,0.5825516954997071,-0.0521189659688374
2023-07-03,0.8194795145324896,0.3552967916728558,0.5632952004224251,-0.0577758653389797
2023-07-05,0.7453392902333388,0.5369779603014238,0.5834170050095062,-0.0598874883888645
2023-07-06,0.8412383923439786,0.7153529103342384,0.5765081765714072,-0.0563288417609207
2023-07-07,0.9857669849348214,0.7279595589515547,0.5800518524629712,-0.0806216338092152
2023-07-10,0.685305286899647,0.8163242702531407,0.5809423902049853,-0.1153494000796041
2023-07-11,0.6008531041943859,0.5359466886309793,0.5626268784167555,-0.1874822057192686
2023-07-12,0.38739966826622046,0.5602978548141642,0.5008925778680464,-0.2382443728361532
2023-07-13,0.6045072429903448,0.7473033186195617,0.5503647861720251,-0.2562331112403531
2023-07-14,0.8517278767345442,0.8646964069270542,0.5626725639642913,-0.2358930158391915
2023-07-17,0.9869607152031777,0.9034791292140542,0.6174623394177696,-0.2407180507214396
2023-07-18,0.9407395401182839,0.911620375122578,0.5991868365515592,-0.2337026915935032
2023-07-19,0.3731767925087078,0.8605517788149384,0.6689088599603947,-0.1862642265337391
2023-07-20,-0.01364591391881671,0.8716504635715151,0.6231207628137175,-0.1981845262491671
2023-07-21,0.04666985382093223,0.7772315381901057,0.5315617586086246,-0.1834027002621928
2023-07-24,0.5160286750975891,0.5081885781383709,0.6263277869485822,-0.1638834649159928
2023-07-25,0.6689139324790883,-0.028960270013217066,0.6234062174335904,-0.1105735011113341
2023-07-26,0.32507207197837296,-0.4168074118158379,0.6172271214279995,0.0455311585272135
2023-07-27,-0.8813741862906259,-0.4316271018928377,0.570625517759711,0.2117075901978187
2023-07-28,-0.3898010115245719,-0.09382099893118973,0.5742719145397739,0.3204205609592029
2023-07-31,0.7171467678837062,0.3229876217034908,0.526564017162783,0.481456635216547
2023-08-01,0.8235620556483803,0.5140552713472799,0.5724329778754831,0.6006551401235075
2023-08-02,0.844672812468351,0.6543010583334985,0.6242618044061548,0.7155625388194728
2023-08-03,0.9574919440148761,0.7242357875722321,0.6842932183039574,0.8103262302527644
2023-08-04,0.9546610148116788,0.69521450447477,0.7220935609113303,0.8768761853420768
2023-08-07,-0.15956093552132272,-0.22574933462761843,0.6807909666084491,0.8895259691705016
2023-08-08,-0.2392814068953749,-0.2783187293014784,0.23362490866133773,0.8920682764719833
2023-08-09,-0.1439781437965239,-0.3174856057776009,0.2691395070979388,0.8973035630574173
2023-08-10,0.10000419359331118,-0.3846735199620889,0.31289240264109675,0.8995787056572045
2023-08-11,0.9611742377879364,-0.38470715203893335,0.3858892671357079,0.8984910648455546
2023-08-14,0.9749051352816347,-0.4190627637292324,0.3726994227610805,0.895912745614725
2023-08-15,0.9144828703579737,-0.2609842193043037,0.3114843552963865,0.8922992994264946
2023-08-16,0.8547598710588995,0.07419776334448303,0.3295438551085525,0.8918671663118157
2023-08-17,0.9780366441280887,0.9664961274500408,0.4365539383613809,0.893520423002612
2023-08-18,0.9866291942234937,0.9757703537769107,0.47210010396849517,0.8954566332586171
2023-08-21,0.9913411966956301,0.981421546364989,0.4966320243576433,0.8957620381718678
2023-08-22,0.9586097541575513,0.9790263855376238,0.4856306685872797,0.8980745395862787
2023-08-23,0.8945567943238968,0.9869698037916659,0.4211475127140527,0.8996703512703598
2023-08-24,0.931885890729841,0.9575584069375958,0.4115362472057301,0.9034997851322684
2023-08-25,0.8419014242136637,0.9387345008328697,0.3999452690805053,0.90294044373253
2023-08-28,0.780147343582275,0.784139382035125,0.4020880331286083,0.9012078629433052
2023-08-29,0.5894949194844086,0.42004020623695926,0.41033432687951615,0.912345946387448
2023-08-30,0.7617192619671629,0.5193504197779113,0.9193163835297234,0.9286206665481384
2023-08-31,0.9726411424073318,0.6274076775102134,0.9133925152079844,0.9122826946640789
2023-09-01,0.7690566809034853,0.7048630486322779,0.9165157846124103,0.8734859807308037
2023-09-05,0.7590011740683307,0.7946881091668074,0.7972870391484692,0.8435819343236515
2023-09-06,0.26473498267348294,0.8377288794489233,0.8020227720301775,0.8069786484866174
2023-09-07,0.4431320173864057,0.866254429900707,0.8045991522905742,0.7973845132536855
2023-09-08,0.47552570595534416,0.6394169024323751,0.8128482913309517,0.7890945136952942
2023-09-11,0.17155698189342075,0.32200987206633014,0.6840267174332191,0.780922256500606
2023-09-12,0.36971723918768584,-0.08828312404351588,0.6537146579172025,0.7591394993486684
2023-09-13,0.6518631879944697,-0.17924726847570555,0.6189482563159736,0.7456009424716895
2023-09-14,0.7226151551938019,-0.0966899303676077,0.6482695640478192,0.7178070690671878
2023-09-15,0.6701511678243068,0.2074789123084027,0.6030252410273989,0.6969664308632669
2023-09-18,0.7118822945682565,0.38954875541580236,0.5507103000490685,0.6949932913258243
2023-09-19,0.7664877854286336,0.636031602977582,0.6483109912159908,0.7184787686071632
2023-09-20,0.8048874803550208,0.8064009974282125,0.5538129664286684,0.7376857594040664
2023-09-21,0.9747363124688174,0.87522903403677,0.5512796750478526,0.7562089170322068
2023-09-22,0.9840004466141361,0.9613479044576869,0.6169835562421004,0.7819462569511128
2023-09-25,0.9922537893211929,0.9713445297620947,0.7485114440229861,0.8042879467917275
2023-09-26,0.990559627216413,0.9722281340566872,0.7626861470472825,0.8160049462987156
2023-09-27,0.9903744449308298,0.9927756019705242,0.8019162486182357,0.830363078133428
2023-09-28,0.9788225312590584,0.992675415546302,0.8395715715563199,0.8422137618275255
2023-09-29,0.9234629962521339,0.988665622561771,0.8392732925359263,0.8561937870346533
2023-10-02,0.9105207228208702,0.9857720538168002,0.8160769253279025,0.8649033561092254
2023-10-03,0.21237628625341642,0.9279466247681089,0.8423635845225057,0.8700436564723065
2023-10-04,0.5756207484453133,0.8410744294900672,0.8276167031042376,0.8714688453339491
2023-10-05,0.5523092504128255,0.8100988773888081,0.8330167083739558,0.8743115313606264
2023-10-06,0.8479313704052439,0.7977356921784993,0.8482684982222168,0.8744248630492915
2023-10-09,0.8303470450740239,0.6139633505026278,0.8686157889510986,0.8800940771924689
2023-10-10,0.9330354436339141,0.663248905694614,0.901121450236666,0.8861006077857955
2023-10-11,0.9498615450590819,0.7595488507956216,0.8836862470846674,0.8946722808662626
2023-10-12,0.9426847402956762,0.8856525650318002,0.888030571791137,0.9010198473033926
2023-10-13,0.7379889517802305,0.8714217039349411,0.8945396041241855,0.900846461369029
2023-10-16,0.5619028441657461,0.9106392695594763,0.8663291465796447,0.9034197394375296
2023-10-17,0.5652964087951937,0.8849591504861615,0.8217926111311722,0.9051491911853062
2023-10-18,0.7117124720842026,0.8848695331621221,0.8367687172522483,0.9040339008010788
2023-10-19,0.8739225095589791,0.8299727807543413,0.8327650032269657,0.9094608119655666
2023-10-20,0.9091559778094271,0.7635977046310631,0.8073425448612382,0.9148800511979016
2023-10-23,0.9617432257224209,0.9132041999270761,0.7661179976564227,0.9191375253201244
2023-10-24,0.9354663607862724,0.9439539698554616,0.8134974957377662,0.9197290137020584
2023-10-25,0.6756973211674491,0.9162584030282613,0.8128548674059355,0.9218178066815748
2023-10-26,0.8909755780237181,0.913277698947212,0.8480712321220931,0.93504235629875
2023-10-27,0.9494172998389618,0.9399582252937715,0.8309407769743762,0.9625050731534264
2023-10-30,0.39009602573017854,0.6993790275497356,0.8169644232955635,0.9626533233721076
2023-10-31,0.20738867493832708,0.2942782559583321,0.570016432487175,0.9590618470210136
2023-11-01,0.29068393872270404,0.20949457192856866,0.62671980984525,0.9540679229857753
2023-11-02,0.7906593886069874,0.3632072372351153,0.6284128413005479,0.9464833171973388
2023-11-03,0.9392650480257704,0.6237773763594089,0.6558511209669959,0.9375548268883934
2023-11-06,0.9350052956386964,0.7209198021276946,0.5805097383443266,0.9075107400742828
2023-11-07,0.9253915095470981,0.7902065999893098,0.5729449322240154,0.877359994225102
2023-11-08,0.7838524358678202,0.8668331335377449,0.5635416273656761,0.8683491628379503
2023-11-09,0.8445266034541561,0.9593207499983561,0.5521258569272407,0.8642148128993141
2023-11-10,0.7126208775571408,0.9485863102012667,0.5521171373326119,0.855081746783421
2023-11-13,0.8286825153561589,0.93516824461866,0.5201878752241629,0.8565756341991089
2023-11-14,0.8912756552530052,0.8778017034397742,0.5357455157731743,0.8540065344261433
2023-11-15,0.9864406038358602,0.9171004651938895,0.48372156485486856,0.8610902992648615
2023-11-16,0.798965252067801,0.7918020088413921,0.4989820478423966,0.8538353364419693
2023-11-17,0.28380196327893603,0.7065257099850357,0.4917350521000154,0.8477702881164284
2023-11-20,0.4519672011170206,0.7383387062734313,0.30666270961447717,0.8534479735804944
2023-11-21,0.4208253141479257,0.8133849619688807,0.18181202975558738,0.8583358684321513
2023-11-22,0.688041464285793,0.7544916789761547,0.6099108066300573,0.859258739423822
2023-11-24,0.751598906025874,0.629229429579495,0.6419246495594064,0.8683358403984359
2023-11-27,0.6298421996846321,0.6941396736257293,0.6117969243082585,0.8784833681814267
2023-11-28,0.782192536862931,0.6505828626623579,0.6028600629029506,0.8933112206192894
2023-11-29,0.7964626849530251,0.8564772041322727,0.6348344440293416,0.9059686158962912
2023-11-30,-0.3804703751031453,0.8105569809410587,0.6556180215827797,0.9135276058670398
2023-12-01,-0.6618475259959288,0.5315540864944134,0.66727135958518,0.912681502021016
2023-12-04,-0.10747761932915419,0.4237638903359861,0.7068039009804545,0.917169192038008
2023-12-05,0.06678313564125594,0.2422864072566779,0.707279042814143,0.8863697833167858
2023-12-06,0.30992640431755664,-0.2016505810382757,0.7200270567594268,0.8844118162615535
2023-12-07,0.7347696805493072,0.03923208278419679,0.5972663372685312,0.889423119236939
2023-12-08,0.7917417983184365,0.13492024786616322,0.6254140888850606,0.9067444167828652
2023-12-11,0.8131645454106501,0.5340591429349115,0.5786203243660208,0.9219277057819112
2023-12-12,0.44903994681903336,0.43667859221938765,0.6492667067101301,0.9306121775408108
2023-12-13,0.7077123740216837,0.6149513832278981,0.5792749553853687,0.9395776894222044
2023-12-14,0.7344715000106199,0.7807023442667097,0.6404445842681629,0.9407798860591852
2023-12-15,0.5676764043781319,0.7334491698720045,0.6053436500307036,0.9431970720465922
2023-12-18,0.7328522015710293,0.7720784379198116,0.5399154069752206,0.944667124750252
2023-12-19,0.6312613610070879,0.7897773022613336,0.4227952714937807,0.9499683945856828
2023-12-20,0.7965562500677443,0.799108474802708,0.4455341958849384,0.951291312999036
2023-12-21,0.5463963119541752,0.7845789610928519,0.4538136701595722,0.9569803560426644
2023-12-22,0.7312941845462512,0.8197324516115663,0.49786733799997684,0.9618750946364428
2023-12-26,0.7922163897469007,0.7627933753901046,0.5096615115299337,0.9650596048199516
2023-12-27,0.8306093171615189,0.6922827257473001,0.5166616162268358,0.967002940361805
2023-12-28,0.7244796817395514,0.6074109066244592,0.507198538657245,0.967477970725526
2023-12-29,-0.8046323572795743,0.6238502094375611,0.4459330600326181,0.96780703265587
2024-01-02,0.07977898194186374,0.22508391829729668,0.49672950298832885,0.9688791771035712
2024-01-03,0.956001999261261,0.36865820891745915,0.47083106954274356,0.9693270952148584
2024-01-04,0.9785182585532105,0.6075778779514661,0.5016119500052334,0.9692342496020384
2024-01-05,0.9587253963659712,0.8722110087112288,0.5378091582332913,0.966929255914228
2024-01-08,0.9408760486089787,0.9478407627345263,0.5765963263214362,0.962286922098204
2024-01-09,0.823022199083318,0.9373267203999371,0.5638481036526737,0.9599616408358872
2024-01-10,0.8487888247882662,0.9357530659696491,0.6598091569501542,0.9573332953476426
2024-01-11,0.9532948873453941,0.9354030724329109,0.6482683049496664,0.9504543461049488
2024-01-12,0.9162792619240501,0.9223021501633417,0.7144482031004628,0.9449819957255444
2024-01-16,0.830983087364538,0.9322543233539926,0.7054630028549034,0.9416785457922412
2024-01-17,0.901833435898696,0.9340035331358604,0.7296498715258131,0.9394472308177056
2024-01-18,0.9040882879652299,0.9350019304142917,0.7591311240135232,0.9322130403302428
2024-01-19,0.8816176038943621,0.8951871005274583,0.75998662424804,0.9216033557323172
2024-01-22,0.9192266127772711,0.6757010321639159,0.779097678783252,0.9121880754141996
2024-01-23,0.9586115311909488,0.765440059519728,0.783206043675741,0.9035048350715822
2024-01-24,0.9739262454505312,0.8276987790833537,0.7772292743048066,0.8938068633346364
2024-01-25,0.9102032633321595,0.8677782143011488,0.778228325171562,0.8879233019941232
2024-01-26,0.9237262802315506,0.9501700226796067,0.7688688751168501,0.8884177587131732
2024-01-29,0.9087161999077958,0.9469393112480682,0.7450511485046419,0.8831025067747938
2024-01-30,0.9450615531160569,0.9448082027375828,0.6947539831515761,0.8827117272174767
2024-01-31,0.8192161068630981,0.9256831478127635,0.7233173642455095,0.8905948597205152
2024-02-01,0.9010493195622399,0.937365958740005,0.7090469994952844,0.8956993993174086
2024-02-02,0.9156169700333816,0.939113835183996,0.7627531738880485,0.9134737110733354
2024-02-05,0.8324735648839681,0.857545347742015,0.8616152264300915,0.9158006415701272
2024-02-06,0.8537376808941468,0.8504088528776875,0.6954165441046757,0.9103014740603396
2024-02-07,0.9439914571154177,0.8653001425463445,0.7114787390395689,0.8882274090366646
2024-02-08,0.7730676506491452,0.8681145333468501,0.700189545284319,0.8729460045754284
2024-02-09,-0.06962259906591484,0.8554302614981467,0.6795976208859155,0.8584071348706037
2024-02-12,0.7185161837462607,0.8873016912689516,0.6689965719289094,0.8368953525262914
2024-02-13,0.8551599422532012,0.9060150150815242,0.6747941445752201,0.8120749351472976
2024-02-14,0.8944041279591382,0.7878893225276554,0.7069145035260795,0.7598640162479944
2024-02-15,0.8939768658123514,0.6766551713768245,0.7340113062503388,0.6952093324021753
2024-02-16,0.6114720781111422,0.5990385651954074,0.730281296557432,0.6218913021442621
2024-02-20,0.5685463433887465,0.6242279790227896,0.6953458065446644,0.5402901988277212
2024-02-21,0.5040585358742824,0.6340612091975333,0.6965823682009367,0.4401656634134803
2024-02-22,0.5760501147632449,0.6630265522919072,0.7149748881641086,0.3821129308966116
2024-02-23,0.9677899911822074,0.7802891849772501,0.7113110775555764,0.3694953338156933
2024-02-26,0.9926995378488874,0.8972584779889162,0.7396100757880683,0.3502090191959875
2024-02-27,0.986887954553962,0.9217303825758907,0.7129082445980903,0.3406261055891121
2024-02-28,0.9727540897126566,0.9412242042988164,0.6997413232594398,0.3460366511155275
2024-02-29,0.45074226887276314,0.9702250225701322,0.8114479865132666,0.3188245455101663
2024-03-01,0.6963285491075889,0.9685579497390494,0.8059955063587353,0.306144567989126
2024-03-04,0.864313993439438,0.9726619089361712,0.7983690481090268,0.329638008042818
2024-03-05,0.9046810337957144,0.9615314479507666,0.7952072305480438,0.3203772548287835
2024-03-06,0.905293190148879,0.8939027015897459,0.7981641401993165,0.2634308514005974
2024-03-07,0.6834335449679013,0.7708445252336701,0.8447140300373315,0.241252958599935
2024-03-08,0.7794512607218672,0.7489543869148456,0.838480465406561,0.2620652788791843
2024-03-11,0.778318926532089,0.7444132533279847,0.8184840180387831,0.2767181948361494
2024-03-12,0.5530693521491213,0.5157186490105937,0.8168382439395852,0.2892544385016951
2024-03-13,0.6547672113101446,0.2995721665661424,0.8375925570524807,0.3358509437399298
2024-03-14,0.672407666050498,0.48696155655477796,0.8625112490347148,0.3693172608675474
2024-03-15,0.6003229799254438,0.5780179465567575,0.8336887352696862,0.3896652155569805
2024-03-18,0.667443124418509,0.6476986553468351,0.8022999440764356,0.4097193936171834
2024-03-19,0.38480436957261377,0.6535882386291553,0.7328682086308159,0.4410611514193842
2024-03-20,0.42768163299755024,0.5602958886437567,0.7170041345752227,0.4579535655905923
2024-03-21,0.607635393197075,0.671798001457986,0.7323950213238103,0.4882677291970136
2024-03-22,0.9725655218968698,0.7358098434305238,0.7546158558126096,0.5131305038535582
2024-03-25,0.9734398039385436,0.7233150443485526,0.7505524760059601,0.5224072331831984
2024-03-26,0.719655962923168,0.74730498859955,0.760573298653026,0.5250303030419426
2024-03-27,-0.24843404757126475,0.7487365053346666,0.73429639627535,0.5235949903196239
2024-03-28,0.2579207879486159,0.9252851306629862,0.73689666290356,0.5132183112726012
2024-04-01,0.7559148543083832,0.9143667684278726,0.685319576025477,0.5116825604301423
2024-04-02,0.7501218081977992,0.7979259328772513,0.7086013774745248,0.5109274322363735
2024-04-03,0.3995400944694153,0.19992441748765513,0.651083976473752,0.4951153826483856
2024-04-04,-0.6518004868360638,-0.1120537131162019,0.6115797006992894,0.4335927421935299
2024-04-05,0.28401446800121255,0.043283674383649995,0.6460425102215877,0.3914321069770968
2024-04-08,0.25152846363718,-0.05617361603865873,0.6474434624342559,0.3599547694294154
2024-04-09,0.5559517557703498,-0.10074996436287802,0.7339501976169943,0.3350781567353645
2024-04-10,0.8006612187738462,-0.1568142124286249,0.7779236267059018,0.3449251055150421
2024-04-11,0.6285786690113035,-0.22612452218213036,0.7767942305858935,0.3595495210280702
2024-04-12,-0.0709425866888202,-0.028901169150824708,0.7748403831659221,0.3954317349542721
2024-04-15,0.08273510983785254,0.008384826063852527,0.7948132155930379,0.439356103248321
2024-04-16,0.7110022713758652,0.22713023247013586,0.8327648406398184,0.4773050188476646
2024-04-17,0.9608007994826284,0.437067472625768,0.878733370622881,0.4882446931423214
2024-04-18,0.9948013249123611,0.7670165388756405,0.875959490564576,0.4857695332235694
2024-04-19,0.9527586934673596,0.8503326977880457,0.8754151108549894,0.4667331336197554
2024-04-22,0.9873129979472146,0.8982063420319594,0.861263746020301,0.3874958906291711
2024-04-23,0.9390290056815325,0.9400779763264941,0.8456841566590467,0.3624034513256314
2024-04-24,0.6898277696561093,0.9139874796063663,0.8578405989998434,0.3784768598418067
2024-04-25,0.5601697400846459,0.7086638823931083,0.8573779153567109,0.34206101574448
2024-04-26,0.4454351425188031,0.3417927689943515,0.8203136573130927,0.2729650306307634
2024-04-29,0.4712059347106587,0.2874061497341216,0.8110971770542491,0.302795700266181
2024-04-30,0.877347206996079,0.43291314416988036,0.8193925831082356,0.3505047150690638
2024-05-01,0.9495537648053191,0.5895968246116682,0.7957544592541921,0.3003447712704997
2024-05-02,0.5913768386656013,0.6265826301358994,0.8335767563867527,0.2945137941050471
2024-05-03,0.4113102616440595,0.4190330227170769,0.7675686251515238,0.3812376989692297
2024-05-06,0.6849998854790857,0.615655793014303,0.8238419117003467,0.4633836476917171
2024-05-07,0.8691319363291188,0.7710183205370144,0.7926228048825035,0.5602623463442318
2024-05-08,0.9547255804287472,0.8291317353259549,0.7950905780134729,0.6406468785869568
2024-05-09,0.9732730658158072,0.8566963022881551,0.7973908439626554,0.7069058356672436
2024-05-10,0.9563235567458859,0.8877686982061588,0.7984261732196348,0.7729199249826775
2024-05-13,-0.13270051294224833,0.8851184165200325,0.792634032274108,0.8054214580606829
2024-05-14,-0.39287838298489114,0.8635938084260939,0.7812150587946941,0.8280472010529532
2024-05-15,-0.39489930992853883,0.598737143272533,0.7467047059812586,0.8387731256848192
