Date,GME,SPY,IC
2020-01-02,1.5775,303.135559,0.1590008764301988
2020-01-03,1.47,300.840179,0.2387835726720196
2020-01-06,1.4625,301.987946,0.297020592741465
2020-01-07,1.38,301.138763,0.3442280424732532
2020-01-08,1.43,302.743713,0.3851092991434975
2020-01-09,1.3875,304.796509,0.4378532153016105
2020-01-10,1.3575,303.919342,0.4286244028559697
2020-01-13,1.3575,306.009521,0.4129806965237869
2020-01-14,1.1775,305.542999,0.3971998756061241
2020-01-15,1.1525,306.233582,0.2713741045945473
2020-01-16,1.155,308.780853,0.1529454838021328
2020-01-17,1.1875,309.741943,0.0896132704821312
2020-01-21,1.1475,309.135437,0.1051053044595121
2020-01-22,1.14,309.172668,0.0366219565329353
2020-01-23,1.155,309.527313,0.0538209633322109
2020-01-24,1.08,306.774597,0.0486641559041125
2020-01-27,1.07,301.857269,-0.0049364071944913
2020-01-28,1.0525,305.020477,-0.0512376743006025
2020-01-29,1.0325,304.768494,-0.1083172104924962
2020-01-30,0.9825,305.757538,-0.1445198311577644
2020-01-31,0.96,300.205688,-0.1108151341174436
2020-02-03,0.9875,302.435822,-0.0578656342618882
2020-02-04,1.0175,307.045258,0.0185789306715351
2020-02-05,1.045,310.591064,0.0851038234254918
2020-02-06,1.035,311.636108,0.1309944465611874
2020-02-07,0.9525,309.975189,0.1338397861854701
2020-02-10,0.985,312.289307,0.154257631951396
2020-02-11,1.005,312.830505,0.153534979892507
2020-02-12,1.0475,314.845978,0.1406343047493416
2020-02-13,1.0275,314.510101,0.0981253699471923
2020-02-14,1.005,315.013947,0.0769059723379633
2020-02-18,1.015,314.202148,0.0661050945477572
2020-02-19,1.0375,315.704437,0.0607334513704357
2020-02-20,1.035,314.407471,0.0608338935984673
2020-02-21,1.01,311.169525,0.0647236556810259
2020-02-24,0.925,300.849487,0.0662173600489481
2020-02-25,0.89,291.733154,0.1042888402588348
2020-02-26,0.8475,290.660034,0.1490004294450176
2020-02-27,0.8675,277.606049,0.2159991561660613
2020-02-28,0.9,276.439636,0.2819592569141306
2020-03-02,0.9575,288.411316,0.3349726662130809
2020-03-03,0.9075,280.153442,0.4120843596419613
2020-03-04,0.9425,291.929016,0.4803977556346468
2020-03-05,0.99,282.224854,0.557912397839841
2020-03-06,0.98,277.559357,0.6128907460192632
2020-03-09,0.925,255.883514,0.6658986473941794
2020-03-10,1.0575,269.124176,0.6819078738112485
2020-03-11,1.035,256.004791,0.699257045380461
2020-03-12,0.995,231.510986,0.7041393445476604
2020-03-13,1.1475,251.302017,0.6950910696688014
2020-03-16,1.0925,223.803604,0.6881716775758556
2020-03-17,1.0575,235.887207,0.693415569699254
2020-03-18,0.9425,223.943558,0.6797063203969099
2020-03-19,1.0475,224.419403,0.6612928344245874
2020-03-20,0.94,214.74823,0.6614501416323663
2020-03-23,0.9525,209.257538,0.6535113832699788
2020-03-24,1.04,228.216934,0.6584116091840326
2020-03-25,1.0425,231.633392,0.6602446248274894
2020-03-26,1.1025,245.158432,0.6497298178239974
2020-03-27,1.055,237.856201,0.6345995592539896
2020-03-30,0.9125,245.58078,0.6288994219414125
2020-03-31,0.875,241.920288,0.5823496991121905
2020-04-01,0.8125,231.032669,0.5106736524750467
2020-04-02,0.7125,236.363876,0.411767259175389
2020-04-03,0.7,232.947418,0.2652176831894309
2020-04-06,0.7725,248.593613,0.055919125772915
2020-04-07,0.8175,248.847061,-0.0932609519513845
2020-04-08,0.8525,257.200439,-0.2887387312491017
2020-04-09,0.9725,261.11438,-0.3418006029132109
2020-04-13,1.185,258.730316,-0.3645531260800033
2020-04-14,1.4875,266.361084,-0.339683629909235
2020-04-15,1.3175,260.701324,-0.327733086362695
2020-04-16,1.2575,261.959015,-0.3103351304727552
2020-04-17,1.22,269.036041,-0.3040600019988351
2020-04-20,1.4025,264.296112,-0.3044094993827619
2020-04-21,1.195,256.271179,-0.2692321674926322
2020-04-22,1.2225,261.959015,-0.2641356730602855
2020-04-23,1.175,261.940277,-0.254117937245364
2020-04-24,1.1925,265.5914,-0.2577985122230106
2020-04-27,1.455,269.420837,-0.2558127585326603
2020-04-28,1.41,268.181976,-0.2220847664256757
2020-04-29,1.51,275.202484,-0.1843471355999186
2020-04-30,1.4325,272.640167,-0.1552892988881682
2020-05-01,1.5125,265.422516,-0.1147468318344565
2020-05-04,1.37,266.154602,0.0196643976272957
2020-05-05,1.3475,268.613708,0.1351011771412662
2020-05-06,1.2325,266.792877,0.2416806254163606
2020-05-07,1.2175,270.012085,0.2792993878459979
2020-05-08,1.245,274.479767,0.29647565722235
2020-05-11,1.19,274.536133,0.3346127396585433
2020-05-12,1.135,269.064209,0.3480150134064023
2020-05-13,1.0525,264.305542,0.3561685492406916
2020-05-14,1.0325,267.468567,0.3052042562692694
2020-05-15,1.055,268.69809,0.1950475572499118
2020-05-18,1.145,276.882538,0.1038143221182466
2020-05-19,1.11,274.038666,0.0848554830525614
2020-05-20,1.1075,278.69397,0.0171796979963844
2020-05-21,1.11,276.769958,-0.0711377464529763
2020-05-22,1.045,277.295593,-0.12853672563339
2020-05-26,1.105,280.712006,-0.2206642842682245
2020-05-27,1.1725,284.888702,-0.2553014490960374
2020-05-28,1.0825,284.363129,-0.2561288170508676
2020-05-29,1.015,285.630249,-0.3000127436379159
2020-06-01,1.0325,286.784637,-0.3710230967723494
2020-06-02,1.045,289.159302,-0.4290724286880149
2020-06-03,1.11,293.007477,-0.4670691982986334
2020-06-04,1.1175,292.237823,-0.4868615160216811
2020-06-05,1.035,299.727722,-0.4914257498727579
2020-06-08,1.2525,303.350739,-0.4618065677652461
2020-06-09,1.24,301.088623,-0.4558793872806239
2020-06-10,1.2675,299.40863,-0.456620722175526
2020-06-11,1.0925,282.148041,-0.5020383396437508
2020-06-12,1.18,285.526886,-0.4925877213271659
2020-06-15,1.1725,288.192505,-0.4430967062864765
2020-06-16,1.16,293.739532,-0.3556700424761811
2020-06-17,1.19,292.51944,-0.2681636486609473
2020-06-18,1.2375,292.63205,-0.156446700152412
2020-06-19,1.22,290.959717,-0.0471462617363973
2020-06-22,1.2175,292.826202,0.1034271255575888
2020-06-23,1.2075,294.174286,0.2285891717953472
2020-06-24,1.1025,286.670258,0.3388829599622208
2020-06-25,1.115,289.743561,0.4336307500400815
2020-06-26,1.0875,282.861755,0.5200478504809272
2020-06-29,1.095,287.019104,0.611619420182883
2020-06-30,1.085,290.695709,0.7009526106620894
2020-07-01,1.11,292.731934,0.7642718388896346
2020-07-02,1.0725,294.344025,0.8287576676833721
2020-07-06,1.06,298.887878,0.7954682870338543
2020-07-07,1.0225,295.805298,0.7706061299900879
2020-07-08,1.065,298.06778,0.801504713493409
2020-07-09,1.0525,296.37088,0.7812016008317454
2020-07-10,1.085,299.396942,0.7686997592872747
2020-07-13,1.065,296.804474,0.7147007752190645
2020-07-14,1.02,300.650787,0.7122141292405202
2020-07-15,1.0475,303.412964,0.6996708409734145
2020-07-16,1.0425,302.413605,0.6886851318483038
2020-07-17,0.99,303.290405,0.6790096977192224
2020-07-20,0.9625,305.741425,0.6678078350655324
2020-07-21,1.0025,306.391968,0.622803229015324
2020-07-22,1.0275,308.135956,0.5558652772988364
2020-07-23,1.0275,304.459381,0.4673735149683442
2020-07-24,1.0075,302.498505,0.3777482607515736
2020-07-27,1.0025,304.704498,0.2730435630953699
2020-07-28,0.985,302.771851,0.1314960683425105
2020-07-29,1.015,306.495605,0.0161317873615289
2020-07-30,1.025,305.402069,-0.0686906999836917
2020-07-31,1.0025,307.815399,-0.1289312128520917
2020-08-03,1.0375,309.955414,-0.1973227004909167
2020-08-04,1.1075,311.152649,-0.2424333827247384
2020-08-05,1.1575,313.085175,-0.2720237770909651
2020-08-06,1.1075,315.178009,-0.3072528699852402
2020-08-07,1.04,315.404297,-0.3134817712667062
2020-08-10,1.0825,316.346985,-0.343973579750465
2020-08-11,1.0875,313.735657,-0.3487409331866484
2020-08-12,1.13,318.109894,-0.2916658832988114
2020-08-13,1.16,317.53479,-0.2258683489083526
2020-08-14,1.1875,317.544189,-0.1423551092748933
2020-08-17,1.1575,318.552948,-0.0872332924723171
2020-08-18,1.2025,319.241119,-0.0447746863752676
2020-08-19,1.18,317.911926,0.0089991537259663
2020-08-20,1.1525,318.901703,0.0400950259935445
2020-08-21,1.2575,320.03302,0.0431931279188388
2020-08-24,1.2175,323.275909,0.0581256367773427
2020-08-25,1.245,324.407135,0.0856143832507989
2020-08-26,1.2775,327.659546,0.1313732393564465
2020-08-27,1.3125,328.376038,0.2013697126970792
2020-08-28,1.3475,330.497131,0.2469910962061863
2020-08-31,1.67,329.299835,0.3131839919901868
2020-09-01,1.9125,332.401367,0.3319455666554813
2020-09-02,1.9275,337.20929,0.372383814325941
2020-09-03,1.955,325.604523,0.4654723282299102
2020-09-04,1.9125,322.946014,0.4956926539241
2020-09-08,1.925,314.122131,0.5224067544338332
2020-09-09,1.8375,320.325226,0.5107198856415861
2020-09-10,1.5575,314.763214,0.5234770123137164
2020-09-11,1.5225,314.923553,0.5199431810301366
2020-09-14,1.7275,319.07135,0.5034432188769092
2020-09-15,1.7725,320.683533,0.5013538223932323
2020-09-16,2.17,319.410858,0.5202768484466633
2020-09-17,2.3,316.601501,0.5079013998020236
2020-09-18,2.3675,312.956512,0.4676668636474122
2020-09-21,2.1875,309.473511,0.4424707138757782
2020-09-22,2.64,312.625305,0.3920923492658854
2020-09-23,2.51,305.375214,0.37266516871005
2020-09-24,2.285,306.189209,0.3534133869515691
2020-09-25,2.505,311.139313,0.3094619774443911
2020-09-28,2.5225,316.307159,0.3092291723643484
2020-09-29,2.5875,314.584595,0.3213062758369395
2020-09-30,2.55,316.969727,0.34704865800211
2020-10-01,2.4425,319.004639,0.3870318893647004
2020-10-02,2.3475,315.975922,0.4138067349910483
2020-10-05,2.365,321.579102,0.4280587041064374
2020-10-06,2.2825,317.007568,0.4625108153741491
2020-10-07,2.34,322.525574,0.468140955006138
2020-10-08,3.3725,325.384033,0.5027608073251043
2020-10-09,3.005,328.289764,0.5423611032390994
2020-10-12,2.95,333.571106,0.5733293032281416
2020-10-13,2.97,331.394196,0.5732368502015339
2020-10-14,3.0625,329.311951,0.5752263305197356
2020-10-15,3.4575,328.904938,0.5643959844871179
2020-10-16,3.3275,328.706238,0.5554271254357889
2020-10-19,3.4775,323.70871,0.5540940033929843
2020-10-20,3.465,325.005402,0.5650367811079621
2020-10-21,3.525,324.390198,0.5853861041822478
2020-10-22,3.7275,326.169495,0.6156509385569389
2020-10-23,3.75,327.276947,0.6526608723811024
2020-10-26,3.3625,321.228912,0.6685688755122577
2020-10-27,3.1725,320.12149,0.6671780045391277
2020-10-28,2.955,309.180084,0.6719833882605639
2020-10-29,2.9325,312.322449,0.6921567697432476
2020-10-30,2.6175,309.066528,0.7138399567252952
2020-11-02,2.6875,312.53067,0.730368419105948
2020-11-03,2.8925,318.048676,0.7593661650532708
2020-11-04,2.7275,325.156891,0.794814783508968
2020-11-05,2.8625,331.498322,0.801374137222989
2020-11-06,2.965,331.422607,0.8033840862085394
2020-11-09,2.8725,335.587097,0.7981822601487315
2020-11-10,2.775,335.094971,0.7721245114545946
2020-11-11,2.9375,337.584259,0.7716134772792734
2020-11-12,2.7825,334.309357,0.7731487162906385
2020-11-13,2.7525,338.937744,0.7357899096168199
2020-11-16,3.015,343.168549,0.6654153494668517
2020-11-17,2.9075,341.322845,0.6501194994206074
2020-11-18,2.8925,337.215118,0.6527539732251434
2020-11-19,3.115,338.634796,0.6899588341461039
2020-11-20,3.1775,336.315918,0.72335731265141
2020-11-23,3.475,338.332031,0.7117649436650187
2020-11-24,3.4175,343.783722,0.7246891058808417
2020-11-25,3.6875,343.253754,0.622963547658603
2020-11-27,4.02,344.209686,0.3165614857278962
2020-11-30,4.14,342.685822,0.3345403758363487
2020-12-01,3.95,346.433838,0.2284166041559348
2020-12-02,4.145,347.16272,0.2346484701071663
2020-12-03,4.03,347.068115,0.2360049872654775
2020-12-04,4.225,350.05896,0.2363694483286511
2020-12-07,4.0875,349.339569,0.217605453731024
2020-12-08,4.235,350.361908,0.2025845160885122
2020-12-09,3.415,347.219513,0.1836589782586431
2020-12-10,3.53,347.105957,0.1550035940735926
2020-12-11,3.3275,346.698883,0.1274720252559269
2020-12-14,3.18,345.146698,0.0977664388745133
2020-12-15,3.4625,349.812744,0.0631471851359805
2020-12-16,3.4625,350.361908,0.0348169040044736
2020-12-17,3.7075,352.321106,0.0048645729988207
2020-12-18,3.9075,350.914307,-0.022611382772787
2020-12-21,3.8825,349.659576,-0.0533360573143727
2020-12-22,4.865,349.070221,-0.0854530805713086
2020-12-23,5.1425,349.383942,-0.1209230561971611
2020-12-24,5.0375,350.743225,-0.1393705616290363
2020-12-28,5.2475,353.756409,-0.1719573840061219
2020-12-29,4.845,353.081451,-0.2018062938068139
2020-12-30,4.815,353.585236,-0.2164708545432711
2020-12-31,4.71,355.381744,-0.2443732403803265
2021-01-04,4.3125,350.543579,-0.2814226466782351
2021-01-05,4.3425,352.957947,-0.3631890884557294
2021-01-06,4.59,355.068115,-0.4266956748602387
2021-01-07,4.52,360.343506,-0.4874310838710012
2021-01-08,4.4225,362.396637,-0.4616130921423947
2021-01-11,4.985,359.953796,-0.401618380905021
2021-01-12,4.9875,360.029755,-0.3328949226995484
2021-01-13,7.85,360.999329,-0.27363261858077
2021-01-14,9.9775,359.735138,-0.2279275823720442
2021-01-15,8.875,357.111664,-0.2062864215758597
2021-01-19,9.84,359.915771,-0.2015051407639311
2021-01-20,9.78,364.896545,-0.218121727701728
2021-01-21,10.7575,365.229218,-0.2173322767674045
2021-01-22,16.252501,363.936432,-0.2080510957634595
2021-01-25,19.1975,365.371765,-0.2160554224566377
2021-01-26,36.994999,364.801453,-0.2274156525773046
2021-01-27,86.877502,355.885559,-0.2185063654958506
2021-01-28,48.400002,358.946259,-0.081644953130515
2021-01-29,81.25,351.760284,-0.0321468746060762
2021-02-01,56.25,357.615479,0.2060640289624034
2021-02-02,22.5,362.672241,0.3266876186393005
2021-02-03,23.102501,362.957428,0.3348553516983091
2021-02-04,13.375,367.082611,0.3341615116092561
2021-02-05,15.9425,368.527496,0.3293088570200638
2021-02-08,15.0,371.188995,0.3242872810680608
2021-02-09,12.5775,370.941833,0.3203606197162739
2021-02-10,12.8,370.780243,0.3011797901690175
2021-02-11,12.775,371.379059,0.2679092379797794
2021-02-12,13.1,373.213623,0.2363489975150686
2021-02-16,12.3775,372.890381,0.2348772057116402
2021-02-17,11.485,372.975983,0.2176598525914952
2021-02-18,10.1725,371.388519,0.1964464874118578
2021-02-19,10.1475,370.732727,0.1754355315532764
2021-02-22,11.5,367.881165,0.1439205924919307
2021-02-23,11.2425,368.32785,0.0863838183718222
2021-02-24,22.9275,372.386597,0.0146582747848459
2021-02-25,27.182501,363.413666,-0.0341986934506276
2021-02-26,25.434999,361.541138,-0.0984454431145069
2021-03-01,30.1,370.304962,-0.1822385891518469
2021-03-02,29.545,367.415405,-0.2213598743213596
2021-03-03,31.045,362.548737,-0.2837097606905394
2021-03-04,33.087502,358.062225,-0.3759757055055439
2021-03-05,34.435001,364.649414,-0.5032132066644226
2021-03-08,48.625,362.833862,-0.6043020877035552
2021-03-09,61.724998,368.014221,-0.6250000030543112
2021-03-10,66.25,370.304962,-0.5970923990680528
2021-03-11,65.0,374.05954,-0.5665652598241925
2021-03-12,66.125,374.563324,-0.560347517992423
2021-03-15,55.035,376.797058,-0.5582270084134401
2021-03-16,52.0425,376.321808,-0.5201009885791894
2021-03-17,52.452499,377.605011,-0.4942584400239092
2021-03-18,50.4375,372.111023,-0.4713198941638797
2021-03-19,50.067501,371.422455,-0.4054358144692452
2021-03-22,48.622501,374.388245,-0.3355062751821291
2021-03-23,45.4375,371.441559,-0.2812514364495298
2021-03-24,30.084999,369.553314,-0.2403425162556141
2021-03-25,45.9375,371.632294,-0.531058167510037
2021-03-26,45.25,377.621094,-0.476206553813894
2021-03-29,45.325001,377.430328,-0.3519467931085199
2021-03-30,48.615002,376.428986,-0.1655936409498497
2021-03-31,47.455002,377.954895,0.0308689503954432
2021-04-01,47.862499,382.036407,0.1705391864078347
2021-04-05,46.737499,387.519836,0.3130020585709592
2021-04-06,46.125,387.291016,0.4042387500265067
2021-04-07,44.4925,387.739136,0.4636516314789473
2021-04-08,42.564999,389.579681,0.5438308546644551
2021-04-09,39.59,392.411926,0.5995486569442259
2021-04-12,35.272499,392.555084,0.6275105291354145
2021-04-13,35.247501,393.718384,0.6356944895387288
2021-04-14,41.6325,392.37384,0.6262076421218397
2021-04-15,39.110001,396.588928,0.6339683335544654
2021-04-16,38.672501,397.914459,0.6351280369316331
2021-04-19,41.092499,395.959534,0.639191403723382
2021-04-20,39.6325,393.060455,0.6390000034674309
2021-04-21,39.627499,396.779663,0.633836777376314
2021-04-22,37.7925,393.155823,0.6252372940982932
2021-04-23,37.794998,397.418549,0.6034655140863364
2021-04-26,42.232498,398.248199,0.6005613192768666
2021-04-27,44.442501,398.162445,0.5992889046351303
2021-04-28,44.645,398.047974,0.5829060584155449
2021-04-29,44.047501,400.584625,0.5580356591288477
2021-04-30,43.397499,397.952606,0.544596434894985
2021-05-03,40.549999,398.810913,0.5210148822633761
2021-05-04,40.182499,396.350494,0.5050727462502731
2021-05-05,39.869999,396.474487,0.4589808352610345
2021-05-06,40.252499,399.640594,0.3992062149056765
2021-05-07,40.2775,402.549133,0.3585726383523369
2021-05-10,35.805,398.562958,0.3169162579561647
2021-05-11,36.73,395.005798,0.2727734179933174
2021-05-12,36.197498,386.613892,0.1880006428479226
2021-05-13,41.125,391.258118,0.0325999901650567
2021-05-14,39.98,397.265991,-0.0874796651484473
2021-05-17,45.150002,396.255127,-0.1950801893925751
2021-05-18,45.1675,392.841125,-0.2787342060912542
2021-05-19,42.2075,391.811188,-0.3663245163551594
2021-05-20,42.622501,396.026306,-0.4662120205331099
2021-05-21,44.197498,395.702026,-0.555456436634167
2021-05-24,45.002499,399.735901,-0.6510852359012392
2021-05-25,52.357498,398.84906,-0.7172493496131154
2021-05-26,60.639999,399.640594,-0.7474297284675007
2021-05-27,63.532501,399.850372,-0.7431104939793699
2021-05-28,55.5,400.565582,-0.7407330319543686
2021-06-01,62.255001,400.212769,-0.7586954570596212
2021-06-02,70.559998,400.842102,-0.7622800514998503
2021-06-03,64.544998,399.354492,-0.762240364556351
2021-06-04,62.09,403.006836,-0.7563189414953033
2021-06-07,70.002502,402.615906,-0.7611829399988825
2021-06-08,75.0,402.701721,-0.7646387684256454
2021-06-09,75.639999,402.100983,-0.7901545796278683
2021-06-10,55.0975,403.970032,-0.8409738967502522
2021-06-11,58.334999,404.637634,-0.841182004899117
2021-06-14,57.360001,405.543579,-0.8422820678792184
2021-06-15,55.625,404.799683,-0.8440315801265126
2021-06-16,55.7425,402.539581,-0.8390773591460071
2021-06-17,55.897499,402.406067,-0.8288338909157457
2021-06-18,53.455002,396.977478,-0.8131610568091222
2021-06-21,50.092499,402.660553,-0.8135144032207365
2021-06-22,55.099998,404.813324,-0.8194780396921925
2021-06-23,54.834999,404.325348,-0.8000942126424015
2021-06-24,53.077499,406.717255,-0.7807407503218542
2021-06-25,52.377499,408.161926,-0.7522206391820131
2021-06-28,53.3125,408.984802,-0.5911198151901815
2021-06-29,52.720001,409.204834,-0.4560824530732879
2021-06-30,53.535,409.549225,-0.3260413218149184
2021-07-01,51.09,411.816742,-0.1481879176679632
2021-07-02,50.7075,414.964508,0.0209065010537149
2021-07-06,49.889999,414.208618,0.1645451992869308
2021-07-07,47.665001,415.672455,0.2808448332619609
2021-07-08,47.845001,412.285583,0.3678610683690626
2021-07-09,47.807499,416.686646,0.4474033896444447
2021-07-12,47.3125,418.179199,0.4936577972250301
2021-07-13,45.014999,416.753632,0.5281457976707621
2021-07-14,41.904999,417.375488,0.5508792153345313
2021-07-15,41.705002,415.949982,0.5497141830303688
2021-07-16,42.259998,412.687378,0.5496648310842608
2021-07-19,43.372501,406.592926,0.5504417825022333
2021-07-20,47.794998,412.419556,0.6106438822604423
2021-07-21,46.452499,415.758606,0.6980351177197701
2021-07-22,44.712502,416.629242,0.7258169162468506
2021-07-23,45.09,420.915558,0.6948937319810661
2021-07-26,45.985001,421.948792,0.6490297230098228
2021-07-27,44.634998,420.025757,0.6347449382416788
2021-07-28,42.279999,419.853485,0.639463933921586
2021-07-29,41.215,421.594818,0.6364274670489473
2021-07-30,40.279999,419.547394,0.6276290603725232
2021-08-02,39.412498,418.667145,0.5948072196588408
2021-08-03,38.1875,422.073242,0.5684315475287193
2021-08-04,36.700001,419.997009,0.5368665252377218
2021-08-05,38.360001,422.656891,0.5165641139283842
2021-08-06,37.942501,423.355255,0.516430838770566
2021-08-09,40.282501,423.010803,0.5328839533949331
2021-08-10,39.762501,423.537018,0.5452613505494208
2021-08-11,39.695,424.589508,0.5581800588228836
2021-08-12,40.587502,425.861908,0.5803318110551361
2021-08-13,40.630001,426.636902,0.6053461635656742
2021-08-16,40.982498,427.64151,0.6407217809655755
2021-08-17,40.887501,424.838226,0.6765163016739506
2021-08-18,39.262501,420.188385,0.699194466181294
2021-08-19,38.224998,420.838959,0.696435913109985
2021-08-20,39.825001,424.187622,0.706610244879039
2021-08-23,41.2225,427.918976,0.7232198321780777
2021-08-24,52.572498,428.598297,0.7433080076126393
2021-08-25,49.912498,429.497589,0.6896397663772498
2021-08-26,51.305,426.962189,0.5943286832395354
2021-08-27,51.237499,430.779694,0.5173101321026732
2021-08-30,52.299999,432.674072,0.4513222614760817
2021-08-31,54.560001,432.03302,0.3771421210512184
2021-09-01,53.2425,432.262665,0.3222297215433919
2021-09-02,53.380001,433.592499,0.2719205274064672
2021-09-03,50.6875,433.487244,0.279696120409823
2021-09-07,49.75,431.937347,0.3248109530753118
2021-09-08,49.700001,431.411163,0.4085209293257033
2021-09-09,49.794998,429.564606,0.4800743349992395
2021-09-10,47.602501,426.177734,0.5341010613298509
2021-09-13,50.849998,427.268372,0.5861536991045938
2021-09-14,49.810001,424.962585,0.6185998065415761
2021-09-15,51.130001,428.512177,0.637709904289252
2021-09-16,51.592499,427.832916,0.6630377254542615
2021-09-17,51.2425,423.665283,0.6916982652148045
2021-09-20,48.049999,416.601074,0.7377423359834877
2021-09-21,47.487499,416.20752,0.7700212874112163
2021-09-22,47.535,420.267548,0.7977941177528237
2021-09-23,47.810001,425.373779,0.8178682526849677
2021-09-24,46.290001,426.074493,0.8233428693322485
2021-09-27,47.369999,424.85556,0.7971639830637169
2021-09-28,44.650002,416.293915,0.8062808441744453
2021-09-29,43.98,416.994598,0.8109602868605869
2021-09-30,43.8675,411.897919,0.807956897274171
2021-10-01,44.227501,416.792999,0.808369485092607
2021-10-04,42.84,411.41803,0.80588528753028
2021-10-05,43.044998,415.698822,0.801684407987921
2021-10-06,42.767502,417.426483,0.7878234022220814
2021-10-07,43.029999,421.0354,0.7716571832918637
2021-10-08,43.169998,420.267548,0.7337411142024479
2021-10-11,44.525002,417.224915,0.6811003706651855
2021-10-12,43.955002,416.197968,0.6281851981301557
2021-10-13,46.014999,417.695221,0.5503574330047112
2021-10-14,45.9575,424.7211,0.4868760430513661
2021-10-15,45.82,427.955688,0.4031036418369185
2021-10-18,46.505001,429.222656,0.3753839606721595
2021-10-19,46.697498,432.534088,0.3056085086644963
2021-10-20,46.130001,434.232971,0.2704963267011369
2021-10-21,45.427502,435.36554,0.2750806656731345
2021-10-22,42.450001,434.914459,0.2987733598032011
2021-10-25,43.4925,437.246796,0.2681478035412286
2021-10-26,44.459999,437.64032,0.2148528120071154
2021-10-27,43.377499,435.701508,0.1487131788179069
2021-10-28,45.712502,439.905548,0.0294696673819509
2021-10-29,45.877499,440.798187,-0.0545585728649971
2021-11-01,50.022499,441.556458,-0.1120570100863143
2021-11-02,51.747501,443.341675,-0.1406538172896589
2021-11-03,54.5825,446.04837,-0.1672826104280691
2021-11-04,54.459999,448.150391,-0.1966417546843978
2021-11-05,53.3125,449.705292,-0.2344763430548413
2021-11-08,54.66,450.089264,-0.2498735906388322
2021-11-09,51.650002,448.601532,-0.2676404036867782
2021-11-10,49.797501,444.992584,-0.2680216859271819
2021-11-11,51.080002,445.136566,-0.2515208012803788
2021-11-12,50.525002,448.495911,-0.2525393113017025
2021-11-15,52.285,448.649445,-0.269922296412719
2021-11-16,51.794998,450.42514,-0.2582726726143601
2021-11-17,52.5,449.330994,-0.2554497161756015
2021-11-18,52.529999,450.857086,-0.194222620096489
2021-11-19,57.200001,450.050903,-0.1195074472807851
2021-11-22,61.887501,448.783844,-0.0275186032717361
2021-11-23,53.474998,449.379028,0.086130779694724
2021-11-24,52.945,450.578735,0.1799592670926607
2021-11-26,49.93,440.529419,0.2646107904464014
2021-11-29,50.502499,445.933228,0.3728926210688031
2021-11-30,49.052502,437.25647,0.4632362813457006
2021-12-01,44.959999,432.399719,0.5581789017561037
2021-12-02,45.389999,439.022461,0.6338937747170307
2021-12-03,43.0975,435.202454,0.6862739714675108
2021-12-06,41.779999,440.356659,0.7309501448159973
2021-12-07,44.452499,449.465332,0.7699594394544981
2021-12-08,43.412498,450.655518,0.7927339568093092
2021-12-09,38.939999,447.612885,0.8107180248325209
2021-12-10,39.752499,451.826508,0.8177898075766928
2021-12-13,34.220001,447.824066,0.8185197891195869
2021-12-14,36.922501,444.743011,0.8156149178043997
2021-12-15,37.147499,451.6922,0.8057422110573944
2021-12-16,36.147499,447.708893,0.7961082792613403
2021-12-17,38.91,442.94397,0.7878486226158218
2021-12-20,39.285,438.233917,0.7940626842962991
2021-12-21,39.529999,446.016541,0.8088432669694131
2021-12-22,38.5,450.476135,0.8034889464070621
2021-12-23,38.035,453.279053,0.7844193811702191
2021-12-27,37.077499,459.693939,0.7548294045525974
2021-12-28,36.615002,459.318237,0.7074991922623823
2021-12-29,38.482498,459.905853,0.6837243374069462
2021-12-30,38.8325,458.634399,0.6409764127005337
2021-12-31,37.0975,457.478546,0.5900606397236563
2022-01-03,38.209999,460.12735,0.5400160030177585
2022-01-04,37.227501,459.973236,0.4653556878124301
2022-01-05,32.342499,451.140808,0.3818478206013238
2022-01-06,32.7575,450.716949,0.3924955518849087
2022-01-07,35.154999,448.935059,0.3827343862879566
2022-01-10,32.787498,448.376373,0.3353389613059424
2022-01-11,32.575001,452.460358,0.311677178228896
2022-01-12,32.014999,453.683594,0.3012381472920189
2022-01-13,30.620001,447.432434,0.3298422337108165
2022-01-14,29.1625,447.615509,0.3324178407232988
2022-01-18,27.227501,439.688354,0.3177843318976616
2022-01-19,26.6425,435.122833,0.30502529591973
2022-01-20,25.6675,430.306824,0.2811353633609331
2022-01-21,26.59,421.859619,0.267097479394049
2022-01-24,25.0375,423.651184,0.29216788631407
2022-01-25,24.9475,418.478821,0.3137152867391554
2022-01-26,25.815001,417.429016,0.3524951836242004
2022-01-27,23.379999,415.367676,0.3978333497466594
2022-01-28,24.477501,425.683563,0.4476770241730649
2022-01-31,27.2325,433.350586,0.5238601627899212
2022-02-01,28.15,436.278687,0.5727203721292913
2022-02-02,25.01,440.516724,0.6002998923074824
2022-02-03,24.807501,430.162384,0.6608359573101186
2022-02-04,25.584999,432.185059,0.6987308902322337
2022-02-07,25.584999,430.798065,0.7267418452057133
2022-02-08,28.9,434.342621,0.7463079527636376
2022-02-09,31.0725,440.699738,0.7644326347348204
2022-02-10,30.6175,432.782288,0.7863971383465659
2022-02-11,31.0625,424.248352,0.7903023543117145
2022-02-14,29.272499,422.861389,0.7858199552649634
2022-02-15,31.540001,429.680786,0.785923229708605
2022-02-16,32.0825,430.162384,0.7812371157552485
2022-02-17,30.852501,420.973541,0.7815542698565372
2022-02-18,30.3825,418.247681,0.7827687178437577
2022-02-22,29.514999,413.759216,0.7837493304569854
2022-02-23,28.717501,406.419678,0.7814195916371579
2022-02-24,31.145,412.53595,0.7670480118337692
2022-02-25,29.645,421.638092,0.7601355145492659
2022-02-28,30.834999,420.559326,0.7339336597400916
2022-03-01,29.754999,414.154114,0.7111803065523857
2022-03-02,30.4925,421.77298,0.7054853681150702
2022-03-03,29.602501,419.673157,0.6841331425223869
2022-03-04,27.915001,416.263519,0.6769704766411268
2022-03-07,24.8375,403.992401,0.6709138031456805
2022-03-08,25.752501,400.929443,0.6579681855770045
2022-03-09,26.3025,411.678711,0.6419300169878887
2022-03-10,25.139999,409.819763,0.6369904452108308
2022-03-11,23.172501,404.608826,0.6454209726447799
2022-03-14,19.5275,401.651825,0.6564403130826426
2022-03-15,20.66,410.484314,0.6796936938285254
2022-03-16,21.715,419.586517,0.7114629858695415
2022-03-17,21.924999,424.835968,0.7536168581327936
2022-03-18,22.6975,429.489044,0.8130025922260504
2022-03-21,23.549999,429.363464,0.8761915516694616
2022-03-22,30.785,434.387604,0.93801135148284
2022-03-23,35.25,428.793396,0.9590473226136136
2022-03-24,35.5975,435.257172,0.961782847708764
2022-03-25,37.987499,437.382813,0.9682083968653008
2022-03-28,47.397499,440.493927,0.971239273158018
2022-03-29,44.974998,445.943176,0.9717705517121716
2022-03-30,41.712502,443.189575,0.9619454643232076
2022-03-31,41.645,436.368317,0.953194617097914
2022-04-01,41.25,437.605072,0.949522887071003
2022-04-04,42.682499,441.353821,0.9446955835554596
2022-04-05,38.397499,435.778931,0.9359607214964504
2022-04-06,39.16,431.421417,0.924469126150372
2022-04-07,37.5,433.595337,0.9160112832201608
2022-04-08,36.547501,432.435944,0.8979416036702484
2022-04-11,36.732498,425.044617,0.8860274787961455
2022-04-12,36.217499,423.469788,0.8666736332725373
2022-04-13,37.674999,428.319946,0.8242188749240816
2022-04-14,37.692501,422.986633,0.767712336492437
2022-04-18,35.365002,423.160522,0.6885110659688747
2022-04-19,38.1175,429.991486,0.6243979721125353
2022-04-20,37.212502,429.672638,0.519060887141231
2022-04-21,35.389999,423.247528,0.3823369979029842
2022-04-22,34.555,411.633942,0.2718913095353484
2022-04-25,33.987499,414.020447,0.1846182399594849
2022-04-26,31.9,402.03006,0.1005886237261389
2022-04-27,32.459999,403.160461,0.0764870415058124
2022-04-28,32.327499,413.344147,0.0511548654751157
2022-04-29,31.2675,398.068695,0.0160336390988853
2022-05-02,29.8925,400.464813,0.0013811596938992
2022-05-03,30.1075,402.300568,-0.0062549465882991
2022-05-04,31.77,414.551819,-0.0154007371899249
2022-05-05,29.782499,399.817474,-0.0466549324957134
2022-05-06,28.674999,397.430969,-0.047906503058251
2022-05-09,24.6975,384.706299,-0.0454356765306594
2022-05-10,23.375,385.595184,-0.0375599456660375
2022-05-11,20.3325,379.469635,-0.0276981233436954
2022-05-12,22.3925,379.073456,-0.0450663268824262
2022-05-13,24.5975,388.136292,-0.0703325669478427
2022-05-16,22.950001,386.561401,-0.0602362014332086
2022-05-17,25.094999,394.513123,-0.0370706155508797
2022-05-18,22.870001,378.60965,-0.000839229773842
2022-05-19,24.797501,376.290833,0.016298048344709
2022-05-20,23.915001,376.455109,0.034504071458422
2022-05-23,24.032499,383.498627,0.0605724642035283
2022-05-24,22.2875,380.571075,0.1067846600385297
2022-05-25,28.7925,383.93338,0.154507029024173
2022-05-26,32.115002,391.604919,0.1815416960145616
2022-05-27,34.302502,401.218414,0.2000342237724468
2022-05-31,31.184999,398.967224,0.1932822900493805
2022-06-01,30.35,395.740173,0.2434319336607544
2022-06-02,33.5,403.276459,0.313857995333818
2022-06-03,33.424999,396.658081,0.353516703773453
2022-06-06,32.025002,397.865784,0.4188030959045453
2022-06-07,36.625,401.68222,0.5071611157583077
2022-06-08,34.682499,397.315094,0.5360213967899463
2022-06-09,32.244999,387.865753,0.5886056931531755
2022-06-10,32.272499,376.619324,0.6362091593193404
2022-06-13,29.5625,362.319824,0.6706947130916381
2022-06-14,31.5425,361.228058,0.6778268639731697
2022-06-15,32.322498,366.377838,0.6963887037834603
2022-06-16,31.432501,354.252167,0.7060620286894659
2022-06-17,33.785,355.015839,0.7240967217730186
2022-06-21,35.07,363.952881,0.7481870510469243
2022-06-22,34.615002,363.292999,0.7537770730422909
2022-06-23,35.505001,366.854187,0.7521965798510776
2022-06-24,33.802502,378.517914,0.7517915062949783
2022-06-27,32.422501,377.072083,0.7316431490861395
2022-06-28,31.094999,369.367401,0.6992073577626635
2022-06-29,30.715,369.06662,0.6412612179797588
2022-06-30,30.575001,366.068207,0.6046873471737586
2022-07-01,30.855,369.939972,0.5722654582943232
2022-07-05,30.057501,370.638641,0.5456989186520738
2022-07-06,29.3575,371.890411,0.5206466580028268
2022-07-07,33.779999,377.460236,0.4892477677035287
2022-07-08,32.134998,377.14978,0.4973757981517717
2022-07-11,32.522499,372.84137,0.5014586572759365
2022-07-12,34.279999,369.542114,0.4846376094815687
2022-07-13,35.32,367.601379,0.4891208215814961
2022-07-14,34.049999,366.708649,0.5077177115598833
2022-07-15,35.41,373.714661,0.514279766366984
2022-07-18,36.66,370.628937,0.5603115286532513
2022-07-19,37.924999,380.643005,0.6317446314397905
2022-07-20,39.6875,383.068909,0.6855381664483309
2022-07-21,38.3675,386.969757,0.744085228740317
2022-07-22,35.779999,383.379486,0.7774771653102241
2022-07-25,33.98,383.845276,0.8059146426966866
2022-07-26,32.43,379.303955,0.8197088184904647
2022-07-27,33.779999,389.153107,0.8393975915475593
2022-07-28,33.84,394.033997,0.8432655309531111
2022-07-29,34.009998,399.778503,0.8452073119547242
2022-08-01,34.779999,398.594666,0.838994392042838
2022-08-02,35.84,395.964996,0.8356605226139884
2022-08-03,37.93,402.165588,0.8359887166913245
2022-08-04,38.360001,401.89389,0.8324166605909797
2022-08-05,40.02,401.214661,0.834339402457492
2022-08-08,43.450001,400.748901,0.8371763895987155
2022-08-09,40.369999,399.157501,0.8564880477790039
2022-08-10,40.529999,407.541412,0.8680121904554046
2022-08-11,39.450001,407.541412,0.8683185405853954
2022-08-12,40.740002,414.440643,0.8666334397727011
2022-08-15,39.68,416.148529,0.8582776607150935
2022-08-16,42.189999,416.963593,0.8444094638460138
2022-08-17,40.52,414.004028,0.8404195633075907
2022-08-18,37.93,415.207275,0.8411226302807367
2022-08-19,36.490002,409.627716,0.8252663132704503
2022-08-22,34.5,401.098206,0.8104011593721857
2022-08-23,33.529999,400.127838,0.8054131784783176
2022-08-24,32.5,401.408722,0.7984035885474368
2022-08-25,31.959999,407.075623,0.7770646937719575
2022-08-26,30.940001,393.296509,0.728425260007356
2022-08-29,31.549999,390.695953,0.7044267463010178
2022-08-30,29.84,386.406982,0.6775573399357713
2022-08-31,28.639999,383.466766,0.6576424402615839
2022-09-01,27.629999,384.670013,0.6508253865900782
2022-09-02,27.360001,380.613892,0.6455506878609278
2022-09-06,25.139999,379.177795,0.6412978781551111
2022-09-07,24.040001,385.989777,0.6704609437306739
2022-09-08,25.83,388.512634,0.7714684062129231
2022-09-09,28.92,394.548279,0.8234035310606581
2022-09-12,29.24,398.788757,0.799910067992623
2022-09-13,27.85,381.448456,0.7458483909964919
2022-09-14,28.129999,382.903992,0.6871172493605475
2022-09-15,28.610001,378.556732,0.5769514842057362
2022-09-16,28.639999,375.668823,0.5121878337043306
2022-09-19,28.959999,378.582092,0.4701217019636052
2022-09-20,27.540001,374.236481,0.4727116163267062
2022-09-21,26.860001,367.708374,0.4814104129752403
2022-09-22,24.700001,364.61972,0.5135870564250185
2022-09-23,25.040001,358.510559,0.5446832274028072
2022-09-26,24.48,354.963898,0.4968007521503157
2022-09-27,26.129999,354.057831,0.4728951640264893
2022-09-28,27.309999,361.024353,0.4854323370079937
2022-09-29,25.459999,353.482941,0.4973960407704799
2022-09-30,25.129999,348.016846,0.4641484805478967
2022-10-03,25.379999,357.204895,0.4343298554082178
2022-10-04,27.6,368.273468,0.4150263075137264
2022-10-05,26.389999,367.416138,0.4390242016364453
2022-10-06,25.99,363.625885,0.4712514277863048
2022-10-07,25.35,353.482941,0.4546550452655036
2022-10-10,25.0,350.783997,0.384749255621279
2022-10-11,25.27,348.5625,0.2920177867274334
2022-10-12,25.360001,347.412781,0.2633610017089602
2022-10-13,25.559999,356.58136,0.2135266712088521
2022-10-14,24.629999,348.455292,0.1550079735242419
2022-10-17,25.959999,357.409515,0.0296576133863087
2022-10-18,26.67,361.608978,-0.0159724986311998
2022-10-19,24.540001,359.046448,0.0123097791399891
2022-10-20,24.41,356.035736,0.019683245269277
2022-10-21,25.299999,364.687897,0.0493398331375531
2022-10-24,24.709999,369.150421,0.0974193497202005
2022-10-25,26.870001,375.045227,0.1070176692893753
2022-10-26,25.42,372.219635,0.1610114088760025
2022-10-27,25.93,370.231903,0.1930361323499135
2022-10-28,28.17,379.040009,0.2466391228494717
2022-10-31,28.309999,376.302094,0.3128137604689066
2022-11-01,28.389999,374.655457,0.3536923329766343
2022-11-02,26.620001,365.253021,0.4070191236450872
2022-11-03,26.290001,361.492065,0.4885484773618966
2022-11-04,26.51,366.695068,0.5821918749667265
2022-11-07,25.76,370.202728,0.6753787901694663
2022-11-08,25.139999,372.200104,0.7083984297239743
2022-11-09,23.110001,364.532013,0.7317315999603298
2022-11-10,24.879999,384.564575,0.7753669560863901
2022-11-11,26.1,388.28653,0.7529125272085179
2022-11-14,26.049999,384.983521,0.7340570094591375
2022-11-15,27.59,388.26709,0.7176039376378014
2022-11-16,27.139999,385.305084,0.709132038373641
2022-11-17,27.76,384.126099,0.7171503269258884
2022-11-18,27.6,385.870178,0.738118569776962
2022-11-21,25.16,384.467163,0.738106567597114
2022-11-22,26.299999,389.640869,0.7356898564876388
2022-11-23,26.700001,392.096313,0.7227147185522546
2022-11-25,26.17,392.008606,0.6928102465681238
2022-11-28,25.290001,385.753296,0.6448116705997082
2022-11-29,25.6,385.090759,0.65600976541948
2022-11-30,26.209999,397.221313,0.669283023959244
2022-12-01,26.6,396.929016,0.6369651428020753
2022-12-02,27.52,396.47113,0.5980043889070279
2022-12-05,25.559999,389.338867,0.5817602231418587
2022-12-06,23.389999,383.726624,0.6062899976620777
2022-12-07,22.26,383.073853,0.65466392951067
2022-12-08,24.790001,386.074799,0.654964870599964
2022-12-09,22.629999,383.190735,0.6935302473366433
2022-12-12,22.67,388.71524,0.6989405807312097
2022-12-13,21.0,391.657806,0.6831855389653838
2022-12-14,21.049999,389.153748,0.6550287204053504
2022-12-15,20.58,379.634399,0.6364767396413729
2022-12-16,20.799999,375.152344,0.6572655693448405
2022-12-19,19.92,371.971161,0.6865073172264818
2022-12-20,20.26,372.480164,0.7072891576376202
2022-12-21,20.559999,378.049713,0.7290274438966359
2022-12-22,19.809999,372.656372,0.745001038585472
2022-12-23,20.08,374.800018,0.7615567944238967
2022-12-27,18.200001,373.321991,0.7811597213700727
2022-12-28,17.92,368.682404,0.7747880376204205
2022-12-29,18.33,375.318787,0.7705868908969628
2022-12-30,18.459999,374.330139,0.7661261797424266
2023-01-03,17.200001,372.754303,0.7608020854985614
2023-01-04,17.32,375.631989,0.7274478142059722
2023-01-05,16.219999,371.344818,0.6906147035844935
2023-01-06,16.459999,379.860474,0.6380447913666506
2023-01-09,16.379999,379.645142,0.5987736468089428
2023-01-10,17.77,382.307526,0.5763906054505001
2023-01-11,19.040001,387.142914,0.594101102731987
2023-01-12,20.629999,388.552429,0.6336076675816759
2023-01-13,20.49,390.059814,0.660124131278722
2023-01-17,21.799999,389.345276,0.6881524875043049
2023-01-18,20.790001,383.198242,0.7093707638510731
2023-01-19,19.040001,380.40863,0.7523299537122602
2023-01-20,19.610001,387.49527,0.7658532666864883
2023-01-23,21.66,392.144684,0.7643463800404023
2023-01-24,21.4,391.723846,0.6794902192795478
2023-01-25,20.23,391.870605,0.6392306755815353
2023-01-26,20.01,396.177429,0.5858428993807714
2023-01-27,22.82,397.087708,0.5576714401418119
2023-01-30,21.25,392.10556,0.5209893263859471
2023-01-31,21.870001,397.870819,0.5217379844176322
2023-02-01,21.83,402.099304,0.5198186511714944
2023-02-02,22.700001,407.952667,0.5280982815671312
2023-02-03,22.25,403.616425,0.5286222424444118
2023-02-06,23.860001,401.149811,0.527627170035555
2023-02-07,21.219999,406.396301,0.518410382491433
2023-02-08,21.1,401.952484,0.5329667658169689
2023-02-09,19.67,398.467865,0.545005683671071
2023-02-10,19.27,399.397736,0.568231048607101
2023-02-13,19.690001,404.086243,0.592425101699333
2023-02-14,19.870001,403.90033,0.6286090542954836
2023-02-15,21.799999,405.211945,0.6596263196012041
2023-02-16,21.6,399.63266,0.6635110629927409
2023-02-17,21.99,398.634308,0.6556735915617706
2023-02-21,20.66,390.637299,0.644178634157412
2023-02-22,20.52,390.098969,0.6304559323028904
2023-02-23,20.139999,392.174042,0.6214754117043223
2023-02-24,19.540001,387.98468,0.6035677619023081
2023-02-27,19.1,389.306152,0.5914323926801617
2023-02-28,19.23,387.867249,0.5795079111697394
2023-03-01,18.15,386.379456,0.5496556586557912
2023-03-02,18.190001,389.38443,0.5095649601045034
2023-03-03,18.700001,395.629303,0.4639419130878365
2023-03-06,18.65,395.903381,0.4448677751177322
2023-03-07,18.059999,389.834656,0.4365339921298338
2023-03-08,18.17,390.470947,0.4248179083124843
2023-03-09,17.52,383.266754,0.4122936846870351
2023-03-10,17.25,377.73645,0.3820520839476317
2023-03-13,16.75,377.19809,0.3315891263921087
2023-03-14,16.91,383.433197,0.2584421923805325
2023-03-15,15.95,381.035065,0.1938817822216733
2023-03-16,16.76,387.720367,0.0695126995283777
2023-03-17,16.6,383.18692,-0.0113660783033168
2023-03-20,16.870001,386.87146,-0.1719486353792453
2023-03-21,17.65,391.951324,-0.3097078499492289
2023-03-22,23.870001,385.269897,-0.366718595144012
2023-03-23,22.58,386.311462,-0.2709145139191364
2023-03-24,23.98,388.846436,-0.154357466702442
2023-03-27,23.0,389.573486,-0.0325114823256132
2023-03-28,23.15,388.699036,0.046244320392702
2023-03-29,22.459999,394.348785,0.1929831004220885
2023-03-30,22.5,396.657776,0.3060859121888628
2023-03-31,23.02,402.248474,0.4317021167189965
2023-04-03,23.17,403.781342,0.4880456559724409
2023-04-04,22.35,401.541046,0.5445544624919263
2023-04-05,22.07,400.489716,0.6092817334323803
2023-04-06,22.4,402.051971,0.654966562285663
2023-04-10,22.370001,402.464661,0.6986337679939422
2023-04-11,22.690001,402.572723,0.7468731035059772
2023-04-12,22.26,400.931854,0.7043459148713436
2023-04-13,22.549999,406.257324,0.7026554535438899
2023-04-14,22.459999,405.264954,0.715119616293728
2023-04-17,22.280001,406.719116,0.7642517932964101
2023-04-18,21.610001,406.984375,0.7844064788041433
2023-04-19,21.309999,406.915649,0.7779525268922184
2023-04-20,20.219999,404.695038,0.7740762700732476
2023-04-21,20.49,405.009491,0.7734732587219604
2023-04-24,19.93,405.431946,0.7737985201591675
2023-04-25,19.0,398.996216,0.7714507067593896
2023-04-26,18.65,397.306213,0.7579634220323048
2023-04-27,18.940001,405.21582,0.7344621578092728
2023-04-28,19.290001,408.674438,0.723773641704438
2023-05-01,18.549999,408.261719,0.7349586496085648
2023-05-02,18.58,403.673218,0.7514180219759109
2023-05-03,18.9,400.902405,0.739702871202703
2023-05-04,19.35,398.062775,0.7286917391549005
2023-05-05,20.42,405.431946,0.6890747457504197
2023-05-08,20.51,405.540039,0.6467290836877435
2023-05-09,20.24,403.761627,0.6006884745360364
2023-05-10,20.76,405.648163,0.5586240719336002
2023-05-11,20.879999,404.940735,0.5212810418743443
2023-05-12,20.690001,404.410095,0.4553445794549741
2023-05-15,21.620001,405.805389,0.3657796006585692
2023-05-16,21.99,403.093506,0.2636194651395584
2023-05-17,22.870001,407.986633,0.142173641635743
2023-05-18,23.049999,411.91684,0.0644066174021499
2023-05-19,22.059999,411.317444,0.0037558593698235
2023-05-22,24.209999,411.484528,-0.0973929833459473
2023-05-23,23.16,406.866486,-0.1439733869766074
2023-05-24,23.27,403.918854,-0.210712291156376
2023-05-25,23.35,407.416718,-0.2900334884610922
2023-05-26,23.25,412.693054,-0.3645547307976214
2023-05-30,24.57,412.850281,-0.4357791719906616
2023-05-31,24.049999,410.560913,-0.4636372498443862
2023-06-01,24.1,414.4617,-0.5089039033917174
2023-06-02,24.639999,420.455231,-0.5514669340912228
2023-06-05,24.309999,419.649567,-0.547209075465294
2023-06-06,24.690001,420.563324,-0.5466976969835936
2023-06-07,26.110001,419.109131,-0.5274313999334779
2023-06-08,21.440001,421.644165,-0.4861118424755213
2023-06-09,22.68,422.400696,-0.5882748696375155
2023-06-12,24.299999,426.232666,-0.6063738189309585
2023-06-13,26.950001,429.042816,-0.575530190722902
2023-06-14,25.700001,429.553711,-0.522302860951396
2023-06-15,24.84,434.879181,-0.4818492578857871
2023-06-16,24.559999,433.397888,-0.4187047708585608
2023-06-20,24.58,431.149353,-0.3145516460314506
2023-06-21,24.43,428.940247,-0.182114842093188
2023-06-22,24.32,430.488617,-0.0591735933481869
2023-06-23,23.700001,427.23407,0.0269303224418349
2023-06-26,23.02,425.488556,0.1336309541578763
2023-06-27,23.58,430.153259,0.1927143053454988
2023-06-28,24.98,430.370239,0.3000062341424428
2023-06-29,24.9,432.066498,0.4079579479454807
2023-06-30,24.25,437.165161,0.4912401281934954
2023-07-03,24.91,437.668182,0.5005219642422997
2023-07-05,23.9,437.017242,0.5128606253378913
2023-07-06,22.83,433.595154,0.5274139857094093
2023-07-07,22.709999,432.500427,0.546743389758068
2023-07-10,23.540001,433.595154,0.5951577024957997
2023-07-11,23.91,436.356506,0.6702663763734469
2023-07-12,23.440001,439.867401,0.7406472109318243
2023-07-13,23.459999,443.358551,0.7719100110352672
2023-07-14,22.969999,443.082397,0.7617114452458794
2023-07-17,22.82,444.620911,0.7663770523482424
2023-07-18,23.08,447.924713,0.7657563512791024
2023-07-19,23.17,448.920776,0.7431716509216955
2023-07-20,22.91,445.942383,0.7309736413405583
2023-07-21,22.18,445.942383,0.7274322862429291
2023-07-24,23.040001,447.93457,0.7229427439056773
2023-07-25,22.85,449.15744,0.7168002950126812
2023-07-26,22.700001,449.226501,0.7036079388062577
2023-07-27,22.219999,446.248169,0.6841938609976381
2023-07-28,21.93,450.617035,0.6720825378114607
2023-07-31,22.200001,451.475006,0.6503443028936052
2023-08-01,21.5,450.183105,0.6089616840856931
2023-08-02,20.83,443.920715,0.5848236006170078
2023-08-03,20.93,442.648499,0.5957786546567054
2023-08-04,20.98,440.646484,0.6259961984379501
2023-08-07,21.07,444.492676,0.6867254963285688
2023-08-08,20.74,442.559753,0.7070938310164224
2023-08-09,19.93,439.601135,0.730196803527984
2023-08-10,20.190001,439.758911,0.739258003087252
2023-08-11,20.190001,439.502502,0.7435990523210853
2023-08-14,19.959999,441.928558,0.7486719286703012
2023-08-15,19.33,436.780579,0.7346033633740758
2023-08-16,18.59,433.575409,0.7338767703558458
2023-08-17,18.379999,430.271637,0.741892082630843
2023-08-18,18.360001,430.47876,0.731038477592715
2023-08-21,18.48,433.279541,0.7181395891470491
2023-08-22,17.26,432.105957,0.7268662647099048
2023-08-23,16.889999,436.91864,0.7378307075640531
2023-08-24,16.360001,430.863373,0.7613891486867984
2023-08-25,17.129999,433.900848,0.7803626723304907
2023-08-28,17.57,436.652405,0.7900262251336793
2023-08-29,18.24,442.964081,0.8013062344806863
2023-08-30,18.370001,444.788605,0.8070441085171729
2023-08-31,18.549999,444.137665,0.8137511096757847
2023-09-01,18.42,444.966095,0.8178995307291647
2023-09-05,19.23,443.042969,0.8154403621103454
2023-09-06,18.75,440.064636,0.8038859142149573
2023-09-07,18.889999,438.713562,0.7809253741067257
2023-09-08,17.709999,439.374268,0.7499257596133617
2023-09-11,17.02,442.263885,0.7085088355706938
2023-09-12,17.23,439.837799,0.669879865987883
2023-09-13,17.809999,440.350616,0.6162696831630028
2023-09-14,18.33,444.147491,0.55548269425255
2023-09-15,18.219999,438.796295,0.426564545249543
2023-09-18,17.549999,439.053619,0.2965287165904055
2023-09-19,17.52,438.143097,0.152401637817731
2023-09-20,17.52,434.115112,0.0298771421665957
2023-09-21,17.02,426.93988,-0.0925350632739495
2023-09-22,17.18,425.979919,-0.1444677528670509
2023-09-25,17.67,427.77124,-0.1981822036554483
2023-09-26,16.780001,421.486725,-0.2681167566489789
2023-09-27,17.15,421.654968,-0.3049426430027864
2023-09-28,16.84,424.099487,-0.3420282484141438
2023-09-29,16.459999,423.070221,-0.3931268519122893
2023-10-02,15.39,422.901947,-0.3879007818302051
2023-10-03,14.6,417.240997,-0.2525810798509323
2023-10-04,14.87,420.279297,-0.1962803487699766
2023-10-05,14.71,420.120941,-0.1064461667601935
2023-10-06,15.08,425.108978,0.0167139126382083
2023-10-09,15.4,427.830597,0.0639256754566192
2023-10-10,16.0,430.057404,0.1044737477603282
2023-10-11,15.82,431.819061,0.1854625749834189
2023-10-12,15.09,429.186493,0.2434967607284913
2023-10-13,14.92,427.048767,0.2889383796343089
2023-10-16,14.43,431.541931,0.3396944616277842
2023-10-17,14.12,431.522095,0.4099835538619368
2023-10-18,13.85,425.772034,0.4739994775788007
2023-10-19,13.16,422.031036,0.5200773975044591
2023-10-20,13.44,416.845093,0.557752725242557
2023-10-23,13.44,416.12262,0.5961060318029343
2023-10-24,14.04,419.259918,0.6163545552982636
2023-10-25,13.71,413.242645,0.6463362371873062
2023-10-26,13.5,408.294189,0.6747528092737392
2023-10-27,13.12,406.443512,0.7083709539994458
2023-10-30,12.8,411.302856,0.7418207777375699
2023-10-31,13.77,413.885956,0.7629539402654366
2023-11-01,13.01,418.299957,0.803021329689238
2023-11-02,13.64,426.316406,0.8175929242975709
2023-11-03,13.87,430.205841,0.8332158213667088
2023-11-06,13.53,431.195526,0.847283229296652
2023-11-07,13.64,432.422729,0.8549315401868132
2023-11-08,13.28,432.739441,0.8561638232384224
2023-11-09,12.7,429.364624,0.8462987040731549
2023-11-10,12.54,436.064789,0.8369533392075131
2023-11-13,12.14,435.649109,0.8089592898311395
2023-11-14,12.9,444.101013,0.7616506058148547
2023-11-15,13.27,445.041199,0.7083409681659986
2023-11-16,12.53,445.585541,0.6685969601742807
2023-11-17,13.03,446.139771,0.6080380446584975
2023-11-20,12.8,449.573975,0.5320065118131163
2023-11-21,12.55,448.594177,0.4643325085707054
2023-11-22,12.29,450.326111,0.3592195415304561
2023-11-24,12.2,450.60321,0.2396877645117049
2023-11-27,11.91,449.791687,0.1176634575019281
2023-11-28,13.49,450.237061,-0.0389647448246905
2023-11-29,16.25,449.920319,-0.1598941782042749
2023-11-30,14.55,451.691895,-0.1897542632562515
2023-12-01,15.3,454.364044,-0.2681420755609527
2023-12-04,16.98,451.978882,-0.3215894797993104
2023-12-05,14.91,451.889832,-0.3161712785451463
2023-12-06,14.84,450.068817,-0.4138905911144637
2023-12-07,16.360001,453.503021,-0.5106363039267313
2023-12-08,15.55,455.452698,-0.5374327163014608
2023-12-11,15.07,457.224243,-0.5789723575712157
2023-12-12,15.22,459.312439,-0.6209164842240191
2023-12-13,16.690001,465.646454,-0.6511471844291501
2023-12-14,17.440001,467.140869,-0.6540497472388046
2023-12-15,17.26,466.371704,-0.6453099033120842
2023-12-18,17.860001,468.995087,-0.6290304477240369
2023-12-19,17.719999,471.847015,-0.6262869809359055
2023-12-20,16.93,465.308472,-0.6366770769796515
2023-12-21,16.98,469.72049,-0.6328495890615614
2023-12-22,16.969999,470.66449,-0.6388436161922239
2023-12-26,17.360001,472.651886,-0.6405011605383641
2023-12-27,18.370001,473.5065,-0.6433289103965365
2023-12-28,18.07,473.685333,-0.6549931995499902
2023-12-29,17.530001,472.314026,-0.67330138388765
2024-01-02,16.67,469.670776,-0.6787162259733229
2024-01-03,16.690001,465.835144,-0.6080210030990878
2024-01-04,16.360001,464.334625,-0.4929839474293516
2024-01-05,15.96,464.970642,-0.3822294512121108
2024-01-08,15.79,471.608521,-0.2340592868654128
2024-01-09,15.16,470.893066,-0.0839275879308146
2024-01-10,15.73,473.556152,-0.0127733914496006
2024-01-11,15.25,473.347504,0.0929701771996857
2024-01-12,14.75,473.675385,0.2016420321737978
2024-01-16,13.98,471.936401,0.2765266909232029
2024-01-17,14.08,469.31308,0.2642184387205714
2024-01-18,14.29,473.486603,0.2361700006982804
2024-01-19,14.51,479.38916,0.2022678059894938
2024-01-22,14.9,480.40274,0.1387705624187631
2024-01-23,14.18,481.803833,0.1072864649072577
2024-01-24,13.95,482.330505,0.0361408854898771
2024-01-25,14.52,484.953857,-0.0842090011833965
2024-01-26,14.49,484.337769,-0.0098743811723921
2024-01-29,14.78,488.173401,0.0730842919747267
2024-01-30,14.55,487.795837,0.020215151282585
2024-01-31,14.23,479.836304,-0.0678618321218041
2024-02-01,14.42,486.116516,-0.1707036181986839
2024-02-02,14.73,491.234039,-0.2289749314071592
2024-02-05,13.46,489.445374,-0.2630539264934347
2024-02-06,14.1,490.866364,-0.3067445049370947
2024-02-07,14.07,494.960388,-0.345959365126953
2024-02-08,14.35,495.179016,-0.378386226471409
2024-02-09,14.66,498.040863,-0.4003657223571923
2024-02-12,14.73,497.822235,-0.3845335501463637
2024-02-13,14.17,490.965698,-0.3851462568822932
2024-02-14,14.41,495.427429,-0.3628520462782512
2024-02-15,14.51,498.845764,-0.2692267045084805
2024-02-16,14.12,496.361511,-0.1810878006270014
2024-02-20,13.49,493.628845,-0.0815894885186201
2024-02-21,13.41,494.075958,0.0045118472148384
2024-02-22,13.36,504.301117,0.1052216079554934
2024-02-23,13.51,504.648926,0.1725966656899583
2024-02-26,13.68,502.800629,0.2068352613005497
2024-02-27,14.21,503.734711,0.2404683539283504
2024-02-28,14.24,503.06897,0.2802411199318414
2024-02-29,14.27,504.877472,0.3113639537310639
2024-03-01,14.95,509.617371,0.3373848994036031
2024-03-04,15.22,509.070862,0.3649043744727138
2024-03-05,15.0,503.983154,0.3997593206129377
2024-03-06,15.26,506.536957,0.434913914657986
2024-03-07,15.26,511.565033,0.4369429120442948
2024-03-08,14.65,508.494537,0.4489349218998163
2024-03-11,14.43,508.057312,0.4714299724733293
2024-03-12,14.72,513.522705,0.4932207705784697
2024-03-13,14.87,512.717712,0.5072208163930529
2024-03-14,14.63,511.704193,0.5276529459198946
2024-03-15,14.24,508.190521,0.4526423826385348
2024-03-18,13.91,511.210754,0.4078005733582686
2024-03-19,13.41,514.051636,0.488533514542394
2024-03-20,13.48,518.806274,0.5245622927083822
2024-03-21,13.66,520.520752,0.5450007381823073
2024-03-22,13.1,519.533936,0.569096764013256
2024-03-25,15.12,518.098572,0.5869398976406608
2024-03-26,15.5,517.141663,0.5946643374827288
2024-03-27,13.17,521.48761,0.5950433609800297
2024-03-28,12.52,521.387939,0.6043820082727848
2024-04-01,11.99,520.480835,0.6287204333948555
2024-04-02,11.28,517.17157,0.6462900775001998
2024-04-03,11.38,517.739685,0.6594069126015576
2024-04-04,11.53,511.420105,0.6754884836453323
2024-04-05,11.25,516.762878,0.6864309698818797
2024-04-08,10.83,517.05188,0.7039127238534173
2024-04-09,11.01,517.650024,0.7319758593143769
2024-04-10,10.85,512.466736,0.7524105962619199
2024-04-11,11.29,516.334229,0.7598917238196341
2024-04-12,10.77,509.207245,0.7636040352851509
2024-04-15,10.06,502.82785,0.7691503542114502
2024-04-16,10.37,501.910797,0.752956047725958
2024-04-17,10.3,498.940369,0.7468142624325569
2024-04-18,10.31,497.913666,0.7377400706637628
2024-04-19,10.42,493.567688,0.7097407249292316
2024-04-22,10.01,498.113037,0.6771601582100059
2024-04-23,10.16,504.023956,0.647105894666787
2024-04-24,10.93,503.784729,0.6123469549549156
2024-04-25,11.21,501.870911,0.5775474510435886
2024-04-26,11.9,506.62558,0.5398795888540628
2024-04-29,11.29,508.419769,0.500334007431309
2024-04-30,11.09,500.365784,0.460065888301491
2024-05-01,10.91,498.741028,0.397836050509104
2024-05-02,12.76,503.405945,0.3059879306979636
2024-05-03,16.469999,509.645844,0.2135486192330956
2024-05-06,16.309999,514.908875,0.1472735331986889
2024-05-07,16.309999,515.477051,0.0814025418555059
2024-05-08,15.92,515.526855,0.0127148587561155
2024-05-09,18.01,518.497253,-0.0659382041019729
2024-05-10,17.459999,519.165161,-0.1247619730651265
2024-05-13,30.450001,519.234863,-0.188521393739816
2024-05-14,48.75,521.617188,-0.1611889422104268
2024-05-15,39.549999,528.076416,-0.0137814424639299
