,Date,GME,SPY,IC
0,2020-01-02,1.5775,303.135559,0.1590008764301988
1,2020-01-03,1.47,300.840179,0.23878357267201963
2,2020-01-06,1.4625,301.987946,0.29702059274146503
3,2020-01-07,1.38,301.138763,0.3442280424732532
4,2020-01-08,1.43,302.743713,0.3851092991434975
5,2020-01-09,1.3875,304.796509,0.4378532153016105
6,2020-01-10,1.3575,303.919342,0.42862440285596975
7,2020-01-13,1.3575,306.009521,0.4129806965237869
8,2020-01-14,1.1775,305.542999,0.3971998756061241
9,2020-01-15,1.1525,306.233582,0.2713741045945473
10,2020-01-16,1.155,308.780853,0.15294548380213283
11,2020-01-17,1.1875,309.741943,0.08961327048213127
12,2020-01-21,1.1475,309.135437,0.10510530445951216
13,2020-01-22,1.14,309.172668,0.03662195653293537
14,2020-01-23,1.155,309.527313,0.05382096333221091
15,2020-01-24,1.08,306.774597,0.04866415590411254
16,2020-01-27,1.07,301.857269,-0.004936407194491308
17,2020-01-28,1.0525,305.020477,-0.0512376743006025
18,2020-01-29,1.0325,304.768494,-0.10831721049249621
19,2020-01-30,0.9825,305.757538,-0.14451983115776448
20,2020-01-31,0.96,300.205688,-0.11081513411744366
21,2020-02-03,0.9875,302.435822,-0.05786563426188825
22,2020-02-04,1.0175,307.045258,0.018578930671535168
23,2020-02-05,1.045,310.591064,0.08510382342549187
24,2020-02-06,1.035,311.636108,0.1309944465611874
25,2020-02-07,0.9525,309.975189,0.1338397861854701
26,2020-02-10,0.985,312.289307,0.154257631951396
27,2020-02-11,1.005,312.830505,0.15353497989250708
28,2020-02-12,1.0475,314.845978,0.14063430474934166
29,2020-02-13,1.0275,314.510101,0.0981253699471923
30,2020-02-14,1.005,315.013947,0.07690597233796338
31,2020-02-18,1.015,314.202148,0.06610509454775725
32,2020-02-19,1.0375,315.704437,0.06073345137043575
33,2020-02-20,1.035,314.407471,0.060833893598467303
34,2020-02-21,1.01,311.169525,0.06472365568102596
35,2020-02-24,0.925,300.849487,0.06621736004894815
36,2020-02-25,0.89,291.733154,0.10428884025883485
37,2020-02-26,0.8475,290.660034,0.14900042944501768
38,2020-02-27,0.8675,277.606049,0.21599915616606133
39,2020-02-28,0.9,276.439636,0.2819592569141306
40,2020-03-02,0.9575,288.411316,0.3349726662130809
41,2020-03-03,0.9075,280.153442,0.41208435964196133
42,2020-03-04,0.9425,291.929016,0.4803977556346468
43,2020-03-05,0.99,282.224854,0.557912397839841
44,2020-03-06,0.98,277.559357,0.6128907460192632
45,2020-03-09,0.925,255.883514,0.6658986473941794
46,2020-03-10,1.0575,269.124176,0.6819078738112485
47,2020-03-11,1.035,256.004791,0.699257045380461
48,2020-03-12,0.995,231.510986,0.7041393445476604
49,2020-03-13,1.1475,251.302017,0.6950910696688014
50,2020-03-16,1.0925,223.803604,0.6881716775758556
51,2020-03-17,1.0575,235.887207,0.693415569699254
52,2020-03-18,0.9425,223.943558,0.6797063203969099
53,2020-03-19,1.0475,224.419403,0.6612928344245874
54,2020-03-20,0.94,214.74823,0.6614501416323663
55,2020-03-23,0.9525,209.257538,0.6535113832699788
56,2020-03-24,1.04,228.216934,0.6584116091840326
57,2020-03-25,1.0425,231.633392,0.6602446248274894
58,2020-03-26,1.1025,245.158432,0.6497298178239974
59,2020-03-27,1.055,237.856201,0.6345995592539896
60,2020-03-30,0.9125,245.58078,0.6288994219414125
61,2020-03-31,0.875,241.920288,0.5823496991121905
62,2020-04-01,0.8125,231.032669,0.5106736524750467
63,2020-04-02,0.7125,236.363876,0.41176725917538903
64,2020-04-03,0.7,232.947418,0.2652176831894309
65,2020-04-06,0.7725,248.593613,0.055919125772915024
66,2020-04-07,0.8175,248.847061,-0.0932609519513845
67,2020-04-08,0.8525,257.200439,-0.28873873124910177
68,2020-04-09,0.9725,261.11438,-0.34180060291321096
69,2020-04-13,1.185,258.730316,-0.36455312608000334
70,2020-04-14,1.4875,266.361084,-0.33968362990923506
71,2020-04-15,1.3175,260.701324,-0.32773308636269505
72,2020-04-16,1.2575,261.959015,-0.3103351304727552
73,2020-04-17,1.22,269.036041,-0.30406000199883515
74,2020-04-20,1.4025,264.296112,-0.30440949938276196
75,2020-04-21,1.195,256.271179,-0.26923216749263224
76,2020-04-22,1.2225,261.959015,-0.2641356730602855
77,2020-04-23,1.175,261.940277,-0.254117937245364
78,2020-04-24,1.1925,265.5914,-0.25779851222301065
79,2020-04-27,1.455,269.420837,-0.2558127585326603
80,2020-04-28,1.41,268.181976,-0.2220847664256757
81,2020-04-29,1.51,275.202484,-0.18434713559991867
82,2020-04-30,1.4325,272.640167,-0.15528929888816828
83,2020-05-01,1.5125,265.422516,-0.1147468318344565
84,2020-05-04,1.37,266.154602,0.019664397627295757
85,2020-05-05,1.3475,268.613708,0.1351011771412662
86,2020-05-06,1.2325,266.792877,0.24168062541636065
87,2020-05-07,1.2175,270.012085,0.2792993878459979
88,2020-05-08,1.245,274.479767,0.29647565722235003
89,2020-05-11,1.19,274.536133,0.3346127396585433
90,2020-05-12,1.135,269.064209,0.34801501340640234
91,2020-05-13,1.0525,264.305542,0.3561685492406916
92,2020-05-14,1.0325,267.468567,0.3052042562692694
93,2020-05-15,1.055,268.69809,0.1950475572499118
94,2020-05-18,1.145,276.882538,0.10381432211824665
95,2020-05-19,1.11,274.038666,0.08485548305256144
96,2020-05-20,1.1075,278.69397,0.01717969799638443
97,2020-05-21,1.11,276.769958,-0.07113774645297638
98,2020-05-22,1.045,277.295593,-0.12853672563339005
99,2020-05-26,1.105,280.712006,-0.2206642842682245
100,2020-05-27,1.1725,284.888702,-0.2553014490960374
101,2020-05-28,1.0825,284.363129,-0.2561288170508676
102,2020-05-29,1.015,285.630249,-0.30001274363791597
103,2020-06-01,1.0325,286.784637,-0.3710230967723494
104,2020-06-02,1.045,289.159302,-0.4290724286880149
105,2020-06-03,1.11,293.007477,-0.46706919829863347
106,2020-06-04,1.1175,292.237823,-0.4868615160216811
107,2020-06-05,1.035,299.727722,-0.4914257498727579
108,2020-06-08,1.2525,303.350739,-0.46180656776524615
109,2020-06-09,1.24,301.088623,-0.4558793872806239
110,2020-06-10,1.2675,299.40863,-0.456620722175526
111,2020-06-11,1.0925,282.148041,-0.5020383396437508
112,2020-06-12,1.18,285.526886,-0.4925877213271659
113,2020-06-15,1.1725,288.192505,-0.4430967062864765
114,2020-06-16,1.16,293.739532,-0.3556700424761811
115,2020-06-17,1.19,292.51944,-0.2681636486609473
116,2020-06-18,1.2375,292.63205,-0.15644670015241202
117,2020-06-19,1.22,290.959717,-0.04714626173639738
118,2020-06-22,1.2175,292.826202,0.10342712555758884
119,2020-06-23,1.2075,294.174286,0.2285891717953472
120,2020-06-24,1.1025,286.670258,0.33888295996222084
121,2020-06-25,1.115,289.743561,0.43363075004008156
122,2020-06-26,1.0875,282.861755,0.5200478504809272
123,2020-06-29,1.095,287.019104,0.611619420182883
124,2020-06-30,1.085,290.695709,0.7009526106620894
125,2020-07-01,1.11,292.731934,0.7642718388896346
126,2020-07-02,1.0725,294.344025,0.8287576676833721
127,2020-07-06,1.06,298.887878,0.7954682870338543
128,2020-07-07,1.0225,295.805298,0.7706061299900879
129,2020-07-08,1.065,298.06778,0.801504713493409
130,2020-07-09,1.0525,296.37088,0.7812016008317454
131,2020-07-10,1.085,299.396942,0.7686997592872747
132,2020-07-13,1.065,296.804474,0.7147007752190645
133,2020-07-14,1.02,300.650787,0.7122141292405202
134,2020-07-15,1.0475,303.412964,0.6996708409734145
135,2020-07-16,1.0425,302.413605,0.6886851318483038
136,2020-07-17,0.99,303.290405,0.6790096977192224
137,2020-07-20,0.9625,305.741425,0.6678078350655324
138,2020-07-21,1.0025,306.391968,0.622803229015324
139,2020-07-22,1.0275,308.135956,0.5558652772988364
140,2020-07-23,1.0275,304.459381,0.4673735149683442
141,2020-07-24,1.0075,302.498505,0.37774826075157364
142,2020-07-27,1.0025,304.704498,0.2730435630953699
143,2020-07-28,0.985,302.771851,0.1314960683425105
144,2020-07-29,1.015,306.495605,0.01613178736152894
145,2020-07-30,1.025,305.402069,-0.06869069998369176
146,2020-07-31,1.0025,307.815399,-0.1289312128520917
147,2020-08-03,1.0375,309.955414,-0.19732270049091677
148,2020-08-04,1.1075,311.152649,-0.24243338272473847
149,2020-08-05,1.1575,313.085175,-0.2720237770909651
150,2020-08-06,1.1075,315.178009,-0.3072528699852402
151,2020-08-07,1.04,315.404297,-0.31348177126670623
152,2020-08-10,1.0825,316.346985,-0.34397357975046505
153,2020-08-11,1.0875,313.735657,-0.3487409331866484
154,2020-08-12,1.13,318.109894,-0.29166588329881143
155,2020-08-13,1.16,317.53479,-0.2258683489083526
156,2020-08-14,1.1875,317.544189,-0.1423551092748933
157,2020-08-17,1.1575,318.552948,-0.08723329247231715
158,2020-08-18,1.2025,319.241119,-0.044774686375267644
159,2020-08-19,1.18,317.911926,0.008999153725966387
160,2020-08-20,1.1525,318.901703,0.04009502599354458
161,2020-08-21,1.2575,320.03302,0.04319312791883882
162,2020-08-24,1.2175,323.275909,0.058125636777342726
163,2020-08-25,1.245,324.407135,0.08561438325079894
164,2020-08-26,1.2775,327.659546,0.1313732393564465
165,2020-08-27,1.3125,328.376038,0.20136971269707923
166,2020-08-28,1.3475,330.497131,0.24699109620618634
167,2020-08-31,1.67,329.299835,0.31318399199018687
168,2020-09-01,1.9125,332.401367,0.33194556665548136
169,2020-09-02,1.9275,337.20929,0.372383814325941
170,2020-09-03,1.955,325.604523,0.46547232822991025
171,2020-09-04,1.9125,322.946014,0.49569265392410006
172,2020-09-08,1.925,314.122131,0.5224067544338332
173,2020-09-09,1.8375,320.325226,0.5107198856415861
174,2020-09-10,1.5575,314.763214,0.5234770123137164
175,2020-09-11,1.5225,314.923553,0.5199431810301366
176,2020-09-14,1.7275,319.07135,0.5034432188769092
177,2020-09-15,1.7725,320.683533,0.5013538223932323
178,2020-09-16,2.17,319.410858,0.5202768484466633
179,2020-09-17,2.3,316.601501,0.5079013998020236
180,2020-09-18,2.3675,312.956512,0.4676668636474122
181,2020-09-21,2.1875,309.473511,0.44247071387577824
182,2020-09-22,2.64,312.625305,0.3920923492658854
183,2020-09-23,2.51,305.375214,0.37266516871005
184,2020-09-24,2.285,306.189209,0.3534133869515691
185,2020-09-25,2.505,311.139313,0.30946197744439113
186,2020-09-28,2.5225,316.307159,0.3092291723643484
187,2020-09-29,2.5875,314.584595,0.32130627583693955
188,2020-09-30,2.55,316.969727,0.34704865800211004
189,2020-10-01,2.4425,319.004639,0.38703188936470045
190,2020-10-02,2.3475,315.975922,0.4138067349910483
191,2020-10-05,2.365,321.579102,0.4280587041064374
192,2020-10-06,2.2825,317.007568,0.4625108153741491
193,2020-10-07,2.34,322.525574,0.468140955006138
194,2020-10-08,3.3725,325.384033,0.5027608073251043
195,2020-10-09,3.005,328.289764,0.5423611032390994
196,2020-10-12,2.95,333.571106,0.5733293032281416
197,2020-10-13,2.97,331.394196,0.5732368502015339
198,2020-10-14,3.0625,329.311951,0.5752263305197356
199,2020-10-15,3.4575,328.904938,0.5643959844871179
200,2020-10-16,3.3275,328.706238,0.5554271254357889
201,2020-10-19,3.4775,323.70871,0.5540940033929843
202,2020-10-20,3.465,325.005402,0.5650367811079621
203,2020-10-21,3.525,324.390198,0.5853861041822478
204,2020-10-22,3.7275,326.169495,0.6156509385569389
205,2020-10-23,3.75,327.276947,0.6526608723811024
206,2020-10-26,3.3625,321.228912,0.6685688755122577
207,2020-10-27,3.1725,320.12149,0.6671780045391277
208,2020-10-28,2.955,309.180084,0.6719833882605639
209,2020-10-29,2.9325,312.322449,0.6921567697432476
210,2020-10-30,2.6175,309.066528,0.7138399567252952
211,2020-11-02,2.6875,312.53067,0.730368419105948
212,2020-11-03,2.8925,318.048676,0.7593661650532708
213,2020-11-04,2.7275,325.156891,0.794814783508968
214,2020-11-05,2.8625,331.498322,0.801374137222989
215,2020-11-06,2.965,331.422607,0.8033840862085394
216,2020-11-09,2.8725,335.587097,0.7981822601487315
217,2020-11-10,2.775,335.094971,0.7721245114545946
218,2020-11-11,2.9375,337.584259,0.7716134772792734
219,2020-11-12,2.7825,334.309357,0.7731487162906385
220,2020-11-13,2.7525,338.937744,0.7357899096168199
221,2020-11-16,3.015,343.168549,0.6654153494668517
222,2020-11-17,2.9075,341.322845,0.6501194994206074
223,2020-11-18,2.8925,337.215118,0.6527539732251434
224,2020-11-19,3.115,338.634796,0.6899588341461039
225,2020-11-20,3.1775,336.315918,0.72335731265141
226,2020-11-23,3.475,338.332031,0.7117649436650187
227,2020-11-24,3.4175,343.783722,0.7246891058808417
228,2020-11-25,3.6875,343.253754,0.622963547658603
229,2020-11-27,4.02,344.209686,0.3165614857278962
230,2020-11-30,4.14,342.685822,0.3345403758363487
231,2020-12-01,3.95,346.433838,0.22841660415593487
232,2020-12-02,4.145,347.16272,0.23464847010716638
233,2020-12-03,4.03,347.068115,0.23600498726547753
234,2020-12-04,4.225,350.05896,0.2363694483286511
235,2020-12-07,4.0875,349.339569,0.21760545373102405
236,2020-12-08,4.235,350.361908,0.2025845160885122
237,2020-12-09,3.415,347.219513,0.1836589782586431
238,2020-12-10,3.53,347.105957,0.15500359407359268
239,2020-12-11,3.3275,346.698883,0.12747202525592694
240,2020-12-14,3.18,345.146698,0.09776643887451333
241,2020-12-15,3.4625,349.812744,0.06314718513598055
242,2020-12-16,3.4625,350.361908,0.03481690400447362
243,2020-12-17,3.7075,352.321106,0.00486457299882078
244,2020-12-18,3.9075,350.914307,-0.022611382772787007
245,2020-12-21,3.8825,349.659576,-0.05333605731437279
246,2020-12-22,4.865,349.070221,-0.08545308057130868
247,2020-12-23,5.1425,349.383942,-0.1209230561971611
248,2020-12-24,5.0375,350.743225,-0.13937056162903638
249,2020-12-28,5.2475,353.756409,-0.17195738400612198
250,2020-12-29,4.845,353.081451,-0.20180629380681397
251,2020-12-30,4.815,353.585236,-0.21647085454327114
252,2020-12-31,4.71,355.381744,-0.24437324038032654
253,2021-01-04,4.3125,350.543579,-0.2814226466782351
254,2021-01-05,4.3425,352.957947,-0.36318908845572945
255,2021-01-06,4.59,355.068115,-0.4266956748602387
256,2021-01-07,4.52,360.343506,-0.4874310838710012
257,2021-01-08,4.4225,362.396637,-0.4616130921423947
258,2021-01-11,4.985,359.953796,-0.401618380905021
259,2021-01-12,4.9875,360.029755,-0.3328949226995484
260,2021-01-13,7.85,360.999329,-0.27363261858077
261,2021-01-14,9.9775,359.735138,-0.22792758237204422
262,2021-01-15,8.875,357.111664,-0.20628642157585977
263,2021-01-19,9.84,359.915771,-0.20150514076393114
264,2021-01-20,9.78,364.896545,-0.21812172770172805
265,2021-01-21,10.7575,365.229218,-0.21733227676740452
266,2021-01-22,16.252501,363.936432,-0.20805109576345954
267,2021-01-25,19.1975,365.371765,-0.21605542245663778
268,2021-01-26,36.994999,364.801453,-0.22741565257730464
269,2021-01-27,86.877502,355.885559,-0.21850636549585065
270,2021-01-28,48.400002,358.946259,-0.08164495313051508
271,2021-01-29,81.25,351.760284,-0.032146874606076285
272,2021-02-01,56.25,357.615479,0.20606402896240347
273,2021-02-02,22.5,362.672241,0.3266876186393005
274,2021-02-03,23.102501,362.957428,0.3348553516983091
275,2021-02-04,13.375,367.082611,0.3341615116092561
276,2021-02-05,15.9425,368.527496,0.3293088570200638
277,2021-02-08,15.0,371.188995,0.3242872810680608
278,2021-02-09,12.5775,370.941833,0.3203606197162739
279,2021-02-10,12.8,370.780243,0.3011797901690175
280,2021-02-11,12.775,371.379059,0.2679092379797794
281,2021-02-12,13.1,373.213623,0.23634899751506866
282,2021-02-16,12.3775,372.890381,0.2348772057116402
283,2021-02-17,11.485,372.975983,0.21765985259149528
284,2021-02-18,10.1725,371.388519,0.19644648741185788
285,2021-02-19,10.1475,370.732727,0.1754355315532764
286,2021-02-22,11.5,367.881165,0.14392059249193073
287,2021-02-23,11.2425,368.32785,0.08638381837182228
288,2021-02-24,22.9275,372.386597,0.014658274784845932
289,2021-02-25,27.182501,363.413666,-0.03419869345062766
290,2021-02-26,25.434999,361.541138,-0.09844544311450694
291,2021-03-01,30.1,370.304962,-0.18223858915184696
292,2021-03-02,29.545,367.415405,-0.22135987432135962
293,2021-03-03,31.045,362.548737,-0.2837097606905394
294,2021-03-04,33.087502,358.062225,-0.37597570550554393
295,2021-03-05,34.435001,364.649414,-0.5032132066644226
296,2021-03-08,48.625,362.833862,-0.6043020877035552
297,2021-03-09,61.724998,368.014221,-0.6250000030543112
298,2021-03-10,66.25,370.304962,-0.5970923990680528
299,2021-03-11,65.0,374.05954,-0.5665652598241925
300,2021-03-12,66.125,374.563324,-0.560347517992423
301,2021-03-15,55.035,376.797058,-0.5582270084134401
302,2021-03-16,52.0425,376.321808,-0.5201009885791894
303,2021-03-17,52.452499,377.605011,-0.49425844002390923
304,2021-03-18,50.4375,372.111023,-0.4713198941638797
305,2021-03-19,50.067501,371.422455,-0.40543581446924526
306,2021-03-22,48.622501,374.388245,-0.3355062751821291
307,2021-03-23,45.4375,371.441559,-0.2812514364495298
308,2021-03-24,30.084999,369.553314,-0.24034251625561417
309,2021-03-25,45.9375,371.632294,-0.531058167510037
310,2021-03-26,45.25,377.621094,-0.476206553813894
311,2021-03-29,45.325001,377.430328,-0.35194679310851995
312,2021-03-30,48.615002,376.428986,-0.16559364094984977
313,2021-03-31,47.455002,377.954895,0.0308689503954432
314,2021-04-01,47.862499,382.036407,0.17053918640783475
315,2021-04-05,46.737499,387.519836,0.31300205857095925
316,2021-04-06,46.125,387.291016,0.4042387500265067
317,2021-04-07,44.4925,387.739136,0.46365163147894733
318,2021-04-08,42.564999,389.579681,0.5438308546644551
319,2021-04-09,39.59,392.411926,0.5995486569442259
320,2021-04-12,35.272499,392.555084,0.6275105291354145
321,2021-04-13,35.247501,393.718384,0.6356944895387288
322,2021-04-14,41.6325,392.37384,0.6262076421218397
323,2021-04-15,39.110001,396.588928,0.6339683335544654
324,2021-04-16,38.672501,397.914459,0.6351280369316331
325,2021-04-19,41.092499,395.959534,0.639191403723382
326,2021-04-20,39.6325,393.060455,0.6390000034674309
327,2021-04-21,39.627499,396.779663,0.633836777376314
328,2021-04-22,37.7925,393.155823,0.6252372940982932
329,2021-04-23,37.794998,397.418549,0.6034655140863364
330,2021-04-26,42.232498,398.248199,0.6005613192768666
331,2021-04-27,44.442501,398.162445,0.5992889046351303
332,2021-04-28,44.645,398.047974,0.5829060584155449
333,2021-04-29,44.047501,400.584625,0.5580356591288477
334,2021-04-30,43.397499,397.952606,0.544596434894985
335,2021-05-03,40.549999,398.810913,0.5210148822633761
336,2021-05-04,40.182499,396.350494,0.5050727462502731
337,2021-05-05,39.869999,396.474487,0.4589808352610345
338,2021-05-06,40.252499,399.640594,0.39920621490567654
339,2021-05-07,40.2775,402.549133,0.3585726383523369
340,2021-05-10,35.805,398.562958,0.3169162579561647
341,2021-05-11,36.73,395.005798,0.2727734179933174
342,2021-05-12,36.197498,386.613892,0.18800064284792267
343,2021-05-13,41.125,391.258118,0.032599990165056776
344,2021-05-14,39.98,397.265991,-0.08747966514844736
345,2021-05-17,45.150002,396.255127,-0.19508018939257515
346,2021-05-18,45.1675,392.841125,-0.27873420609125427
347,2021-05-19,42.2075,391.811188,-0.36632451635515945
348,2021-05-20,42.622501,396.026306,-0.4662120205331099
349,2021-05-21,44.197498,395.702026,-0.555456436634167
350,2021-05-24,45.002499,399.735901,-0.6510852359012392
351,2021-05-25,52.357498,398.84906,-0.7172493496131154
352,2021-05-26,60.639999,399.640594,-0.7474297284675007
353,2021-05-27,63.532501,399.850372,-0.7431104939793699
354,2021-05-28,55.5,400.565582,-0.7407330319543686
355,2021-06-01,62.255001,400.212769,-0.7586954570596212
356,2021-06-02,70.559998,400.842102,-0.7622800514998503
357,2021-06-03,64.544998,399.354492,-0.762240364556351
358,2021-06-04,62.09,403.006836,-0.7563189414953033
359,2021-06-07,70.002502,402.615906,-0.7611829399988825
360,2021-06-08,75.0,402.701721,-0.7646387684256454
361,2021-06-09,75.639999,402.100983,-0.7901545796278683
362,2021-06-10,55.0975,403.970032,-0.8409738967502522
363,2021-06-11,58.334999,404.637634,-0.841182004899117
364,2021-06-14,57.360001,405.543579,-0.8422820678792184
365,2021-06-15,55.625,404.799683,-0.8440315801265126
366,2021-06-16,55.7425,402.539581,-0.8390773591460071
367,2021-06-17,55.897499,402.406067,-0.8288338909157457
368,2021-06-18,53.455002,396.977478,-0.8131610568091222
369,2021-06-21,50.092499,402.660553,-0.8135144032207365
370,2021-06-22,55.099998,404.813324,-0.8194780396921925
371,2021-06-23,54.834999,404.325348,-0.8000942126424015
372,2021-06-24,53.077499,406.717255,-0.7807407503218542
373,2021-06-25,52.377499,408.161926,-0.7522206391820131
374,2021-06-28,53.3125,408.984802,-0.5911198151901815
375,2021-06-29,52.720001,409.204834,-0.4560824530732879
376,2021-06-30,53.535,409.549225,-0.3260413218149184
377,2021-07-01,51.09,411.816742,-0.14818791766796321
378,2021-07-02,50.7075,414.964508,0.020906501053714922
379,2021-07-06,49.889999,414.208618,0.16454519928693087
380,2021-07-07,47.665001,415.672455,0.2808448332619609
381,2021-07-08,47.845001,412.285583,0.3678610683690626
382,2021-07-09,47.807499,416.686646,0.44740338964444476
383,2021-07-12,47.3125,418.179199,0.49365779722503017
384,2021-07-13,45.014999,416.753632,0.5281457976707621
385,2021-07-14,41.904999,417.375488,0.5508792153345313
386,2021-07-15,41.705002,415.949982,0.5497141830303688
387,2021-07-16,42.259998,412.687378,0.5496648310842608
388,2021-07-19,43.372501,406.592926,0.5504417825022333
389,2021-07-20,47.794998,412.419556,0.6106438822604423
390,2021-07-21,46.452499,415.758606,0.6980351177197701
391,2021-07-22,44.712502,416.629242,0.7258169162468506
392,2021-07-23,45.09,420.915558,0.6948937319810661
393,2021-07-26,45.985001,421.948792,0.6490297230098228
394,2021-07-27,44.634998,420.025757,0.6347449382416788
395,2021-07-28,42.279999,419.853485,0.639463933921586
396,2021-07-29,41.215,421.594818,0.6364274670489473
397,2021-07-30,40.279999,419.547394,0.6276290603725232
398,2021-08-02,39.412498,418.667145,0.5948072196588408
399,2021-08-03,38.1875,422.073242,0.5684315475287193
400,2021-08-04,36.700001,419.997009,0.5368665252377218
401,2021-08-05,38.360001,422.656891,0.5165641139283842
402,2021-08-06,37.942501,423.355255,0.516430838770566
403,2021-08-09,40.282501,423.010803,0.5328839533949331
404,2021-08-10,39.762501,423.537018,0.5452613505494208
405,2021-08-11,39.695,424.589508,0.5581800588228836
406,2021-08-12,40.587502,425.861908,0.5803318110551361
407,2021-08-13,40.630001,426.636902,0.6053461635656742
408,2021-08-16,40.982498,427.64151,0.6407217809655755
409,2021-08-17,40.887501,424.838226,0.6765163016739506
410,2021-08-18,39.262501,420.188385,0.699194466181294
411,2021-08-19,38.224998,420.838959,0.696435913109985
412,2021-08-20,39.825001,424.187622,0.706610244879039
413,2021-08-23,41.2225,427.918976,0.7232198321780777
414,2021-08-24,52.572498,428.598297,0.7433080076126393
415,2021-08-25,49.912498,429.497589,0.6896397663772498
416,2021-08-26,51.305,426.962189,0.5943286832395354
417,2021-08-27,51.237499,430.779694,0.5173101321026732
418,2021-08-30,52.299999,432.674072,0.45132226147608173
419,2021-08-31,54.560001,432.03302,0.37714212105121847
420,2021-09-01,53.2425,432.262665,0.32222972154339197
421,2021-09-02,53.380001,433.592499,0.2719205274064672
422,2021-09-03,50.6875,433.487244,0.279696120409823
423,2021-09-07,49.75,431.937347,0.3248109530753118
424,2021-09-08,49.700001,431.411163,0.40852092932570333
425,2021-09-09,49.794998,429.564606,0.4800743349992395
426,2021-09-10,47.602501,426.177734,0.5341010613298509
427,2021-09-13,50.849998,427.268372,0.5861536991045938
428,2021-09-14,49.810001,424.962585,0.6185998065415761
429,2021-09-15,51.130001,428.512177,0.637709904289252
430,2021-09-16,51.592499,427.832916,0.6630377254542615
431,2021-09-17,51.2425,423.665283,0.6916982652148045
432,2021-09-20,48.049999,416.601074,0.7377423359834877
433,2021-09-21,47.487499,416.20752,0.7700212874112163
434,2021-09-22,47.535,420.267548,0.7977941177528237
435,2021-09-23,47.810001,425.373779,0.8178682526849677
436,2021-09-24,46.290001,426.074493,0.8233428693322485
437,2021-09-27,47.369999,424.85556,0.7971639830637169
438,2021-09-28,44.650002,416.293915,0.8062808441744453
439,2021-09-29,43.98,416.994598,0.8109602868605869
440,2021-09-30,43.8675,411.897919,0.807956897274171
441,2021-10-01,44.227501,416.792999,0.808369485092607
442,2021-10-04,42.84,411.41803,0.80588528753028
443,2021-10-05,43.044998,415.698822,0.801684407987921
444,2021-10-06,42.767502,417.426483,0.7878234022220814
445,2021-10-07,43.029999,421.0354,0.7716571832918637
446,2021-10-08,43.169998,420.267548,0.7337411142024479
447,2021-10-11,44.525002,417.224915,0.6811003706651855
448,2021-10-12,43.955002,416.197968,0.6281851981301557
449,2021-10-13,46.014999,417.695221,0.5503574330047112
450,2021-10-14,45.9575,424.7211,0.48687604305136617
451,2021-10-15,45.82,427.955688,0.40310364183691855
452,2021-10-18,46.505001,429.222656,0.3753839606721595
453,2021-10-19,46.697498,432.534088,0.30560850866449635
454,2021-10-20,46.130001,434.232971,0.2704963267011369
455,2021-10-21,45.427502,435.36554,0.27508066567313455
456,2021-10-22,42.450001,434.914459,0.29877335980320113
457,2021-10-25,43.4925,437.246796,0.26814780354122864
458,2021-10-26,44.459999,437.64032,0.21485281200711545
459,2021-10-27,43.377499,435.701508,0.1487131788179069
460,2021-10-28,45.712502,439.905548,0.029469667381950917
461,2021-10-29,45.877499,440.798187,-0.054558572864997136
462,2021-11-01,50.022499,441.556458,-0.11205701008631437
463,2021-11-02,51.747501,443.341675,-0.1406538172896589
464,2021-11-03,54.5825,446.04837,-0.16728261042806913
465,2021-11-04,54.459999,448.150391,-0.1966417546843978
466,2021-11-05,53.3125,449.705292,-0.2344763430548413
467,2021-11-08,54.66,450.089264,-0.24987359063883222
468,2021-11-09,51.650002,448.601532,-0.26764040368677827
469,2021-11-10,49.797501,444.992584,-0.2680216859271819
470,2021-11-11,51.080002,445.136566,-0.2515208012803788
471,2021-11-12,50.525002,448.495911,-0.2525393113017025
472,2021-11-15,52.285,448.649445,-0.26992229641271903
473,2021-11-16,51.794998,450.42514,-0.2582726726143601
474,2021-11-17,52.5,449.330994,-0.2554497161756015
475,2021-11-18,52.529999,450.857086,-0.19422262009648908
476,2021-11-19,57.200001,450.050903,-0.11950744728078519
477,2021-11-22,61.887501,448.783844,-0.027518603271736115
478,2021-11-23,53.474998,449.379028,0.08613077969472402
479,2021-11-24,52.945,450.578735,0.1799592670926607
480,2021-11-26,49.93,440.529419,0.26461079044640146
481,2021-11-29,50.502499,445.933228,0.3728926210688031
482,2021-11-30,49.052502,437.25647,0.4632362813457006
483,2021-12-01,44.959999,432.399719,0.5581789017561037
484,2021-12-02,45.389999,439.022461,0.6338937747170307
485,2021-12-03,43.0975,435.202454,0.6862739714675108
486,2021-12-06,41.779999,440.356659,0.7309501448159973
487,2021-12-07,44.452499,449.465332,0.7699594394544981
488,2021-12-08,43.412498,450.655518,0.7927339568093092
489,2021-12-09,38.939999,447.612885,0.8107180248325209
490,2021-12-10,39.752499,451.826508,0.8177898075766928
491,2021-12-13,34.220001,447.824066,0.8185197891195869
492,2021-12-14,36.922501,444.743011,0.8156149178043997
493,2021-12-15,37.147499,451.6922,0.8057422110573944
494,2021-12-16,36.147499,447.708893,0.7961082792613403
495,2021-12-17,38.91,442.94397,0.7878486226158218
496,2021-12-20,39.285,438.233917,0.7940626842962991
497,2021-12-21,39.529999,446.016541,0.8088432669694131
498,2021-12-22,38.5,450.476135,0.8034889464070621
499,2021-12-23,38.035,453.279053,0.7844193811702191
500,2021-12-27,37.077499,459.693939,0.7548294045525974
501,2021-12-28,36.615002,459.318237,0.7074991922623823
502,2021-12-29,38.482498,459.905853,0.6837243374069462
503,2021-12-30,38.8325,458.634399,0.6409764127005337
504,2021-12-31,37.0975,457.478546,0.5900606397236563
505,2022-01-03,38.209999,460.12735,0.5400160030177585
506,2022-01-04,37.227501,459.973236,0.46535568781243014
507,2022-01-05,32.342499,451.140808,0.3818478206013238
508,2022-01-06,32.7575,450.716949,0.39249555188490876
509,2022-01-07,35.154999,448.935059,0.38273438628795664
510,2022-01-10,32.787498,448.376373,0.3353389613059424
511,2022-01-11,32.575001,452.460358,0.31167717822889607
512,2022-01-12,32.014999,453.683594,0.3012381472920189
513,2022-01-13,30.620001,447.432434,0.32984223371081656
514,2022-01-14,29.1625,447.615509,0.33241784072329883
515,2022-01-18,27.227501,439.688354,0.31778433189766164
516,2022-01-19,26.6425,435.122833,0.30502529591973
517,2022-01-20,25.6675,430.306824,0.28113536336093314
518,2022-01-21,26.59,421.859619,0.26709747939404904
519,2022-01-24,25.0375,423.651184,0.29216788631407
520,2022-01-25,24.9475,418.478821,0.3137152867391554
521,2022-01-26,25.815001,417.429016,0.35249518362420046
522,2022-01-27,23.379999,415.367676,0.39783334974665946
523,2022-01-28,24.477501,425.683563,0.44767702417306493
524,2022-01-31,27.2325,433.350586,0.5238601627899212
525,2022-02-01,28.15,436.278687,0.5727203721292913
526,2022-02-02,25.01,440.516724,0.6002998923074824
527,2022-02-03,24.807501,430.162384,0.6608359573101186
528,2022-02-04,25.584999,432.185059,0.6987308902322337
529,2022-02-07,25.584999,430.798065,0.7267418452057133
530,2022-02-08,28.9,434.342621,0.7463079527636376
531,2022-02-09,31.0725,440.699738,0.7644326347348204
532,2022-02-10,30.6175,432.782288,0.7863971383465659
533,2022-02-11,31.0625,424.248352,0.7903023543117145
534,2022-02-14,29.272499,422.861389,0.7858199552649634
535,2022-02-15,31.540001,429.680786,0.785923229708605
536,2022-02-16,32.0825,430.162384,0.7812371157552485
537,2022-02-17,30.852501,420.973541,0.7815542698565372
538,2022-02-18,30.3825,418.247681,0.7827687178437577
539,2022-02-22,29.514999,413.759216,0.7837493304569854
540,2022-02-23,28.717501,406.419678,0.7814195916371579
541,2022-02-24,31.145,412.53595,0.7670480118337692
542,2022-02-25,29.645,421.638092,0.7601355145492659
543,2022-02-28,30.834999,420.559326,0.7339336597400916
544,2022-03-01,29.754999,414.154114,0.7111803065523857
545,2022-03-02,30.4925,421.77298,0.7054853681150702
546,2022-03-03,29.602501,419.673157,0.6841331425223869
547,2022-03-04,27.915001,416.263519,0.6769704766411268
548,2022-03-07,24.8375,403.992401,0.6709138031456805
549,2022-03-08,25.752501,400.929443,0.6579681855770045
550,2022-03-09,26.3025,411.678711,0.6419300169878887
551,2022-03-10,25.139999,409.819763,0.6369904452108308
552,2022-03-11,23.172501,404.608826,0.6454209726447799
553,2022-03-14,19.5275,401.651825,0.6564403130826426
554,2022-03-15,20.66,410.484314,0.6796936938285254
555,2022-03-16,21.715,419.586517,0.7114629858695415
556,2022-03-17,21.924999,424.835968,0.7536168581327936
557,2022-03-18,22.6975,429.489044,0.8130025922260504
558,2022-03-21,23.549999,429.363464,0.8761915516694616
559,2022-03-22,30.785,434.387604,0.9380113514828399
560,2022-03-23,35.25,428.793396,0.9590473226136136
561,2022-03-24,35.5975,435.257172,0.9617828477087641
562,2022-03-25,37.987499,437.382813,0.9682083968653009
563,2022-03-28,47.397499,440.493927,0.971239273158018
564,2022-03-29,44.974998,445.943176,0.9717705517121717
565,2022-03-30,41.712502,443.189575,0.9619454643232076
566,2022-03-31,41.645,436.368317,0.953194617097914
567,2022-04-01,41.25,437.605072,0.949522887071003
568,2022-04-04,42.682499,441.353821,0.9446955835554597
569,2022-04-05,38.397499,435.778931,0.9359607214964505
570,2022-04-06,39.16,431.421417,0.924469126150372
571,2022-04-07,37.5,433.595337,0.9160112832201607
572,2022-04-08,36.547501,432.435944,0.8979416036702484
573,2022-04-11,36.732498,425.044617,0.8860274787961455
574,2022-04-12,36.217499,423.469788,0.8666736332725373
575,2022-04-13,37.674999,428.319946,0.8242188749240816
576,2022-04-14,37.692501,422.986633,0.767712336492437
577,2022-04-18,35.365002,423.160522,0.6885110659688747
578,2022-04-19,38.1175,429.991486,0.6243979721125353
579,2022-04-20,37.212502,429.672638,0.519060887141231
580,2022-04-21,35.389999,423.247528,0.38233699790298425
581,2022-04-22,34.555,411.633942,0.2718913095353484
582,2022-04-25,33.987499,414.020447,0.18461823995948493
583,2022-04-26,31.9,402.03006,0.10058862372613898
584,2022-04-27,32.459999,403.160461,0.07648704150581244
585,2022-04-28,32.327499,413.344147,0.0511548654751157
586,2022-04-29,31.2675,398.068695,0.01603363909888534
587,2022-05-02,29.8925,400.464813,0.001381159693899238
588,2022-05-03,30.1075,402.300568,-0.006254946588299199
589,2022-05-04,31.77,414.551819,-0.01540073718992496
590,2022-05-05,29.782499,399.817474,-0.04665493249571342
591,2022-05-06,28.674999,397.430969,-0.047906503058251095
592,2022-05-09,24.6975,384.706299,-0.04543567653065942
593,2022-05-10,23.375,385.595184,-0.037559945666037535
594,2022-05-11,20.3325,379.469635,-0.027698123343695476
595,2022-05-12,22.3925,379.073456,-0.045066326882426205
596,2022-05-13,24.5975,388.136292,-0.07033256694784276
597,2022-05-16,22.950001,386.561401,-0.06023620143320864
598,2022-05-17,25.094999,394.513123,-0.03707061555087973
599,2022-05-18,22.870001,378.60965,-0.0008392297738420491
600,2022-05-19,24.797501,376.290833,0.016298048344709087
601,2022-05-20,23.915001,376.455109,0.034504071458422075
602,2022-05-23,24.032499,383.498627,0.0605724642035283
603,2022-05-24,22.2875,380.571075,0.10678466003852974
604,2022-05-25,28.7925,383.93338,0.15450702902417307
605,2022-05-26,32.115002,391.604919,0.18154169601456163
606,2022-05-27,34.302502,401.218414,0.20003422377244684
607,2022-05-31,31.184999,398.967224,0.19328229004938058
608,2022-06-01,30.35,395.740173,0.2434319336607544
609,2022-06-02,33.5,403.276459,0.31385799533381803
610,2022-06-03,33.424999,396.658081,0.35351670377345307
611,2022-06-06,32.025002,397.865784,0.4188030959045453
612,2022-06-07,36.625,401.68222,0.5071611157583077
613,2022-06-08,34.682499,397.315094,0.5360213967899463
614,2022-06-09,32.244999,387.865753,0.5886056931531755
615,2022-06-10,32.272499,376.619324,0.6362091593193404
616,2022-06-13,29.5625,362.319824,0.6706947130916381
617,2022-06-14,31.5425,361.228058,0.6778268639731697
618,2022-06-15,32.322498,366.377838,0.6963887037834603
619,2022-06-16,31.432501,354.252167,0.7060620286894659
620,2022-06-17,33.785,355.015839,0.7240967217730186
621,2022-06-21,35.07,363.952881,0.7481870510469243
622,2022-06-22,34.615002,363.292999,0.7537770730422909
623,2022-06-23,35.505001,366.854187,0.7521965798510776
624,2022-06-24,33.802502,378.517914,0.7517915062949783
625,2022-06-27,32.422501,377.072083,0.7316431490861395
626,2022-06-28,31.094999,369.367401,0.6992073577626635
627,2022-06-29,30.715,369.06662,0.6412612179797588
628,2022-06-30,30.575001,366.068207,0.6046873471737586
629,2022-07-01,30.855,369.939972,0.5722654582943232
630,2022-07-05,30.057501,370.638641,0.5456989186520738
631,2022-07-06,29.3575,371.890411,0.5206466580028268
632,2022-07-07,33.779999,377.460236,0.4892477677035287
633,2022-07-08,32.134998,377.14978,0.49737579815177174
634,2022-07-11,32.522499,372.84137,0.5014586572759365
635,2022-07-12,34.279999,369.542114,0.4846376094815687
636,2022-07-13,35.32,367.601379,0.4891208215814961
637,2022-07-14,34.049999,366.708649,0.5077177115598833
638,2022-07-15,35.41,373.714661,0.514279766366984
639,2022-07-18,36.66,370.628937,0.5603115286532513
640,2022-07-19,37.924999,380.643005,0.6317446314397905
641,2022-07-20,39.6875,383.068909,0.6855381664483309
642,2022-07-21,38.3675,386.969757,0.744085228740317
643,2022-07-22,35.779999,383.379486,0.7774771653102241
644,2022-07-25,33.98,383.845276,0.8059146426966866
645,2022-07-26,32.43,379.303955,0.8197088184904647
646,2022-07-27,33.779999,389.153107,0.8393975915475593
647,2022-07-28,33.84,394.033997,0.8432655309531111
648,2022-07-29,34.009998,399.778503,0.8452073119547242
649,2022-08-01,34.779999,398.594666,0.838994392042838
650,2022-08-02,35.84,395.964996,0.8356605226139884
651,2022-08-03,37.93,402.165588,0.8359887166913245
652,2022-08-04,38.360001,401.89389,0.8324166605909797
653,2022-08-05,40.02,401.214661,0.834339402457492
654,2022-08-08,43.450001,400.748901,0.8371763895987155
655,2022-08-09,40.369999,399.157501,0.8564880477790039
656,2022-08-10,40.529999,407.541412,0.8680121904554046
657,2022-08-11,39.450001,407.541412,0.8683185405853954
658,2022-08-12,40.740002,414.440643,0.8666334397727011
659,2022-08-15,39.68,416.148529,0.8582776607150935
660,2022-08-16,42.189999,416.963593,0.8444094638460138
661,2022-08-17,40.52,414.004028,0.8404195633075907
662,2022-08-18,37.93,415.207275,0.8411226302807367
663,2022-08-19,36.490002,409.627716,0.8252663132704503
664,2022-08-22,34.5,401.098206,0.8104011593721857
665,2022-08-23,33.529999,400.127838,0.8054131784783176
666,2022-08-24,32.5,401.408722,0.7984035885474368
667,2022-08-25,31.959999,407.075623,0.7770646937719575
668,2022-08-26,30.940001,393.296509,0.728425260007356
669,2022-08-29,31.549999,390.695953,0.7044267463010178
670,2022-08-30,29.84,386.406982,0.6775573399357713
671,2022-08-31,28.639999,383.466766,0.6576424402615839
672,2022-09-01,27.629999,384.670013,0.6508253865900782
673,2022-09-02,27.360001,380.613892,0.6455506878609278
674,2022-09-06,25.139999,379.177795,0.6412978781551111
675,2022-09-07,24.040001,385.989777,0.6704609437306739
676,2022-09-08,25.83,388.512634,0.7714684062129231
677,2022-09-09,28.92,394.548279,0.8234035310606581
678,2022-09-12,29.24,398.788757,0.799910067992623
679,2022-09-13,27.85,381.448456,0.7458483909964919
680,2022-09-14,28.129999,382.903992,0.6871172493605475
681,2022-09-15,28.610001,378.556732,0.5769514842057362
682,2022-09-16,28.639999,375.668823,0.5121878337043306
683,2022-09-19,28.959999,378.582092,0.47012170196360525
684,2022-09-20,27.540001,374.236481,0.4727116163267062
685,2022-09-21,26.860001,367.708374,0.48141041297524034
686,2022-09-22,24.700001,364.61972,0.5135870564250185
687,2022-09-23,25.040001,358.510559,0.5446832274028072
688,2022-09-26,24.48,354.963898,0.49680075215031577
689,2022-09-27,26.129999,354.057831,0.4728951640264893
690,2022-09-28,27.309999,361.024353,0.4854323370079937
691,2022-09-29,25.459999,353.482941,0.4973960407704799
692,2022-09-30,25.129999,348.016846,0.4641484805478967
693,2022-10-03,25.379999,357.204895,0.4343298554082178
694,2022-10-04,27.6,368.273468,0.41502630751372643
695,2022-10-05,26.389999,367.416138,0.4390242016364453
696,2022-10-06,25.99,363.625885,0.47125142778630486
697,2022-10-07,25.35,353.482941,0.45465504526550365
698,2022-10-10,25.0,350.783997,0.384749255621279
699,2022-10-11,25.27,348.5625,0.2920177867274334
700,2022-10-12,25.360001,347.412781,0.2633610017089602
701,2022-10-13,25.559999,356.58136,0.21352667120885216
702,2022-10-14,24.629999,348.455292,0.15500797352424195
703,2022-10-17,25.959999,357.409515,0.02965761338630879
704,2022-10-18,26.67,361.608978,-0.01597249863119985
705,2022-10-19,24.540001,359.046448,0.012309779139989157
706,2022-10-20,24.41,356.035736,0.01968324526927705
707,2022-10-21,25.299999,364.687897,0.04933983313755314
708,2022-10-24,24.709999,369.150421,0.09741934972020055
709,2022-10-25,26.870001,375.045227,0.10701766928937534
710,2022-10-26,25.42,372.219635,0.16101140887600254
711,2022-10-27,25.93,370.231903,0.19303613234991354
712,2022-10-28,28.17,379.040009,0.24663912284947176
713,2022-10-31,28.309999,376.302094,0.31281376046890663
714,2022-11-01,28.389999,374.655457,0.3536923329766343
715,2022-11-02,26.620001,365.253021,0.4070191236450872
716,2022-11-03,26.290001,361.492065,0.48854847736189666
717,2022-11-04,26.51,366.695068,0.5821918749667265
718,2022-11-07,25.76,370.202728,0.6753787901694663
719,2022-11-08,25.139999,372.200104,0.7083984297239743
720,2022-11-09,23.110001,364.532013,0.7317315999603298
721,2022-11-10,24.879999,384.564575,0.7753669560863901
722,2022-11-11,26.1,388.28653,0.7529125272085179
723,2022-11-14,26.049999,384.983521,0.7340570094591375
724,2022-11-15,27.59,388.26709,0.7176039376378014
725,2022-11-16,27.139999,385.305084,0.709132038373641
726,2022-11-17,27.76,384.126099,0.7171503269258884
727,2022-11-18,27.6,385.870178,0.738118569776962
728,2022-11-21,25.16,384.467163,0.738106567597114
729,2022-11-22,26.299999,389.640869,0.7356898564876388
730,2022-11-23,26.700001,392.096313,0.7227147185522546
731,2022-11-25,26.17,392.008606,0.6928102465681238
732,2022-11-28,25.290001,385.753296,0.6448116705997082
733,2022-11-29,25.6,385.090759,0.65600976541948
734,2022-11-30,26.209999,397.221313,0.669283023959244
735,2022-12-01,26.6,396.929016,0.6369651428020753
736,2022-12-02,27.52,396.47113,0.5980043889070279
737,2022-12-05,25.559999,389.338867,0.5817602231418587
738,2022-12-06,23.389999,383.726624,0.6062899976620777
739,2022-12-07,22.26,383.073853,0.65466392951067
740,2022-12-08,24.790001,386.074799,0.654964870599964
741,2022-12-09,22.629999,383.190735,0.6935302473366433
742,2022-12-12,22.67,388.71524,0.6989405807312097
743,2022-12-13,21.0,391.657806,0.6831855389653838
744,2022-12-14,21.049999,389.153748,0.6550287204053504
745,2022-12-15,20.58,379.634399,0.6364767396413729
746,2022-12-16,20.799999,375.152344,0.6572655693448405
747,2022-12-19,19.92,371.971161,0.6865073172264818
748,2022-12-20,20.26,372.480164,0.7072891576376202
749,2022-12-21,20.559999,378.049713,0.7290274438966359
750,2022-12-22,19.809999,372.656372,0.745001038585472
751,2022-12-23,20.08,374.800018,0.7615567944238967
752,2022-12-27,18.200001,373.321991,0.7811597213700727
753,2022-12-28,17.92,368.682404,0.7747880376204205
754,2022-12-29,18.33,375.318787,0.7705868908969628
755,2022-12-30,18.459999,374.330139,0.7661261797424266
756,2023-01-03,17.200001,372.754303,0.7608020854985614
757,2023-01-04,17.32,375.631989,0.7274478142059722
758,2023-01-05,16.219999,371.344818,0.6906147035844935
759,2023-01-06,16.459999,379.860474,0.6380447913666506
760,2023-01-09,16.379999,379.645142,0.5987736468089428
761,2023-01-10,17.77,382.307526,0.5763906054505001
762,2023-01-11,19.040001,387.142914,0.594101102731987
763,2023-01-12,20.629999,388.552429,0.6336076675816759
764,2023-01-13,20.49,390.059814,0.660124131278722
765,2023-01-17,21.799999,389.345276,0.6881524875043049
766,2023-01-18,20.790001,383.198242,0.7093707638510731
767,2023-01-19,19.040001,380.40863,0.7523299537122602
768,2023-01-20,19.610001,387.49527,0.7658532666864883
769,2023-01-23,21.66,392.144684,0.7643463800404023
770,2023-01-24,21.4,391.723846,0.6794902192795478
771,2023-01-25,20.23,391.870605,0.6392306755815353
772,2023-01-26,20.01,396.177429,0.5858428993807714
773,2023-01-27,22.82,397.087708,0.5576714401418119
774,2023-01-30,21.25,392.10556,0.5209893263859471
775,2023-01-31,21.870001,397.870819,0.5217379844176322
776,2023-02-01,21.83,402.099304,0.5198186511714944
777,2023-02-02,22.700001,407.952667,0.5280982815671312
778,2023-02-03,22.25,403.616425,0.5286222424444118
779,2023-02-06,23.860001,401.149811,0.527627170035555
780,2023-02-07,21.219999,406.396301,0.518410382491433
781,2023-02-08,21.1,401.952484,0.5329667658169689
782,2023-02-09,19.67,398.467865,0.545005683671071
783,2023-02-10,19.27,399.397736,0.568231048607101
784,2023-02-13,19.690001,404.086243,0.592425101699333
785,2023-02-14,19.870001,403.90033,0.6286090542954836
786,2023-02-15,21.799999,405.211945,0.6596263196012041
787,2023-02-16,21.6,399.63266,0.6635110629927409
788,2023-02-17,21.99,398.634308,0.6556735915617706
789,2023-02-21,20.66,390.637299,0.644178634157412
790,2023-02-22,20.52,390.098969,0.6304559323028904
791,2023-02-23,20.139999,392.174042,0.6214754117043223
792,2023-02-24,19.540001,387.98468,0.6035677619023081
793,2023-02-27,19.1,389.306152,0.5914323926801617
794,2023-02-28,19.23,387.867249,0.5795079111697394
795,2023-03-01,18.15,386.379456,0.5496556586557912
796,2023-03-02,18.190001,389.38443,0.5095649601045034
797,2023-03-03,18.700001,395.629303,0.4639419130878365
798,2023-03-06,18.65,395.903381,0.4448677751177322
799,2023-03-07,18.059999,389.834656,0.4365339921298338
800,2023-03-08,18.17,390.470947,0.42481790831248434
801,2023-03-09,17.52,383.266754,0.41229368468703514
802,2023-03-10,17.25,377.73645,0.38205208394763174
803,2023-03-13,16.75,377.19809,0.3315891263921087
804,2023-03-14,16.91,383.433197,0.2584421923805325
805,2023-03-15,15.95,381.035065,0.1938817822216733
806,2023-03-16,16.76,387.720367,0.06951269952837778
807,2023-03-17,16.6,383.18692,-0.011366078303316872
808,2023-03-20,16.870001,386.87146,-0.1719486353792453
809,2023-03-21,17.65,391.951324,-0.30970784994922895
810,2023-03-22,23.870001,385.269897,-0.36671859514401206
811,2023-03-23,22.58,386.311462,-0.27091451391913646
812,2023-03-24,23.98,388.846436,-0.15435746670244205
813,2023-03-27,23.0,389.573486,-0.03251148232561327
814,2023-03-28,23.15,388.699036,0.04624432039270203
815,2023-03-29,22.459999,394.348785,0.1929831004220885
816,2023-03-30,22.5,396.657776,0.30608591218886283
817,2023-03-31,23.02,402.248474,0.43170211671899655
818,2023-04-03,23.17,403.781342,0.48804565597244093
819,2023-04-04,22.35,401.541046,0.5445544624919263
820,2023-04-05,22.07,400.489716,0.6092817334323803
821,2023-04-06,22.4,402.051971,0.654966562285663
822,2023-04-10,22.370001,402.464661,0.6986337679939422
823,2023-04-11,22.690001,402.572723,0.7468731035059772
824,2023-04-12,22.26,400.931854,0.7043459148713436
825,2023-04-13,22.549999,406.257324,0.7026554535438899
826,2023-04-14,22.459999,405.264954,0.715119616293728
827,2023-04-17,22.280001,406.719116,0.7642517932964101
828,2023-04-18,21.610001,406.984375,0.7844064788041433
829,2023-04-19,21.309999,406.915649,0.7779525268922184
830,2023-04-20,20.219999,404.695038,0.7740762700732476
831,2023-04-21,20.49,405.009491,0.7734732587219604
832,2023-04-24,19.93,405.431946,0.7737985201591675
833,2023-04-25,19.0,398.996216,0.7714507067593896
834,2023-04-26,18.65,397.306213,0.7579634220323048
835,2023-04-27,18.940001,405.21582,0.7344621578092728
836,2023-04-28,19.290001,408.674438,0.723773641704438
837,2023-05-01,18.549999,408.261719,0.7349586496085648
838,2023-05-02,18.58,403.673218,0.7514180219759109
839,2023-05-03,18.9,400.902405,0.739702871202703
840,2023-05-04,19.35,398.062775,0.7286917391549005
841,2023-05-05,20.42,405.431946,0.6890747457504197
842,2023-05-08,20.51,405.540039,0.6467290836877435
843,2023-05-09,20.24,403.761627,0.6006884745360364
844,2023-05-10,20.76,405.648163,0.5586240719336002
845,2023-05-11,20.879999,404.940735,0.5212810418743443
846,2023-05-12,20.690001,404.410095,0.4553445794549741
847,2023-05-15,21.620001,405.805389,0.3657796006585692
848,2023-05-16,21.99,403.093506,0.2636194651395584
849,2023-05-17,22.870001,407.986633,0.142173641635743
850,2023-05-18,23.049999,411.91684,0.06440661740214997
851,2023-05-19,22.059999,411.317444,0.0037558593698235024
852,2023-05-22,24.209999,411.484528,-0.09739298334594736
853,2023-05-23,23.16,406.866486,-0.14397338697660744
854,2023-05-24,23.27,403.918854,-0.21071229115637607
855,2023-05-25,23.35,407.416718,-0.2900334884610922
856,2023-05-26,23.25,412.693054,-0.3645547307976214
857,2023-05-30,24.57,412.850281,-0.4357791719906616
858,2023-05-31,24.049999,410.560913,-0.4636372498443862
859,2023-06-01,24.1,414.4617,-0.5089039033917174
860,2023-06-02,24.639999,420.455231,-0.5514669340912228
861,2023-06-05,24.309999,419.649567,-0.547209075465294
862,2023-06-06,24.690001,420.563324,-0.5466976969835936
863,2023-06-07,26.110001,419.109131,-0.5274313999334779
864,2023-06-08,21.440001,421.644165,-0.48611184247552136
865,2023-06-09,22.68,422.400696,-0.5882748696375155
866,2023-06-12,24.299999,426.232666,-0.6063738189309585
867,2023-06-13,26.950001,429.042816,-0.575530190722902
868,2023-06-14,25.700001,429.553711,-0.522302860951396
869,2023-06-15,24.84,434.879181,-0.4818492578857871
870,2023-06-16,24.559999,433.397888,-0.4187047708585608
871,2023-06-20,24.58,431.149353,-0.3145516460314506
872,2023-06-21,24.43,428.940247,-0.18211484209318804
873,2023-06-22,24.32,430.488617,-0.05917359334818697
874,2023-06-23,23.700001,427.23407,0.026930322441834905
875,2023-06-26,23.02,425.488556,0.13363095415787635
876,2023-06-27,23.58,430.153259,0.1927143053454988
877,2023-06-28,24.98,430.370239,0.3000062341424428
878,2023-06-29,24.9,432.066498,0.4079579479454807
879,2023-06-30,24.25,437.165161,0.49124012819349544
880,2023-07-03,24.91,437.668182,0.5005219642422997
881,2023-07-05,23.9,437.017242,0.5128606253378913
882,2023-07-06,22.83,433.595154,0.5274139857094093
883,2023-07-07,22.709999,432.500427,0.546743389758068
884,2023-07-10,23.540001,433.595154,0.5951577024957997
885,2023-07-11,23.91,436.356506,0.6702663763734469
886,2023-07-12,23.440001,439.867401,0.7406472109318243
887,2023-07-13,23.459999,443.358551,0.7719100110352672
888,2023-07-14,22.969999,443.082397,0.7617114452458794
889,2023-07-17,22.82,444.620911,0.7663770523482424
890,2023-07-18,23.08,447.924713,0.7657563512791024
891,2023-07-19,23.17,448.920776,0.7431716509216955
892,2023-07-20,22.91,445.942383,0.7309736413405583
893,2023-07-21,22.18,445.942383,0.7274322862429291
894,2023-07-24,23.040001,447.93457,0.7229427439056773
895,2023-07-25,22.85,449.15744,0.7168002950126812
896,2023-07-26,22.700001,449.226501,0.7036079388062577
897,2023-07-27,22.219999,446.248169,0.6841938609976381
898,2023-07-28,21.93,450.617035,0.6720825378114607
899,2023-07-31,22.200001,451.475006,0.6503443028936052
900,2023-08-01,21.5,450.183105,0.6089616840856931
901,2023-08-02,20.83,443.920715,0.5848236006170078
902,2023-08-03,20.93,442.648499,0.5957786546567054
903,2023-08-04,20.98,440.646484,0.6259961984379501
904,2023-08-07,21.07,444.492676,0.6867254963285688
905,2023-08-08,20.74,442.559753,0.7070938310164224
906,2023-08-09,19.93,439.601135,0.730196803527984
907,2023-08-10,20.190001,439.758911,0.739258003087252
908,2023-08-11,20.190001,439.502502,0.7435990523210853
909,2023-08-14,19.959999,441.928558,0.7486719286703012
910,2023-08-15,19.33,436.780579,0.7346033633740758
911,2023-08-16,18.59,433.575409,0.7338767703558458
912,2023-08-17,18.379999,430.271637,0.741892082630843
913,2023-08-18,18.360001,430.47876,0.731038477592715
914,2023-08-21,18.48,433.279541,0.7181395891470491
915,2023-08-22,17.26,432.105957,0.7268662647099048
916,2023-08-23,16.889999,436.91864,0.7378307075640531
917,2023-08-24,16.360001,430.863373,0.7613891486867984
918,2023-08-25,17.129999,433.900848,0.7803626723304907
919,2023-08-28,17.57,436.652405,0.7900262251336793
920,2023-08-29,18.24,442.964081,0.8013062344806863
921,2023-08-30,18.370001,444.788605,0.8070441085171729
922,2023-08-31,18.549999,444.137665,0.8137511096757847
923,2023-09-01,18.42,444.966095,0.8178995307291647
924,2023-09-05,19.23,443.042969,0.8154403621103454
925,2023-09-06,18.75,440.064636,0.8038859142149573
926,2023-09-07,18.889999,438.713562,0.7809253741067257
927,2023-09-08,17.709999,439.374268,0.7499257596133617
928,2023-09-11,17.02,442.263885,0.7085088355706938
929,2023-09-12,17.23,439.837799,0.669879865987883
930,2023-09-13,17.809999,440.350616,0.6162696831630028
931,2023-09-14,18.33,444.147491,0.55548269425255
932,2023-09-15,18.219999,438.796295,0.42656454524954307
933,2023-09-18,17.549999,439.053619,0.29652871659040553
934,2023-09-19,17.52,438.143097,0.15240163781773108
935,2023-09-20,17.52,434.115112,0.02987714216659575
936,2023-09-21,17.02,426.93988,-0.09253506327394959
937,2023-09-22,17.18,425.979919,-0.14446775286705096
938,2023-09-25,17.67,427.77124,-0.19818220365544836
939,2023-09-26,16.780001,421.486725,-0.2681167566489789
940,2023-09-27,17.15,421.654968,-0.30494264300278645
941,2023-09-28,16.84,424.099487,-0.3420282484141438
942,2023-09-29,16.459999,423.070221,-0.39312685191228935
943,2023-10-02,15.39,422.901947,-0.38790078183020515
944,2023-10-03,14.6,417.240997,-0.25258107985093237
945,2023-10-04,14.87,420.279297,-0.19628034876997666
946,2023-10-05,14.71,420.120941,-0.1064461667601935
947,2023-10-06,15.08,425.108978,0.016713912638208303
948,2023-10-09,15.4,427.830597,0.06392567545661926
949,2023-10-10,16.0,430.057404,0.10447374776032824
950,2023-10-11,15.82,431.819061,0.18546257498341892
951,2023-10-12,15.09,429.186493,0.24349676072849133
952,2023-10-13,14.92,427.048767,0.28893837963430896
953,2023-10-16,14.43,431.541931,0.33969446162778427
954,2023-10-17,14.12,431.522095,0.4099835538619368
955,2023-10-18,13.85,425.772034,0.4739994775788007
956,2023-10-19,13.16,422.031036,0.5200773975044591
957,2023-10-20,13.44,416.845093,0.557752725242557
958,2023-10-23,13.44,416.12262,0.5961060318029343
959,2023-10-24,14.04,419.259918,0.6163545552982636
960,2023-10-25,13.71,413.242645,0.6463362371873062
961,2023-10-26,13.5,408.294189,0.6747528092737392
962,2023-10-27,13.12,406.443512,0.7083709539994458
963,2023-10-30,12.8,411.302856,0.7418207777375699
964,2023-10-31,13.77,413.885956,0.7629539402654366
965,2023-11-01,13.01,418.299957,0.803021329689238
966,2023-11-02,13.64,426.316406,0.8175929242975709
967,2023-11-03,13.87,430.205841,0.8332158213667088
968,2023-11-06,13.53,431.195526,0.847283229296652
969,2023-11-07,13.64,432.422729,0.8549315401868132
970,2023-11-08,13.28,432.739441,0.8561638232384224
971,2023-11-09,12.7,429.364624,0.8462987040731549
972,2023-11-10,12.54,436.064789,0.8369533392075131
973,2023-11-13,12.14,435.649109,0.8089592898311395
974,2023-11-14,12.9,444.101013,0.7616506058148547
975,2023-11-15,13.27,445.041199,0.7083409681659986
976,2023-11-16,12.53,445.585541,0.6685969601742807
977,2023-11-17,13.03,446.139771,0.6080380446584975
978,2023-11-20,12.8,449.573975,0.5320065118131163
979,2023-11-21,12.55,448.594177,0.46433250857070546
980,2023-11-22,12.29,450.326111,0.35921954153045615
981,2023-11-24,12.2,450.60321,0.23968776451170493
982,2023-11-27,11.91,449.791687,0.11766345750192814
983,2023-11-28,13.49,450.237061,-0.038964744824690555
984,2023-11-29,16.25,449.920319,-0.1598941782042749
985,2023-11-30,14.55,451.691895,-0.1897542632562515
986,2023-12-01,15.3,454.364044,-0.26814207556095276
987,2023-12-04,16.98,451.978882,-0.32158947979931046
988,2023-12-05,14.91,451.889832,-0.3161712785451463
989,2023-12-06,14.84,450.068817,-0.4138905911144637
990,2023-12-07,16.360001,453.503021,-0.5106363039267313
991,2023-12-08,15.55,455.452698,-0.5374327163014608
992,2023-12-11,15.07,457.224243,-0.5789723575712157
993,2023-12-12,15.22,459.312439,-0.6209164842240191
994,2023-12-13,16.690001,465.646454,-0.6511471844291501
995,2023-12-14,17.440001,467.140869,-0.6540497472388046
996,2023-12-15,17.26,466.371704,-0.6453099033120842
997,2023-12-18,17.860001,468.995087,-0.6290304477240369
998,2023-12-19,17.719999,471.847015,-0.6262869809359055
999,2023-12-20,16.93,465.308472,-0.6366770769796515
1000,2023-12-21,16.98,469.72049,-0.6328495890615614
1001,2023-12-22,16.969999,470.66449,-0.6388436161922239
1002,2023-12-26,17.360001,472.651886,-0.6405011605383641
1003,2023-12-27,18.370001,473.5065,-0.6433289103965365
1004,2023-12-28,18.07,473.685333,-0.6549931995499902
1005,2023-12-29,17.530001,472.314026,-0.67330138388765
1006,2024-01-02,16.67,469.670776,-0.6787162259733229
1007,2024-01-03,16.690001,465.835144,-0.6080210030990878
1008,2024-01-04,16.360001,464.334625,-0.49298394742935164
1009,2024-01-05,15.96,464.970642,-0.3822294512121108
1010,2024-01-08,15.79,471.608521,-0.23405928686541283
1011,2024-01-09,15.16,470.893066,-0.08392758793081466
1012,2024-01-10,15.73,473.556152,-0.012773391449600614
1013,2024-01-11,15.25,473.347504,0.09297017719968577
1014,2024-01-12,14.75,473.675385,0.2016420321737978
1015,2024-01-16,13.98,471.936401,0.2765266909232029
1016,2024-01-17,14.08,469.31308,0.26421843872057144
1017,2024-01-18,14.29,473.486603,0.23617000069828045
1018,2024-01-19,14.51,479.38916,0.20226780598949384
1019,2024-01-22,14.9,480.40274,0.13877056241876315
1020,2024-01-23,14.18,481.803833,0.10728646490725774
1021,2024-01-24,13.95,482.330505,0.036140885489877164
1022,2024-01-25,14.52,484.953857,-0.08420900118339653
1023,2024-01-26,14.49,484.337769,-0.009874381172392184
1024,2024-01-29,14.78,488.173401,0.07308429197472678
1025,2024-01-30,14.55,487.795837,0.020215151282585078
1026,2024-01-31,14.23,479.836304,-0.06786183212180417
1027,2024-02-01,14.42,486.116516,-0.17070361819868396
1028,2024-02-02,14.73,491.234039,-0.22897493140715924
1029,2024-02-05,13.46,489.445374,-0.2630539264934347
1030,2024-02-06,14.1,490.866364,-0.3067445049370947
1031,2024-02-07,14.07,494.960388,-0.345959365126953
1032,2024-02-08,14.35,495.179016,-0.37838622647140907
1033,2024-02-09,14.66,498.040863,-0.4003657223571923
1034,2024-02-12,14.73,497.822235,-0.3845335501463637
1035,2024-02-13,14.17,490.965698,-0.38514625688229326
1036,2024-02-14,14.41,495.427429,-0.36285204627825124
1037,2024-02-15,14.51,498.845764,-0.2692267045084805
1038,2024-02-16,14.12,496.361511,-0.1810878006270014
1039,2024-02-20,13.49,493.628845,-0.08158948851862015
1040,2024-02-21,13.41,494.075958,0.004511847214838459
1041,2024-02-22,13.36,504.301117,0.10522160795549343
1042,2024-02-23,13.51,504.648926,0.17259666568995832
1043,2024-02-26,13.68,502.800629,0.20683526130054977
1044,2024-02-27,14.21,503.734711,0.24046835392835042
1045,2024-02-28,14.24,503.06897,0.2802411199318414
1046,2024-02-29,14.27,504.877472,0.31136395373106396
1047,2024-03-01,14.95,509.617371,0.3373848994036031
1048,2024-03-04,15.22,509.070862,0.36490437447271384
1049,2024-03-05,15.0,503.983154,0.39975932061293773
1050,2024-03-06,15.26,506.536957,0.434913914657986
1051,2024-03-07,15.26,511.565033,0.43694291204429486
1052,2024-03-08,14.65,508.494537,0.4489349218998163
1053,2024-03-11,14.43,508.057312,0.4714299724733293
1054,2024-03-12,14.72,513.522705,0.4932207705784697
1055,2024-03-13,14.87,512.717712,0.5072208163930529
1056,2024-03-14,14.63,511.704193,0.5276529459198946
1057,2024-03-15,14.24,508.190521,0.45264238263853485
1058,2024-03-18,13.91,511.210754,0.40780057335826864
1059,2024-03-19,13.41,514.051636,0.488533514542394
1060,2024-03-20,13.48,518.806274,0.5245622927083822
1061,2024-03-21,13.66,520.520752,0.5450007381823073
1062,2024-03-22,13.1,519.533936,0.569096764013256
1063,2024-03-25,15.12,518.098572,0.5869398976406608
1064,2024-03-26,15.5,517.141663,0.5946643374827288
1065,2024-03-27,13.17,521.48761,0.5950433609800297
1066,2024-03-28,12.52,521.387939,0.6043820082727848
1067,2024-04-01,11.99,520.480835,0.6287204333948555
1068,2024-04-02,11.28,517.17157,0.6462900775001998
1069,2024-04-03,11.38,517.739685,0.6594069126015576
1070,2024-04-04,11.53,511.420105,0.6754884836453323
1071,2024-04-05,11.25,516.762878,0.6864309698818797
1072,2024-04-08,10.83,517.05188,0.7039127238534173
1073,2024-04-09,11.01,517.650024,0.7319758593143769
1074,2024-04-10,10.85,512.466736,0.7524105962619199
1075,2024-04-11,11.29,516.334229,0.7598917238196341
1076,2024-04-12,10.77,509.207245,0.7636040352851509
1077,2024-04-15,10.06,502.82785,0.7691503542114502
1078,2024-04-16,10.37,501.910797,0.752956047725958
1079,2024-04-17,10.3,498.940369,0.7468142624325569
1080,2024-04-18,10.31,497.913666,0.7377400706637628
1081,2024-04-19,10.42,493.567688,0.7097407249292316
1082,2024-04-22,10.01,498.113037,0.6771601582100059
1083,2024-04-23,10.16,504.023956,0.647105894666787
1084,2024-04-24,10.93,503.784729,0.6123469549549156
1085,2024-04-25,11.21,501.870911,0.5775474510435886
1086,2024-04-26,11.9,506.62558,0.5398795888540628
1087,2024-04-29,11.29,508.419769,0.500334007431309
1088,2024-04-30,11.09,500.365784,0.460065888301491
1089,2024-05-01,10.91,498.741028,0.39783605050910403
1090,2024-05-02,12.76,503.405945,0.3059879306979636
1091,2024-05-03,16.469999,509.645844,0.21354861923309562
1092,2024-05-06,16.309999,514.908875,0.14727353319868897
1093,2024-05-07,16.309999,515.477051,0.08140254185550598
1094,2024-05-08,15.92,515.526855,0.012714858756115546
1095,2024-05-09,18.01,518.497253,-0.0659382041019729
1096,2024-05-10,17.459999,519.165161,-0.12476197306512653
1097,2024-05-13,30.450001,519.234863,-0.188521393739816
1098,2024-05-14,48.75,521.617188,-0.1611889422104268
1099,2024-05-15,39.549999,528.076416,-0.013781442463929915
