Date,GOOG,SPY,IC
2020-01-02,68.290787,303.135559,0.8745233834351216
2020-01-03,67.955666,300.840179,0.9044273131868744
2020-01-06,69.631264,301.987946,0.9251603457650616
2020-01-07,69.587814,301.138763,0.9397725223178124
2020-01-08,70.136192,302.743713,0.9528150178741764
2020-01-09,70.910805,304.796509,0.9688544498242858
2020-01-10,71.405251,303.919342,0.975130153549194
2020-01-13,71.879707,306.009521,0.9804184075410126
2020-01-14,71.462677,305.542999,0.9857569884495796
2020-01-15,71.878204,306.233582,0.987552256826086
2020-01-16,72.502495,308.780853,0.9905079552110826
2020-01-17,73.935364,309.741943,0.9922935182046712
2020-01-21,74.135635,309.135437,0.9927422441581506
2020-01-22,74.213051,309.172668,0.9924879241103944
2020-01-23,74.248009,309.527313,0.9926115818529988
2020-01-24,73.252144,306.774597,0.9925839258845892
2020-01-27,71.61351,301.857269,0.992573340440366
2020-01-28,72.545448,305.020477,0.9927465620228316
2020-01-29,72.848602,304.768494,0.992621991623038
2020-01-30,72.709259,305.757538,0.9921022013969216
2020-01-31,71.62999,300.205688,0.9915705399456536
2020-02-03,74.212547,302.435822,0.9916543684514012
2020-02-04,72.271255,307.045258,0.9924876392262356
2020-02-05,72.329193,310.591064,0.99256695717001
2020-02-06,73.7276,311.636108,0.9929500591014002
2020-02-07,73.877434,309.975189,0.9928370905823748
2020-02-10,75.348259,312.289307,0.9925898318396124
2020-02-11,75.353752,312.830505,0.9920464012152592
2020-02-12,75.827209,314.845978,0.9908453386170298
2020-02-13,75.646919,314.510101,0.990064030159377
2020-02-14,75.950577,315.013947,0.9893951916699764
2020-02-18,75.897133,314.202148,0.9885223247938636
2020-02-19,76.247734,315.704437,0.987692886964328
2020-02-20,75.82122,314.407471,0.986819345194206
2020-02-21,74.171097,311.169525,0.9857710413787514
2020-02-24,70.998703,300.849487,0.9837894522234532
2020-02-25,69.34359,291.733154,0.9818375446047788
2020-02-26,69.579819,290.660034,0.9795632119550288
2020-02-27,65.82959,277.606049,0.9780193203495732
2020-02-28,66.890381,276.439636,0.9774463541590416
2020-03-02,69.376549,288.411316,0.9748229177771544
2020-03-03,66.993271,280.153442,0.9724635356891672
2020-03-04,69.2472,291.929016,0.9676113169917084
2020-03-05,65.877037,282.224854,0.9591530201757484
2020-03-06,64.84671,277.559357,0.9539193422861776
2020-03-09,60.708916,255.883514,0.9492091490491924
2020-03-10,63.946732,269.124176,0.9454091517273456
2020-03-11,60.701424,256.004791,0.9410114794774233
2020-03-12,55.682137,231.510986,0.9412980261157344
2020-03-13,60.917179,251.302017,0.9380185589920343
2020-03-16,54.154873,223.803604,0.935670287954515
2020-03-17,55.926361,235.887207,0.9294870446304864
2020-03-18,54.777664,223.943558,0.9269167392423012
2020-03-19,55.701115,224.419403,0.9221368871280198
2020-03-20,53.555058,214.74823,0.9237709252609132
2020-03-23,52.77095,209.257538,0.9236814680771768
2020-03-24,56.658524,228.216934,0.9311051712283278
2020-03-25,55.061844,231.633392,0.9380580304712344
2020-03-26,58.021477,245.158432,0.9360820616324989
2020-03-27,55.472374,237.856201,0.9366623091089228
2020-03-30,57.275822,245.58078,0.933233550816777
2020-03-31,58.074413,241.920288,0.9321015327590118
2020-04-01,55.218163,231.032669,0.9317168296255444
2020-04-02,55.978298,236.363876,0.92768157588191
2020-04-03,54.831604,232.947418,0.9209287523737852
2020-04-06,59.278545,248.593613,0.9021338640525852
2020-04-07,59.258068,248.847061,0.8847732644300383
2020-04-08,60.445217,257.200439,0.8622794899874808
2020-04-09,60.503647,261.11438,0.8483889466374736
2020-04-13,60.8088,258.730316,0.8532990146113638
2020-04-14,63.389362,266.361084,0.8574537284411354
2020-04-15,63.05175,260.701324,0.858555219712381
2020-04-16,63.101692,261.959015,0.8542797202758246
2020-04-17,64.089569,269.036041,0.8509367516016461
2020-04-20,63.258514,264.296112,0.8571677009001215
2020-04-21,60.747871,256.271179,0.8590608333134173
2020-04-22,63.088707,261.959015,0.8514723572694483
2020-04-23,63.742962,261.940277,0.8466464866017092
2020-04-24,63.892792,265.5914,0.841153796791335
2020-04-27,63.721485,269.420837,0.8427739845008607
2020-04-28,61.613384,268.181976,0.854360402232462
2020-04-29,66.997757,275.202484,0.9189954658558736
2020-04-30,67.356354,272.640167,0.911075263654961
2020-05-01,65.955444,265.422516,0.9061414504583216
2020-05-04,66.264587,266.154602,0.8996768254472964
2020-05-05,67.478706,268.613708,0.8975391590488611
2020-05-06,67.288429,266.792877,0.8911989983329187
2020-05-07,68.549995,270.012085,0.8784655282358641
2020-05-08,69.3396,274.479767,0.8681924805815543
2020-05-11,70.083252,274.536133,0.8637050878536956
2020-05-12,68.708817,269.064209,0.853363663791833
2020-05-13,67.389816,264.305542,0.8321913972719778
2020-05-14,67.729431,267.468567,0.8095375704063669
2020-05-15,68.581459,268.69809,0.7968761152078274
2020-05-18,69.118347,276.882538,0.8005346810266513
2020-05-19,68.596191,274.038666,0.8015043741698313
2020-05-20,70.25605,278.69397,0.7969491146404679
2020-05-21,70.060272,276.769958,0.8111448465323621
2020-05-22,70.440842,277.295593,0.8284391056913482
2020-05-26,70.770462,280.712006,0.8534667340735573
2020-05-27,70.811417,284.888702,0.8625562475022587
2020-05-28,70.755981,284.363129,0.8640776495982255
2020-05-29,71.364792,285.630249,0.8681198213974912
2020-06-01,71.509628,286.784637,0.8696205972043435
2020-06-02,71.879204,289.159302,0.8724586462127548
2020-06-03,71.737366,293.007477,0.8765423649625812
2020-06-04,70.52874,292.237823,0.8559252705977928
2020-06-05,71.837753,299.727722,0.8227827874573355
2020-06-08,72.248283,303.350739,0.7911900862309321
2020-06-09,72.725243,301.088623,0.7700786374648305
2020-06-10,73.209198,299.40863,0.7572863760849167
2020-06-11,70.112213,282.148041,0.7373770351190472
2020-06-12,70.578682,285.526886,0.6974827043616274
2020-06-15,70.911804,288.192505,0.6555606056087554
2020-06-16,72.054008,293.739532,0.6287523256394335
2020-06-17,72.473526,292.51944,0.6241113097615897
2020-06-18,71.716385,292.63205,0.6117482168790139
2020-06-19,71.504631,290.959717,0.6018572850554972
2020-06-22,72.51049,292.826202,0.6089771219835162
2020-06-23,73.137268,294.174286,0.6143787607949184
2020-06-24,71.51712,286.670258,0.6318497289276214
2020-06-25,71.984581,289.743561,0.630706922790112
2020-06-26,67.917717,282.861755,0.639564014417182
2020-06-29,69.66922,287.019104,0.6040046217016379
2020-06-30,70.600159,290.695709,0.6027344851671161
2020-07-01,71.820274,292.731934,0.6083998320818502
2020-07-02,73.151756,294.344025,0.6270627744821501
2020-07-06,74.699997,298.887878,0.6433129176731569
2020-07-07,74.174599,295.805298,0.6792154669853964
2020-07-08,74.714981,298.06778,0.7222014059510209
2020-07-09,75.463623,296.37088,0.7289144105532847
2020-07-10,76.999374,299.396942,0.7369607861077809
2020-07-13,75.48111,296.804474,0.7531534807263806
2020-07-14,75.942581,300.650787,0.7594197305686957
2020-07-15,75.595978,303.412964,0.7657900120486286
2020-07-16,75.813728,302.413605,0.7650694286768803
2020-07-17,75.69136,303.290405,0.7618915669640421
2020-07-20,78.197021,305.741425,0.7607771025411167
2020-07-21,77.832428,306.391968,0.7791841936890459
2020-07-22,78.335358,308.135956,0.7943982916969813
2020-07-23,75.697853,304.459381,0.813800735269795
2020-07-24,75.507576,302.498505,0.8254899327740275
2020-07-27,76.423035,304.704498,0.8436159425304136
2020-07-28,74.931732,302.771851,0.8778545487381956
2020-07-29,76.014496,306.495605,0.9041879904620274
2020-07-30,76.485466,305.402069,0.9243495480651048
2020-07-31,74.063721,307.815399,0.9522990949787146
2020-08-03,73.638702,309.955414,0.957658177237963
2020-08-04,73.165237,311.152649,0.9537721521088331
2020-08-05,73.596748,313.085175,0.947672502952413
2020-08-06,74.919739,315.178009,0.9427971082161544
2020-08-07,74.639565,315.404297,0.9290292379683056
2020-08-10,74.719971,316.346985,0.9220431749636584
2020-08-11,73.93187,313.735657,0.8955234804841731
2020-08-12,75.245377,318.109894,0.866651850629369
2020-08-13,75.836205,317.53479,0.840741755403293
2020-08-14,75.300812,317.544189,0.8219110270883752
2020-08-17,75.812729,318.552948,0.8137082697943749
2020-08-18,77.841423,319.241119,0.8100793951055179
2020-08-19,77.288551,317.911926,0.8084451218569452
2020-08-20,78.997604,318.901703,0.8114509702229181
2020-08-21,78.931183,320.03302,0.819504437158944
2020-08-24,79.31974,323.275909,0.8262849558540465
2020-08-25,80.319603,324.407135,0.8275320942801102
2020-08-26,82.525093,327.659546,0.8301954421596635
2020-08-27,81.623619,328.376038,0.8308804161441847
2020-08-28,82.127037,330.497131,0.82116055512187
2020-08-31,81.616127,329.299835,0.7999008997153505
2020-09-01,82.941116,332.401367,0.7762223569018706
2020-09-02,86.315781,337.20929,0.7296187463476448
2020-09-03,81.998695,325.604523,0.5799124463207418
2020-09-04,79.461578,322.946014,0.5035846251995513
2020-09-08,76.53241,314.122131,0.4660530579978126
2020-09-09,77.759514,320.325226,0.4731791847114345
2020-09-10,76.513931,314.763214,0.5252889010585677
2020-09-11,75.949577,314.923553,0.5664846218385972
2020-09-14,75.877655,319.07135,0.6138598182041806
2020-09-15,76.98439,320.683533,0.6460227379616139
2020-09-16,75.958557,319.410858,0.6784519817655305
2020-09-17,74.691498,316.601501,0.6978303164667736
2020-09-18,72.916519,312.956512,0.7213574919522188
2020-09-21,71.476662,309.473511,0.7400247517195494
2020-09-22,73.189713,312.625305,0.7469537165815567
2020-09-23,70.680069,305.375214,0.7506288259274974
2020-09-24,71.333321,306.189209,0.7455563416105984
2020-09-25,72.165878,311.139313,0.7363895841967653
2020-09-28,73.142761,316.307159,0.7294422291467552
2020-09-29,73.382996,314.584595,0.733211868907451
2020-09-30,73.396484,316.969727,0.7331777956577352
2020-10-01,74.419815,319.004639,0.7375608755409137
2020-10-02,72.838112,315.975922,0.7384848446048672
2020-10-05,74.216545,321.579102,0.7381635386382839
2020-10-06,72.589394,317.007568,0.7511330697621997
2020-10-07,72.931511,322.525574,0.7529866705607818
2020-10-08,74.212051,325.384033,0.7702046521617015
2020-10-09,75.674889,328.289764,0.7909844714506087
2020-10-12,78.368317,333.571106,0.8149711835483383
2020-10-13,78.494675,331.394196,0.8371617996755799
2020-10-14,78.31488,329.311951,0.852081354881282
2020-10-15,77.867889,328.904938,0.864434639126133
2020-10-16,78.561096,328.706238,0.8774234431272299
2020-10-19,76.64328,323.70871,0.8849986349366027
2020-10-20,77.708076,325.005402,0.8906735967840554
2020-10-21,79.574944,324.390198,0.889444583410103
2020-10-22,80.674698,326.169495,0.875960670819649
2020-10-23,81.956741,327.276947,0.8670919190566289
2020-10-26,79.432106,321.228912,0.8517314806640355
2020-10-27,80.121826,320.12149,0.8348398802334034
2020-10-28,75.744804,309.180084,0.8118881128096718
2020-10-29,78.272926,312.322449,0.7722810095589023
2020-10-30,80.958374,309.066528,0.7112853152328291
2020-11-02,81.209084,312.53067,0.5900293186610264
2020-11-03,82.41671,318.048676,0.4031183818960825
2020-11-04,87.357086,325.156891,0.1414175388492956
2020-11-05,88.068283,331.498322,0.0815042622347052
2020-11-06,87.987373,331.422607,0.0392314367086667
2020-11-09,88.049805,335.587097,0.0736010431189292
2020-11-10,86.920586,335.094971,0.1459820313363227
2020-11-11,87.535889,337.584259,0.1040265662596264
2020-11-12,87.392548,334.309357,0.0512177323943202
2020-11-13,88.750008,338.937744,-0.0011771497344759
2020-11-16,88.967758,343.168549,-0.0244061179331929
2020-11-17,88.406898,341.322845,-0.0399993337605629
2020-11-18,87.239723,337.215118,-0.0037714708678055
2020-11-19,88.095749,338.634796,0.14660860030659
2020-11-20,87.010483,336.315918,0.2735709314616943
2020-11-23,86.644402,338.332031,0.3395874813998869
2020-11-24,88.343468,343.783722,0.3925638878676523
2020-11-25,88.470825,343.253754,0.4576098162396442
2020-11-27,89.557587,344.209686,0.464845085771817
2020-11-30,87.936935,342.685822,0.4955658605150926
2020-12-01,89.802811,346.433838,0.4807310459171379
2020-12-02,91.29361,347.16272,0.496658130134109
2020-12-03,91.23468,347.068115,0.5578037488035297
2020-12-04,91.295609,350.05896,0.5897341738397799
2020-12-07,90.87059,349.339569,0.6480667365182952
2020-12-08,90.824142,350.361908,0.6998111712343391
2020-12-09,89.105103,347.219513,0.7478416730524815
2020-12-10,88.665604,347.105957,0.7829437700530673
2020-12-11,88.987236,346.698883,0.8099329406885892
2020-12-14,87.902969,345.146698,0.8369369811358459
2020-12-15,88.288025,349.812744,0.8634397222950858
2020-12-16,88.049805,350.361908,0.8773938198146521
2020-12-17,87.295662,352.321106,0.8879477777905055
2020-12-18,86.452118,350.914307,0.8921077316706528
2020-12-21,86.869644,349.659576,0.8943731818750719
2020-12-22,86.077049,349.070221,0.8955164857594003
2020-12-23,86.520546,349.383942,0.8960684539007611
2020-12-24,86.843674,350.743225,0.8999064857379013
2020-12-28,88.70356,353.756409,0.8931112201466703
2020-12-29,87.836044,353.081451,0.879554892839045
2020-12-30,86.877136,353.585236,0.8793626521056312
2020-12-31,87.494438,355.381744,0.8736100345166238
2021-01-04,86.313782,350.543579,0.8602409163870491
2021-01-05,86.94706,352.957947,0.8180533885259015
2021-01-06,86.665878,355.068115,0.794309347037509
2021-01-07,89.260925,360.343506,0.7721021153375061
2021-01-08,90.25779,362.396637,0.770629392965894
2021-01-11,88.235588,359.953796,0.7755427181677409
2021-01-12,87.228241,360.029755,0.7773215304230736
2021-01-13,87.620293,360.999329,0.770371053119364
2021-01-14,86.910103,359.735138,0.7639549374965038
2021-01-15,86.710831,357.111664,0.7638624150627122
2021-01-19,89.441216,359.915771,0.7456444594250148
2021-01-20,94.237762,364.896545,0.7375554436828631
2021-01-21,94.455017,365.229218,0.7448470944823103
2021-01-22,94.944458,363.936432,0.7457043387813784
2021-01-25,94.862053,365.371765,0.748022361845661
2021-01-26,95.753036,364.801453,0.7613248912093858
2021-01-27,91.435448,355.885559,0.7651675873270907
2021-01-28,93.049614,358.946259,0.7001920843207312
2021-01-29,91.682671,351.760284,0.6566262728475629
2021-02-01,94.959435,357.615479,0.5033141427207801
2021-02-02,96.265961,362.672241,0.3669697723922743
2021-02-03,103.385857,362.957428,0.3680079638865932
2021-02-04,103.001289,367.082611,0.5466072974087735
2021-02-05,104.780769,368.527496,0.6350197218978938
2021-02-08,104.52655,371.188995,0.7051867078930497
2021-02-09,104.057083,370.941833,0.7554791577856266
2021-02-10,104.64991,370.780243,0.7984068067808687
2021-02-11,104.675385,371.379059,0.8254198536873125
2021-02-12,105.085915,373.213623,0.8475120040322017
2021-02-16,105.974411,372.890381,0.8617024743247933
2021-02-17,106.29454,372.975983,0.8803219011826243
2021-02-18,105.739677,371.388519,0.8958514171799475
2021-02-19,104.937584,370.732727,0.9072956988202624
2021-02-22,103.126648,367.881165,0.913292222764864
2021-02-23,103.425308,368.32785,0.9189308169745324
2021-02-24,104.639427,372.386597,0.922269359183197
2021-02-25,101.452553,363.413666,0.9271231895833996
2021-02-26,101.727242,361.541138,0.9305030577172286
2021-03-01,103.957199,370.304962,0.9350922189590604
2021-03-02,103.674026,367.415405,0.9355598759007566
2021-03-03,101.220322,362.548737,0.9363889133853616
2021-03-04,102.338043,358.062225,0.9348510754808986
2021-03-05,105.307167,364.649414,0.9479029115626992
2021-03-08,101.093468,362.833862,0.9625450692138195
2021-03-09,102.518341,368.014221,0.9669100714509552
2021-03-10,102.634712,370.304962,0.9699831763401102
2021-03-11,105.618317,374.05954,0.971763775777584
2021-03-12,102.978813,374.563324,0.9745673628142782
2021-03-15,103.207054,376.797058,0.9738415347505208
2021-03-16,104.507072,376.321808,0.9722127436654728
2021-03-17,104.435158,377.605011,0.9714634338417432
2021-03-18,101.695274,372.111023,0.970416667559714
2021-03-19,102.043884,371.422455,0.9685011668546776
2021-03-22,101.813637,374.388245,0.9661831641117749
2021-03-23,102.531326,371.441559,0.9617535978874194
2021-03-24,102.136772,369.553314,0.95873997010794
2021-03-25,102.101814,371.632294,0.9577836999377948
2021-03-26,101.661812,377.621094,0.9547391739602868
2021-03-29,102.680656,377.430328,0.9472098234321736
2021-03-30,102.660179,376.428986,0.9343785802299944
2021-03-31,103.313934,377.954895,0.9172024600286904
2021-04-01,106.765999,382.036407,0.8914155690139217
2021-04-05,111.151009,387.519836,0.8669395801201325
2021-04-06,111.111061,387.291016,0.8623491983395014
2021-04-07,112.356148,387.739136,0.8525083595822245
2021-04-08,113.14325,389.579681,0.8604800361567407
2021-04-09,114.164085,392.411926,0.8674886403466244
2021-04-12,112.611359,392.555084,0.8724389458928229
2021-04-13,113.23465,393.718384,0.8694142363613135
2021-04-14,112.613846,392.37384,0.8754703426893458
2021-04-15,114.702477,396.588928,0.8796149069439579
2021-04-16,114.757408,397.914459,0.8944808859776339
2021-04-19,114.989151,395.959534,0.9116628362208712
2021-04-20,114.551147,393.060455,0.911048867738648
2021-04-21,114.534164,396.779663,0.9039881775433324
2021-04-22,113.267113,393.155823,0.8668433062575909
2021-04-23,115.633415,397.418549,0.8599500735036343
2021-04-26,116.204765,398.248199,0.87112735062089
2021-04-27,115.224884,398.162445,0.8821018866835906
2021-04-28,118.860245,398.047974,0.8992524382569954
2021-04-29,121.3564,400.584625,0.902261341619258
2021-04-30,120.369019,397.952606,0.9030259915272976
2021-05-03,119.622375,398.810913,0.9004726755607156
2021-05-04,117.578705,396.350494,0.8935221239321659
2021-05-05,117.703056,396.474487,0.8847093044469231
2021-05-06,118.932159,399.640594,0.8825009763217565
2021-05-07,119.79818,402.549133,0.8903622272782866
2021-05-10,116.949913,398.562958,0.9001915299643017
2021-05-11,115.306793,395.005798,0.907230913954763
2021-05-12,111.826752,386.613892,0.9057689381196494
2021-05-13,112.969948,391.258118,0.8941356691760686
2021-05-14,115.676361,397.265991,0.8919321206694517
2021-05-17,115.938568,396.255127,0.903479943170222
2021-05-18,115.040588,392.841125,0.9092186662333644
2021-05-19,115.304291,391.811188,0.9025131988255032
2021-05-20,117.670593,396.026306,0.8822191156554189
2021-05-21,117.121719,395.702026,0.8766215332781842
2021-05-24,120.196724,399.735901,0.8747549520379864
2021-05-25,120.316582,398.84906,0.8783669574858759
2021-05-26,121.538193,399.640594,0.88285535941991
2021-05-27,119.98896,399.850372,0.8863065980191672
2021-05-28,120.440948,400.565582,0.8897075389329738
2021-06-01,121.352409,400.212769,0.8927761637021282
2021-06-02,120.926392,400.842102,0.8956684353850038
2021-06-03,120.093842,399.354492,0.8963527879248191
2021-06-04,122.448654,403.006836,0.8924612962623867
2021-06-07,123.164345,402.615906,0.8961164212245082
2021-06-08,124.001396,402.701721,0.895624882083952
2021-06-09,124.428406,402.100983,0.8970125639242394
2021-06-10,125.936691,403.970032,0.8979872708277044
2021-06-11,125.553627,404.637634,0.9003856950122475
2021-06-14,126.208382,405.543579,0.9019694480360364
2021-06-15,125.88974,404.799683,0.9038390938796944
2021-06-16,125.553627,402.539581,0.90550376184364
2021-06-17,126.227364,402.406067,0.9062936982451206
2021-06-18,125.424767,396.977478,0.909348842015606
2021-06-21,126.311264,402.660553,0.9208378547131808
2021-06-22,126.855141,404.813324,0.9215274939244306
2021-06-23,126.317757,404.325348,0.9212243981977468
2021-06-24,127.137321,406.717255,0.922588352530058
2021-06-25,126.850655,408.161926,0.9262327814396528
2021-06-28,126.675354,408.984802,0.9277416637226084
2021-06-29,125.875259,409.204834,0.9287178569482776
2021-06-30,125.173561,409.549225,0.9249250688648902
2021-07-01,126.224861,411.816742,0.9254877510414043
2021-07-02,128.572678,414.964508,0.931402761201163
2021-07-06,129.623489,414.208618,0.9387532388993514
2021-07-07,129.929642,415.672455,0.941758849937086
2021-07-08,129.030167,412.285583,0.944747632888452
2021-07-09,129.427216,416.686646,0.9446186252119316
2021-07-12,130.415588,418.179199,0.9516331261163906
2021-07-13,130.845612,416.753632,0.9599457142925772
2021-07-14,131.932373,417.375488,0.9603664165593851
2021-07-15,131.117294,415.949982,0.9600435341199278
2021-07-16,131.695648,412.687378,0.9574415582385856
2021-07-19,129.107086,406.592926,0.9453693709972992
2021-07-20,130.952484,412.419556,0.9369807681568516
2021-07-21,132.449768,415.758606,0.9254571784189702
2021-07-22,133.176956,416.629242,0.9107997883169864
2021-07-23,137.659348,420.915558,0.8743936662420769
2021-07-26,139.485779,421.948792,0.8404988747163578
2021-07-27,136.641006,420.025757,0.8263854567115708
2021-07-28,136.226486,419.853485,0.8194453862341748
2021-07-29,136.3853,421.594818,0.81039342490642
2021-07-30,135.067291,419.547394,0.8045963111369845
2021-08-02,135.83493,418.667145,0.8051395500571459
2021-08-03,136.125092,422.073242,0.8113692575831323
2021-08-04,135.873886,419.997009,0.835022475970581
2021-08-05,136.784348,422.656891,0.8372831144659647
2021-08-06,136.880234,423.355255,0.8553958726690157
2021-08-09,137.845139,423.010803,0.8660117061303558
2021-08-10,137.939529,423.537018,0.8700325593013014
2021-08-11,137.53299,424.589508,0.8729927488443662
2021-08-12,138.232193,425.861908,0.8781052633408726
2021-08-13,138.248688,426.636902,0.8846697695082235
2021-08-16,138.758102,427.64151,0.9009053257413714
2021-08-17,137.14444,424.838226,0.915965491014782
2021-08-18,136.41478,420.188385,0.930490644040994
2021-08-19,136.757874,420.838959,0.9319435081780753
2021-08-20,138.279648,424.187622,0.9358373116570804
2021-08-23,140.939117,427.918976,0.9409030231727896
2021-08-24,142.236633,428.598297,0.930257080945136
2021-08-25,142.787506,429.497589,0.916843820705202
2021-08-26,141.961456,426.962189,0.8601250799248932
2021-08-27,144.3862,430.779694,0.7964760034419276
2021-08-30,145.304153,432.674072,0.7479362934914494
2021-08-31,145.296661,432.03302,0.7540624659668687
2021-09-01,145.676224,432.262665,0.7638353995495056
2021-09-02,144.055069,433.592499,0.7815714709050826
2021-09-03,144.610428,433.487244,0.7721064670440296
2021-09-07,145.353592,431.937347,0.7775058163611478
2021-09-08,144.718811,431.411163,0.7908985357934117
2021-09-09,144.748779,429.564606,0.8123803965291461
2021-09-10,141.759689,426.177734,0.8358012839451492
2021-09-13,143.301926,427.268372,0.8521104298726434
2021-09-14,143.242996,424.962585,0.8667073287841489
2021-09-15,145.040939,428.512177,0.8771313157980792
2021-09-16,144.209396,427.832916,0.8890697477517469
2021-09-17,141.302704,423.665283,0.9016615575443804
2021-09-20,138.858978,416.601074,0.9089012582722068
2021-09-21,139.487762,416.20752,0.9145277930047316
2021-09-22,140.778305,420.267548,0.921739779534745
2021-09-23,141.665298,425.373779,0.9292095719486406
2021-09-24,142.470871,426.074493,0.933726791775272
2021-09-27,141.340164,424.85556,0.9366348974417492
2021-09-28,136.029205,416.293915,0.9372083345312656
2021-09-29,134.368088,416.994598,0.932395687456084
2021-09-30,133.114029,411.897919,0.9263932061796236
2021-10-01,136.307388,416.792999,0.9190229870553004
2021-10-04,133.612961,411.41803,0.9119948598520332
2021-10-05,136.022217,415.698822,0.9003929218938637
2021-10-06,137.197876,417.426483,0.8895323997712767
2021-10-07,139.027298,421.0354,0.8798476708864322
2021-10-08,139.896805,420.267548,0.8722386248327649
2021-10-11,138.689682,417.224915,0.8726583420495498
2021-10-12,136.557602,416.197968,0.8705575772313148
2021-10-13,137.743256,417.695221,0.8515733724933795
2021-10-14,141.251266,424.7211,0.8354142157042047
2021-10-15,141.513962,427.955688,0.8358032443402418
2021-10-18,142.798004,429.222656,0.8308610953976884
2021-10-19,143.658524,432.534088,0.8365023508110716
2021-10-20,142.253113,434.232971,0.8366653750183075
2021-10-21,142.61821,435.36554,0.8272867070516586
2021-10-22,138.467438,434.914459,0.8295572010025889
2021-10-25,138.61525,437.246796,0.8054286466004479
2021-10-26,139.513245,437.64032,0.7946861207022587
2021-10-27,146.261063,435.701508,0.7736438301533735
2021-10-28,145.962906,439.905548,0.7774479738915581
2021-10-29,148.101959,440.798187,0.7315598893103502
2021-11-01,143.61058,441.556458,0.7175192610379892
2021-11-02,145.697205,443.341675,0.6678490896744959
2021-11-03,146.623138,446.04837,0.6119142022702482
2021-11-04,148.513992,448.150391,0.5568068094836385
2021-11-05,149.071365,449.705292,0.5021036606845354
2021-11-08,149.181732,450.089264,0.4105358862564986
2021-11-09,149.078857,448.601532,0.3478266980132449
2021-11-10,146.459351,444.992584,0.3186337832735587
2021-11-11,146.581192,445.136566,0.3107846098883488
2021-11-12,149.475403,448.495911,0.2884565474575198
2021-11-15,149.218201,448.649445,0.2746322095060837
2021-11-16,148.906555,450.42514,0.2822220373003197
2021-11-17,148.892563,449.330994,0.2815068495443335
2021-11-18,150.537689,450.857086,0.3331988590077694
2021-11-19,149.782059,450.050903,0.3991787340123618
2021-11-22,146.911331,448.783844,0.487901855680612
2021-11-23,146.590195,449.379028,0.5987991459970496
2021-11-24,146.550735,450.578735,0.661448222024367
2021-11-26,142.643677,440.529419,0.7239814150210695
2021-11-29,145.947922,445.933228,0.7644029460226726
2021-11-30,142.29007,437.25647,0.7958593370817834
2021-12-01,141.457031,432.399719,0.8113876322975313
2021-12-02,143.613083,439.022461,0.8257488236344952
2021-12-03,142.35849,435.202454,0.8352886058314946
2021-12-06,143.633041,440.356659,0.8235091850319577
2021-12-07,147.868225,449.465332,0.8093635381311529
2021-12-08,148.551453,450.655518,0.7947015959402078
2021-12-09,147.937653,447.612885,0.7929548980355479
2021-12-10,148.506012,451.826508,0.79721663698047
2021-12-13,146.53775,447.824066,0.7956477411847247
2021-12-14,144.805725,444.743011,0.7968581137182856
2021-12-15,147.200989,451.6922,0.8056946283443674
2021-12-16,144.673874,447.708893,0.8049315076630167
2021-12-17,142.640671,442.94397,0.8056667753314559
2021-12-20,142.239639,438.233917,0.8061886552658919
2021-12-21,144.05658,446.016541,0.8190401170386227
2021-12-22,146.781967,450.476135,0.8289491913436662
2021-12-23,146.97525,453.279053,0.8391606573045186
2021-12-27,147.895691,459.693939,0.8490715361770473
2021-12-28,146.28154,459.318237,0.8388583794040575
2021-12-29,146.337982,459.905853,0.8279284415559659
2021-12-30,145.836548,458.634399,0.8125384713257006
2021-12-31,144.51506,457.478546,0.7928247665585284
2022-01-03,144.909592,460.12735,0.7766133783518342
2022-01-04,144.25235,459.973236,0.7538470814767545
2022-01-05,137.49704,451.140808,0.7333747632583063
2022-01-06,137.394653,450.716949,0.7666683600855072
2022-01-07,136.84877,448.935059,0.794187139788402
2022-01-10,138.416489,448.376373,0.7997164991733449
2022-01-11,139.858353,452.460358,0.7995134833918206
2022-01-12,141.486984,453.683594,0.8014473035918781
2022-01-13,138.972855,447.432434,0.8070008850382744
2022-01-14,139.627609,447.615509,0.8130975937359368
2022-01-18,136.135574,439.688354,0.8120959814805307
2022-01-19,135.497803,435.122833,0.8228612001620266
2022-01-20,133.354752,430.306824,0.8319470031299935
2022-01-21,129.944122,421.859619,0.8429796542724167
2022-01-24,130.223801,423.651184,0.8569970119655221
2022-01-25,126.591438,418.478821,0.8699406318387632
2022-01-26,129.093109,417.429016,0.8917814441522177
2022-01-27,128.974228,415.367676,0.901008728972506
2022-01-28,133.138,425.683563,0.9074250843918996
2022-01-31,135.544266,433.350586,0.917215736428614
2022-02-01,137.721771,436.278687,0.9280912768779148
2022-02-02,147.868225,440.516724,0.9322439862989528
2022-02-03,142.488358,430.162384,0.9418884957334288
2022-02-04,142.853439,432.185059,0.9535494324448932
2022-02-07,138.780075,430.798065,0.9621494355237292
2022-02-08,139.054764,434.342621,0.9614676967911666
2022-02-09,141.292221,440.699738,0.957124220711704
2022-02-10,138.444946,432.782288,0.9433939314950934
2022-02-11,133.977539,424.248352,0.9241878346667844
2022-02-14,135.14621,422.861389,0.9035860454466128
2022-02-15,136.270432,429.680786,0.8834946914943673
2022-02-16,137.331223,430.162384,0.8611005964104
2022-02-17,132.158112,420.973541,0.8436268175379674
2022-02-18,130.319199,418.247681,0.8250571154441321
2022-02-22,129.255417,413.759216,0.7939007786705689
2022-02-23,127.43998,406.419678,0.7626992222613875
2022-02-24,132.52269,412.53595,0.7478602129114724
2022-02-25,134.366592,421.638092,0.7546790798360729
2022-02-28,134.737686,420.559326,0.7791279667815402
2022-03-01,134.015503,414.154114,0.7951525006392213
2022-03-02,134.598328,421.77298,0.8012458776796949
2022-03-03,134.155334,419.673157,0.8230955749051123
2022-03-04,131.971817,416.263519,0.8388735148871241
2022-03-07,126.320755,403.992401,0.8505551479633175
2022-03-08,127.133827,400.929443,0.8533805612438239
2022-03-09,133.713837,411.678711,0.8735986459360109
2022-03-10,132.531189,409.819763,0.8962824557275914
2022-03-11,130.327194,404.608826,0.9158710681299892
2022-03-14,126.596939,401.651825,0.932099460733148
2022-03-15,129.513123,410.484314,0.9370704329485144
2022-03-16,133.538544,419.586517,0.9402098887227416
2022-03-17,134.447495,424.835968,0.9425631257150454
2022-03-18,136.645996,429.489044,0.9443592407791438
2022-03-21,136.323364,429.363464,0.9457720060910036
2022-03-22,140.118042,434.387604,0.9461155370202928
2022-03-23,138.346069,428.793396,0.9475538952253773
2022-03-24,141.151367,435.257172,0.9516483804211208
2022-03-25,141.360641,437.382813,0.9538843151803748
2022-03-28,141.788651,440.493927,0.955116931493182
2022-03-29,143.087173,445.943176,0.9534121933759784
2022-03-30,142.482361,443.189575,0.9475748499942956
2022-03-31,139.490768,436.368317,0.940348627019392
2022-04-01,140.54007,437.605072,0.9367681816986558
2022-04-04,143.479233,441.353821,0.933925437437428
2022-04-05,140.902664,435.778931,0.930376073333461
2022-04-06,137.020065,431.421417,0.93044430244891
2022-04-07,136.309875,433.595337,0.930193694012716
2022-04-08,133.85817,432.435944,0.9266204528219562
2022-04-11,129.648956,425.044617,0.9203735947486424
2022-04-12,128.228577,423.469788,0.914633015294212
2022-04-13,130.137909,428.319946,0.9090058236060964
2022-04-14,127.108353,422.986633,0.9041681381117525
2022-04-18,127.815552,423.160522,0.9003339315665514
2022-04-19,130.382629,429.991486,0.8892735865110882
2022-04-20,128.099731,429.672638,0.8794882761145617
2022-04-21,124.795486,423.247528,0.8622018064881715
2022-04-22,119.478035,411.633942,0.8332640251179954
2022-04-25,123.109909,414.020447,0.8140459521004539
2022-04-26,119.370155,402.03006,0.788777412754078
2022-04-27,114.889763,403.160461,0.749065268546647
2022-04-28,119.275772,413.344147,0.7318447054542122
2022-04-29,114.835823,398.068695,0.7088513439409171
2022-05-02,117.023827,400.464813,0.7055352889284479
2022-05-03,117.995232,402.300568,0.704974673159095
2022-05-04,122.435669,414.551819,0.6976717595279489
2022-05-05,116.6138,399.817474,0.6363536317944941
2022-05-06,115.528534,397.430969,0.6023173084782812
2022-05-09,112.95546,384.706299,0.5579518554913794
2022-05-10,114.454262,385.595184,0.5219315780328219
2022-05-11,113.831467,379.469635,0.5004515705932907
2022-05-12,113.032379,379.073456,0.4870850390825848
2022-05-13,116.383064,388.136292,0.4866423440039277
2022-05-16,114.662025,386.561401,0.480852469160972
2022-05-17,116.568848,394.513123,0.4759452936261067
2022-05-18,112.273239,378.60965,0.4630713477947821
2022-05-19,110.619621,376.290833,0.4645734567948772
2022-05-20,109.188751,376.455109,0.4679705925126332
2022-05-23,111.539566,383.498627,0.476392609180596
2022-05-24,105.805603,380.571075,0.45982957016771
2022-05-25,105.7192,383.93338,0.4652325963587168
2022-05-26,108.172905,391.604919,0.479750036355836
2022-05-27,112.670792,401.218414,0.5274389720341712
2022-05-31,113.909378,398.967224,0.5530112418145905
2022-06-01,114.007263,395.740173,0.5755602673794599
2022-06-02,117.612167,403.276459,0.5843337532967828
2022-06-03,114.433784,396.658081,0.5701718803483732
2022-06-06,116.877495,397.865784,0.60136999180724
2022-06-07,117.096252,401.68222,0.6142819059812031
2022-06-08,117.104736,397.315094,0.6210497676217328
2022-06-09,114.787376,387.865753,0.6270870692856573
2022-06-10,111.300842,376.619324,0.6385483850583408
2022-06-13,106.75502,362.319824,0.6703871847426411
2022-06-14,107.072159,361.228058,0.6787960528641823
2022-06-15,110.26503,366.377838,0.6997374299830141
2022-06-16,106.514793,354.252167,0.7240203775657886
2022-06-17,107.742897,355.015839,0.7263875823089047
2022-06-21,111.88768,363.952881,0.7179534227429006
2022-06-22,111.906654,363.292999,0.7272933920288869
2022-06-23,112.556419,366.854187,0.7234581161466159
2022-06-24,118.403267,378.517914,0.7123115714057515
2022-06-27,116.489937,377.072083,0.7228968126745641
2022-06-28,112.44355,369.367401,0.7245469907919615
2022-06-29,112.128906,369.06662,0.7221752529592849
2022-06-30,109.248177,366.068207,0.7038980005710873
2022-07-01,108.957016,369.939972,0.6736834852573055
2022-07-05,113.757553,370.638641,0.6507652602182709
2022-07-06,115.082542,371.890411,0.6551310390221574
2022-07-07,119.170387,377.460236,0.6715819310208855
2022-07-08,120.031914,377.14978,0.7182956018656238
2022-07-11,116.390053,372.84137,0.7778847498641199
2022-07-12,114.718956,369.542114,0.8131025770244811
2022-07-13,112.059479,367.601379,0.8411406910427177
2022-07-14,111.313332,366.708649,0.8557228003741884
2022-07-15,112.638817,373.714661,0.8668886842932357
2022-07-18,109.785072,370.628937,0.886756687072065
2022-07-19,114.489716,380.643005,0.8984733190950663
2022-07-20,114.569618,383.068909,0.9241315070201026
2022-07-21,114.909241,386.969757,0.9462953331085356
2022-07-22,108.236832,383.379486,0.9587801038119668
2022-07-25,108.086998,383.845276,0.9605417368912168
2022-07-26,105.320152,379.303955,0.96425110867764
2022-07-27,113.470871,389.153107,0.9660595667571846
2022-07-28,114.459747,394.033997,0.970326895610919
2022-07-29,116.507416,399.778503,0.971178318500474
2022-08-01,115.34874,398.594666,0.9725002731100626
2022-08-02,115.768265,395.964996,0.9731223731979284
2022-08-03,118.644989,402.165588,0.9748392825937984
2022-08-04,118.734886,401.89389,0.9766646123244952
2022-08-05,118.085625,401.214661,0.9783035302289056
2022-08-08,118.005714,400.748901,0.9794679346899576
2022-08-09,117.36644,399.157501,0.9808001869060036
2022-08-10,120.512863,407.541412,0.9817390171373048
2022-08-11,119.683807,407.541412,0.9814725598148788
2022-08-12,122.51059,414.440643,0.9807509589767524
2022-08-15,122.740326,416.148529,0.9799645785867668
2022-08-16,122.37075,416.963593,0.9782643150165096
2022-08-17,120.183235,414.004028,0.9773405276738792
2022-08-18,120.722626,415.207275,0.9761272788142332
2022-08-19,117.985741,409.627716,0.9734756104254296
2022-08-22,114.939201,401.098206,0.9709585199767392
2022-08-23,114.639542,400.127838,0.9694547972667656
2022-08-24,114.569618,401.408722,0.966949051176348
2022-08-25,117.566216,407.075623,0.9639270706947356
2022-08-26,111.173492,393.296509,0.959480247240775
2022-08-29,110.214577,390.695953,0.9566273935571536
2022-08-30,109.785072,386.406982,0.9030316321063714
2022-08-31,109.025932,383.466766,0.8382392255889257
2022-09-01,110.424347,384.670013,0.7851136271846096
2022-09-02,108.556465,380.613892,0.7222539121799622
2022-09-06,107.357834,379.177795,0.6317636029821557
2022-09-07,110.354424,385.989777,0.5714805930776485
2022-09-08,109.295624,388.512634,0.5028626912191271
2022-09-09,111.652946,394.548279,0.4272864393116944
2022-09-12,111.742844,398.788757,0.3053831227164375
2022-09-13,105.190292,381.448456,0.1171932033741188
2022-09-14,105.749664,382.903992,0.0603669059523553
2022-09-15,103.781906,378.556732,-0.0444871880676922
2022-09-16,103.512207,375.668823,-0.0932311083618561
2022-09-19,103.731956,378.582092,-0.1350357021596795
2022-09-20,101.714256,374.236481,-0.1570696089177014
2022-09-21,99.896324,367.708374,-0.1555041121693026
2022-09-22,100.455688,364.61972,-0.1422547334098642
2022-09-23,99.057274,358.510559,-0.1295119521007479
2022-09-26,98.697685,354.963898,-0.1272848813984554
2022-09-27,97.9785,354.057831,-0.1100513033049828
2022-09-28,100.625488,361.024353,-0.0817783313351048
2022-09-29,97.9785,353.482941,-0.0612881846525313
2022-09-30,96.04071,348.016846,-0.0559232742753202
2022-10-03,99.187134,357.204895,-0.068315173519512
2022-10-04,102.293602,368.273468,-0.0081703770967364
2022-10-05,102.103813,367.416138,0.0393723495202382
2022-10-06,102.123787,363.625885,0.0821633154272814
2022-10-07,99.456825,353.482941,0.1188875671426352
2022-10-10,98.597801,350.783997,0.1460145540773615
2022-10-11,97.938553,348.5625,0.1663852013168497
2022-10-12,98.188271,347.412781,0.1806325810992566
2022-10-13,99.596664,356.58136,0.2062349816371329
2022-10-14,97.069542,348.455292,0.2309481995601634
2022-10-17,100.665443,357.409515,0.2593939580639866
2022-10-18,101.27475,361.608978,0.3179590932292939
2022-10-19,100.176003,359.046448,0.3813189971563028
2022-10-20,100.415733,356.035736,0.4634399524362175
2022-10-21,101.364655,364.687897,0.5909022927420758
2022-10-24,102.852959,369.150421,0.6955028853359633
2022-10-25,104.81073,375.045227,0.7954292894375462
2022-10-26,94.712219,372.219635,0.9002957622044848
2022-10-27,92.494743,370.231903,0.9167098070809684
2022-10-28,96.470222,379.040009,0.9258728624691276
2022-10-31,94.552406,376.302094,0.9378335047848116
2022-11-01,90.397133,374.655457,0.9442134463858096
2022-11-02,86.971031,365.253021,0.9439121341875416
2022-11-03,83.395096,361.492065,0.9432160231410176
2022-11-04,86.601448,366.695068,0.9351652661503842
2022-11-07,88.54924,370.202728,0.9333716199108336
2022-11-08,88.808945,372.200104,0.9216459384630792
2022-11-09,87.300659,364.532013,0.9135800198297696
2022-11-10,94.062958,384.564575,0.9053250121390236
2022-11-11,96.620056,388.28653,0.8961514049561544
2022-11-14,95.920845,384.983521,0.8799439505407189
2022-11-15,98.607788,388.26709,0.8669751100636414
2022-11-16,98.87748,385.305084,0.853179731597485
2022-11-17,98.388039,384.126099,0.8615442206856025
2022-11-18,97.688835,385.870178,0.8711790166973585
2022-11-21,95.721077,384.467163,0.8701762192786429
2022-11-22,97.219368,389.640869,0.8736292869621833
2022-11-23,98.707672,392.096313,0.8752180162579822
2022-11-25,97.489059,392.008606,0.8725928721002668
2022-11-28,96.140594,385.753296,0.8752433096066595
2022-11-29,95.33152,385.090759,0.8843025643919028
2022-11-30,101.334686,397.221313,0.8877268912156029
2022-12-01,101.164879,396.929016,0.8859340626701074
2022-12-02,100.715393,396.47113,0.8879167983514059
2022-12-05,99.756485,389.338867,0.901788687762771
2022-12-06,97.199387,383.726624,0.9153595885858744
2022-12-07,95.041847,383.073853,0.9276243101860948
2022-12-08,93.843208,386.074799,0.9361453802425
2022-12-09,92.964211,383.190735,0.9351761954044956
2022-12-12,93.453651,388.71524,0.925218871582871
2022-12-13,95.741051,391.657806,0.9133578808338376
2022-12-14,95.20166,389.153748,0.89112067872155
2022-12-15,91.096336,379.634399,0.8715616006425925
2022-12-16,90.756721,375.152344,0.8612332601460355
2022-12-19,89.048668,371.971161,0.8556384377590877
2022-12-20,89.528122,372.480164,0.8453060456363116
2022-12-21,90.147415,378.049713,0.8395899305379458
2022-12-22,88.159683,372.656372,0.8334137877484661
2022-12-23,89.707916,374.800018,0.8192200734554107
2022-12-27,87.830055,373.321991,0.8114339815626259
2022-12-28,86.361725,368.682404,0.7988329634487555
2022-12-29,88.848892,375.318787,0.7848862715550957
2022-12-30,88.62915,374.330139,0.7794637906730353
2023-01-03,89.598038,372.754303,0.7721353961172531
2023-01-04,88.609169,375.631989,0.7684127420832718
2023-01-05,86.671371,371.344818,0.7583810232718257
2023-01-06,88.059799,379.860474,0.7406392568335002
2023-01-09,88.699066,379.645142,0.7234899199372704
2023-01-10,89.138565,382.307526,0.706889713941401
2023-01-11,92.155136,387.142914,0.6949133694856676
2023-01-12,91.805534,388.552429,0.6901691178000827
2023-01-13,92.694519,390.059814,0.6824688737968841
2023-01-17,92.055252,389.345276,0.6567338881656852
2023-01-18,91.675674,383.198242,0.6252248188293983
2023-01-19,93.803261,380.40863,0.5526811931333208
2023-01-20,99.167152,387.49527,0.5159665124278937
2023-01-23,101.094955,392.144684,0.5012409253200816
2023-01-24,99.097229,391.723846,0.4543444057023381
2023-01-25,96.620056,391.870605,0.3996763354503678
2023-01-26,99.047295,396.177429,0.3645733242143802
2023-01-27,100.595528,397.087708,0.3466795531948015
2023-01-30,97.838661,392.10556,0.3297460800748921
2023-01-31,99.756485,397.870819,0.3312528755503335
2023-02-01,101.314713,402.099304,0.3324677228017811
2023-02-02,108.676331,407.952667,0.3425833356426237
2023-02-03,105.100403,403.616425,0.3089060424024593
2023-02-06,103.352394,401.149811,0.3020993188100684
2023-02-07,107.917198,406.396301,0.3049343318527712
2023-02-08,99.886337,401.952484,0.2878533083779723
2023-02-09,95.351494,398.467865,0.3184425595633455
2023-02-10,94.752174,399.397736,0.3599371769417904
2023-02-13,94.892014,404.086243,0.3968860479315999
2023-02-14,94.842072,403.90033,0.4701437658283914
2023-02-15,96.989632,405.211945,0.5404897811856338
2023-02-16,95.671127,399.63266,0.5898838776889681
2023-02-17,94.482483,398.634308,0.6187611753239892
2023-02-21,91.945374,390.637299,0.6470914734199161
2023-02-22,91.695656,390.098969,0.6597626427989537
2023-02-23,90.966484,392.174042,0.670281564881337
2023-02-24,89.248436,387.98468,0.6912967893999263
2023-02-27,89.997589,389.306152,0.6956609482060208
2023-02-28,90.197365,387.867249,0.7033060663917557
2023-03-01,90.40712,386.379456,0.7151470875875017
2023-03-02,92.20507,389.38443,0.7221967686520537
2023-03-03,93.913124,395.629303,0.7345054880664875
2023-03-06,95.471359,395.903381,0.7626529302614657
2023-03-07,94.062958,389.834656,0.7849068948595204
2023-03-08,94.542419,390.470947,0.7922375530212905
2023-03-09,92.55468,383.266754,0.8033075000133426
2023-03-10,90.906555,377.73645,0.8008398903314994
2023-03-13,91.555817,377.19809,0.7774556105524509
2023-03-14,94.142868,383.433197,0.7309587877662633
2023-03-15,96.440262,381.035065,0.6522182428513553
2023-03-16,100.955116,387.720367,0.5451244085484362
2023-03-17,102.343536,383.18692,0.5136649477388711
2023-03-20,101.81414,386.87146,0.4549486226872623
2023-03-21,105.719688,391.951324,0.4475215290311659
2023-03-22,104.10154,385.269897,0.5024429246744837
2023-03-23,106.139221,386.311462,0.5457877846305103
2023-03-24,105.939445,388.846436,0.6124546203341122
2023-03-27,102.942856,389.573486,0.6382636010291728
2023-03-28,101.244789,388.699036,0.6224495778731055
2023-03-29,101.784172,394.348785,0.630926710744764
2023-03-30,101.204834,396.657776,0.6591861905572933
2023-03-31,103.88179,402.248474,0.6726503456739555
2023-04-03,104.790756,403.781342,0.6840528939293795
2023-04-04,105.000519,401.541046,0.7060100860914394
2023-04-05,104.830704,400.489716,0.7094786627960421
2023-04-06,108.776222,402.051971,0.7225758446133529
2023-04-10,106.82843,402.464661,0.7422140813344384
2023-04-11,105.999382,402.572723,0.7405795899042065
2023-04-12,105.100403,400.931854,0.731345077456816
2023-04-13,108.067024,406.257324,0.7201026474302223
2023-04-14,109.335579,405.264954,0.7172150028426353
2023-04-17,106.299034,406.719116,0.7084773126629333
2023-04-18,105.000519,406.984375,0.706976761915263
2023-04-19,104.900627,406.915649,0.7064772522720532
2023-04-20,105.779633,404.695038,0.7040584299873418
2023-04-21,105.789619,405.009491,0.6997521337793282
2023-04-24,106.658623,405.431946,0.6894308517343095
2023-04-25,104.491096,398.996216,0.6875066867535432
2023-04-26,104.331276,397.306213,0.6707746367367017
2023-04-27,108.246826,405.21582,0.6349949480829108
2023-04-28,108.096992,408.674438,0.6063208123570296
2023-05-01,107.58757,408.261719,0.5963695415325339
2023-05-02,105.859543,403.673218,0.5770531788552199
2023-05-03,105.999382,400.902405,0.538021912141693
2023-05-04,105.090408,398.062775,0.4793867936576942
2023-05-05,106.094269,405.431946,0.4102417153199221
2023-05-08,108.116966,405.540039,0.3585988688808498
2023-05-09,107.817314,403.761627,0.2878119061315421
2023-05-10,112.152374,405.648163,0.1321525501907338
2023-05-11,116.767128,404.940735,-0.0314752482648829
2023-05-12,117.785965,404.410095,-0.1506869095589119
2023-05-15,116.827057,405.805389,-0.1852657063698957
2023-05-16,119.953491,403.093506,-0.2335246563695927
2023-05-17,121.341919,407.986633,-0.2512236598054632
2023-05-18,123.379593,411.91684,-0.248223317166804
2023-05-19,123.109909,411.317444,-0.238252891409697
2023-05-22,125.726929,411.484528,-0.2780998900849579
2023-05-23,123.149864,406.866486,-0.2714146133763475
2023-05-24,121.50174,403.918854,-0.2769104083108856
2023-05-25,124.208656,407.416718,-0.3106283874323803
2023-05-26,125.28743,412.693054,-0.1600768670756646
2023-05-30,124.498329,412.850281,-0.0356254298482319
2023-05-31,123.229774,410.560913,0.1149355974797718
2023-06-01,124.228638,414.4617,0.2219059563128284
2023-06-02,125.087662,420.455231,0.3072064821771381
2023-06-05,126.486061,419.649567,0.3508854124280813
2023-06-06,127.76461,420.563324,0.4118625555491375
2023-06-07,122.800262,419.109131,0.4855470237314239
2023-06-08,122.530563,421.644165,0.5121311949152658
2023-06-09,122.730339,422.400696,0.5223454531988055
2023-06-12,124.208656,426.232666,0.5261772042513806
2023-06-13,124.288567,429.042816,0.5359746216325663
2023-06-14,124.238617,429.553711,0.5384657237887984
2023-06-15,125.647018,434.879181,0.5447271829508072
2023-06-16,123.918983,433.397888,0.5300099186958181
2023-06-20,123.709221,431.149353,0.5032829731108225
2023-06-21,121.122169,428.940247,0.4512880067698094
2023-06-22,123.729202,430.488617,0.4070859068550598
2023-06-23,122.880165,427.23407,0.3827582838473228
2023-06-26,118.954628,425.488556,0.3436681388149724
2023-06-27,118.874725,430.153259,0.2683493865617334
2023-06-28,120.942375,430.370239,0.1859350381778268
2023-06-29,119.873589,432.066498,0.1257006286558617
2023-06-30,120.832497,437.165161,0.0673431630300008
2023-07-03,120.422958,437.668182,0.0656607420956577
2023-07-05,122.490608,437.017242,0.0776926005136099
2023-07-06,120.792542,433.595154,0.0835505260307219
2023-07-07,120.003441,432.500427,0.0675206763734224
2023-07-10,116.73716,433.595154,0.0211369412257652
2023-07-11,117.576202,436.356506,-0.0675309267292288
2023-07-12,119.484032,439.867401,-0.145485798013989
2023-07-13,124.68811,443.358551,-0.1832952819583419
2023-07-14,125.557121,443.082397,-0.1694266651344981
2023-07-17,124.917847,444.620911,-0.1719864331357897
2023-07-18,123.938965,447.924713,-0.1635778666700192
2023-07-19,122.640442,448.920776,-0.1057384582526044
2023-07-20,119.394135,445.942383,-0.06479018249245
2023-07-21,120.173248,445.942383,-0.0251224127053529
2023-07-24,121.741463,447.93457,0.0174293390817638
2023-07-25,122.650429,449.15744,0.0965118456495871
2023-07-26,129.512619,449.226501,0.2407339414586139
2023-07-27,129.722382,446.248169,0.30453490466222
2023-07-28,132.85881,450.617035,0.3400465819464573
2023-07-31,132.958694,451.475006,0.3918358399767488
2023-08-01,131.740082,450.183105,0.4097557424773988
2023-08-02,128.493774,443.920715,0.4257301667898355
2023-08-03,128.623642,442.648499,0.4717747634277588
2023-08-04,128.39389,440.646484,0.4677355113838156
2023-08-07,131.790039,444.492676,0.4725321664906751
2023-08-08,131.69014,442.559753,0.4316924919302721
2023-08-09,130.00206,439.601135,0.3996396467247753
2023-08-10,130.061996,439.758911,0.3685060192916441
2023-08-11,130.022034,439.502502,0.3534348952115368
2023-08-14,131.680161,441.928558,0.3585473037225567
2023-08-15,130.121933,436.780579,0.3582966262125762
2023-08-16,128.963242,433.575409,0.350174769130201
2023-08-17,130.311722,430.271637,0.340086302989149
2023-08-18,127.964386,430.47876,0.3226363320522027
2023-08-21,128.783447,433.279541,0.3090400553037581
2023-08-22,129.542587,432.105957,0.2980150723648312
2023-08-23,133.058594,436.91864,0.2704857211951269
2023-08-24,130.271759,430.863373,0.2666478317167213
2023-08-25,130.541458,433.900848,0.2386775736138576
2023-08-28,131.640198,436.652405,0.2130450261772408
2023-08-29,135.335999,442.964081,0.3444018458651181
2023-08-30,136.774353,444.788605,0.4705496886294227
2023-08-31,137.193878,444.137665,0.5570924242735021
2023-09-01,136.644501,444.966095,0.597490898138766
2023-09-05,136.554611,443.042969,0.6307213395310395
2023-09-06,135.216125,440.064636,0.6478488294726517
2023-09-07,136.045181,438.713562,0.6485498901960121
2023-09-08,137.044052,439.374268,0.6377829243976623
2023-09-11,137.583435,442.263885,0.6243127098958486
2023-09-12,135.915344,439.837799,0.6116966983240433
2023-09-13,137.343704,440.350616,0.609542858180685
2023-09-14,138.832016,444.147491,0.5990670859161319
2023-09-15,138.142807,438.796295,0.5770280749437227
2023-09-18,138.802063,439.053619,0.5517833345625442
2023-09-19,138.672195,438.143097,0.5149161702672098
2023-09-20,134.437012,434.115112,0.4905219377340404
2023-09-21,131.210693,426.93988,0.509691414088786
2023-09-22,131.100815,425.979919,0.5122122720069193
2023-09-25,132.01976,427.77124,0.5185129880250243
2023-09-26,129.302856,421.486725,0.5317260236470945
2023-09-27,131.310577,421.654968,0.5460948100492984
2023-09-28,132.978683,424.099487,0.5463131488042103
2023-09-29,131.700134,423.070221,0.5484157358917165
2023-10-02,135.016357,422.901947,0.5516840270828784
2023-10-03,133.148483,417.240997,0.5467579075717383
2023-10-04,136.115112,420.279297,0.5187623605133099
2023-10-05,135.835434,420.120941,0.4947188257243929
2023-10-06,138.572311,425.108978,0.4573847901937403
2023-10-09,139.341431,427.830597,0.4456382832388438
2023-10-10,139.041779,430.057404,0.4334660276046452
2023-10-11,141.538925,431.819061,0.4571729145573834
2023-10-12,140.130524,429.186493,0.4789289717389821
2023-10-13,138.422485,427.048767,0.4908766390240694
2023-10-16,140.330322,431.541931,0.492570288865536
2023-10-17,140.829742,431.522095,0.4944587253331387
2023-10-18,139.121689,425.772034,0.4974599532751567
2023-10-19,138.822021,422.031036,0.5172765226039321
2023-10-20,136.584579,416.845093,0.572802761167618
2023-10-23,137.743256,416.12262,0.6259241682351595
2023-10-24,139.960724,419.259918,0.6986280117673878
2023-10-25,126.526016,413.242645,0.7962743382911969
2023-10-26,123.29969,408.294189,0.7944546199805308
2023-10-27,123.259735,406.443512,0.7806280250460819
2023-10-30,125.607063,411.302856,0.756315242271615
2023-10-31,125.157578,413.885956,0.7354882502067603
2023-11-01,127.424995,418.299957,0.7040006253121489
2023-11-02,128.433853,426.316406,0.6712290830610206
2023-11-03,130.221802,430.205841,0.643436460168992
2023-11-06,131.300583,431.195526,0.6157406365328175
2023-11-07,132.249496,432.422729,0.5865941966275846
2023-11-08,133.108521,432.739441,0.5760886965548496
2023-11-09,131.540314,429.364624,0.5751960228660352
2023-11-10,133.907623,436.064789,0.5602612126462381
2023-11-13,133.488098,435.649109,0.5681033219360241
2023-11-14,135.276062,444.101013,0.5705590437478494
2023-11-15,136.224991,445.041199,0.5804616123679964
2023-11-16,138.542343,445.585541,0.5897693274429344
2023-11-17,136.784348,446.139771,0.6321019158293243
2023-11-20,137.763229,449.573975,0.6713828738823224
2023-11-21,138.462433,448.594177,0.7085189683435744
2023-11-22,139.860855,450.326111,0.7523539967640887
2023-11-24,138.062897,450.60321,0.7991096699076288
2023-11-27,137.893082,449.791687,0.8304438325054673
2023-11-28,138.462433,450.237061,0.8581594099549252
2023-11-29,136.244949,449.920319,0.8921817609598376
2023-11-30,133.767776,451.691895,0.9123319262048594
2023-12-01,133.168472,454.364044,0.9027662509009334
2023-12-04,130.481522,451.978882,0.8777526448305047
2023-12-05,132.239517,451.889832,0.8363250627408547
2023-12-06,131.280594,450.068817,0.8112807760843512
2023-12-07,138.292633,453.503021,0.7789641113613492
2023-12-08,136.48468,455.452698,0.7778032166680694
2023-12-11,134.54689,457.224243,0.7664246671085293
2023-12-12,133.488098,459.312439,0.7587608237858747
2023-12-13,133.817719,465.646454,0.7391724345141396
2023-12-14,133.048599,467.140869,0.7261273354865828
2023-12-15,133.687866,466.371704,0.7163113790233997
2023-12-18,137.034058,468.995087,0.6677164444390087
2023-12-19,137.943039,471.847015,0.6082863455972285
2023-12-20,139.501251,465.308472,0.5684578722966288
2023-12-21,141.638824,469.72049,0.5317887435398381
2023-12-22,142.55777,470.66449,0.5004330976169569
2023-12-26,142.657669,472.651886,0.4752516574955018
2023-12-27,141.279236,473.5065,0.3824953250221327
2023-12-28,141.119415,473.685333,0.3082726986071896
2023-12-29,140.769806,472.314026,0.2150776083852666
2024-01-02,139.401367,469.670776,0.1445031695309429
2024-01-03,140.200455,465.835144,0.0355354689184406
2024-01-04,137.883087,464.334625,-0.0972684769678434
2024-01-05,137.233841,464.970642,-0.2277056738511155
2024-01-08,140.37027,471.608521,-0.3733732123661491
2024-01-09,142.397949,470.893066,-0.4603473694833337
2024-01-10,143.636551,473.556152,-0.5173857194952644
2024-01-11,143.506699,473.347504,-0.5485863996757212
2024-01-12,144.07605,473.675385,-0.5783882501450136
2024-01-16,143.916229,471.936401,-0.5984641077122242
2024-01-17,142.727585,469.31308,-0.6070769963816314
2024-01-18,144.825195,473.486603,-0.6601872205346893
2024-01-19,147.801804,479.38916,-0.6414796516416724
2024-01-22,147.542114,480.40274,-0.5873313336392144
2024-01-23,148.511002,481.803833,-0.5004649764898446
2024-01-24,150.179108,482.330505,-0.4167083393818593
2024-01-25,153.465363,484.953857,-0.3029412998139351
2024-01-26,153.615189,484.337769,-0.1897886854570117
2024-01-29,154.664001,488.173401,-0.0675424143130379
2024-01-30,152.876038,487.795837,0.0692603349733217
2024-01-31,141.638824,479.836304,0.200049520966026
2024-02-01,142.547791,486.116516,0.2581649645565658
2024-02-02,143.376831,491.234039,0.2973800404588042
2024-02-05,144.765259,489.445374,0.3362214701735341
2024-02-06,145.24472,490.866364,0.3587076743564746
2024-02-07,146.51326,494.960388,0.3983400203307104
2024-02-08,147.052658,495.179016,0.4396121345841532
2024-02-09,150.049255,498.040863,0.4846579789221383
2024-02-12,148.560944,497.822235,0.5155863622516079
2024-02-13,146.203629,490.965698,0.5514188660664463
2024-02-14,146.972748,495.427429,0.5673552436396091
2024-02-15,143.776398,498.845764,0.5500866078537183
2024-02-16,141.598862,496.361511,0.5033404161341837
2024-02-20,142.038361,493.628845,0.4264767588737979
2024-02-21,143.676498,494.075958,0.3429125526132144
2024-02-22,145.154831,504.301117,0.2550662012252619
2024-02-23,145.124847,504.648926,0.18825100540431
2024-02-26,138.592285,502.800629,0.1477093708902074
2024-02-27,139.940765,503.734711,0.0845796383355983
2024-02-28,137.273788,503.06897,0.0311386559227623
2024-02-29,139.621109,504.877472,-0.0393018830189519
2024-03-01,137.92305,509.617371,-0.0755021879543221
2024-03-04,134.047455,509.070862,-0.1257419434726133
2024-03-05,133.62793,503.983154,-0.1868090153062828
2024-03-06,132.409317,506.536957,-0.2698235227107761
2024-03-07,135.086288,511.565033,-0.3126360902454411
2024-03-08,136.135071,508.494537,-0.2845130018775614
2024-03-11,138.782074,508.057312,-0.2683143292769593
2024-03-12,139.461288,513.522705,-0.2614711204414977
2024-03-13,140.610001,512.717712,-0.2027709538693931
2024-03-14,144.175934,511.704193,-0.1543310116151907
2024-03-15,142.008392,508.190521,-0.1121274559282299
2024-03-18,148.311218,511.210754,-0.0840233339427459
2024-03-19,147.751862,514.051636,0.0021727946012583
2024-03-20,149.509857,518.806274,0.0882167932563597
2024-03-21,148.570938,520.520752,0.1906489648339722
2024-03-22,151.597488,519.533936,0.2989488243633504
2024-03-25,150.978195,518.098572,0.3885334878184259
2024-03-26,151.527573,517.141663,0.4562478959088187
2024-03-27,151.767303,521.48761,0.5012074082086015
2024-03-28,152.086929,521.387939,0.5712861485377074
2024-04-01,156.322113,520.480835,0.6417843456225851
2024-04-02,155.692825,517.17157,0.6828751738175299
2024-04-03,156.192261,517.739685,0.7100815647339408
2024-04-04,151.767303,511.420105,0.7411093336320242
2024-04-05,153.76503,516.762878,0.7665875483920014
2024-04-08,155.962524,517.05188,0.8089127387999306
2024-04-09,157.960251,517.650024,0.8456833207653768
2024-04-10,157.480804,512.466736,0.8778891850680399
2024-04-11,160.607224,516.334229,0.8931924631337096
2024-04-12,159.009064,509.207245,0.9086431221356328
2024-04-15,156.152313,502.82785,0.916225874139198
2024-04-16,155.822678,501.910797,0.919559436452082
2024-04-17,156.701691,498.940369,0.91512468954447
2024-04-18,157.281021,497.913666,0.910547639187299
2024-04-19,155.542999,493.567688,0.901087655033342
2024-04-22,157.770462,498.113037,0.8750102309023285
2024-04-23,159.73822,504.023956,0.8613703663387666
2024-04-24,160.916885,503.784729,0.8660299138887568
2024-04-25,157.770462,501.870911,0.8688194367412972
2024-04-26,173.492569,506.62558,0.8831182702174213
2024-04-29,167.709152,508.419769,0.9011403802077612
2024-04-30,164.452866,500.365784,0.8942085082223019
2024-05-01,165.381805,498.741028,0.8833300969408608
2024-05-02,168.268524,503.405945,0.8700222582012485
2024-05-03,168.797928,509.645844,0.8680952168738215
2024-05-06,169.636963,514.908875,0.8680830033381397
2024-05-07,172.783371,515.477051,0.869299718886016
2024-05-08,170.965454,515.526855,0.8813213805067027
2024-05-09,171.384979,518.497253,0.8867096711994213
2024-05-10,170.096436,519.165161,0.8958261303300056
2024-05-13,170.705734,519.234863,0.8934396400200212
2024-05-14,171.734573,521.617188,0.8863901665074626
2024-05-15,173.682358,528.076416,0.884063106718606
