Date,cov_return_12,cov_price_79,IC
2020-01-02,,,0.8745233834351216
2020-01-03,0.0,0.0,0.9044273131868744
2020-01-06,0.0,0.0,0.9251603457650616
2020-01-07,0.0,0.0,0.9397725223178124
2020-01-08,0.0,0.0,0.9528150178741764
2020-01-09,0.0,0.0,0.9688544498242858
2020-01-10,0.0,0.0,0.975130153549194
2020-01-13,0.0,0.0,0.9804184075410126
2020-01-14,0.0,0.0,0.9857569884495796
2020-01-15,0.0,0.0,0.987552256826086
2020-01-16,0.0,0.0,0.9905079552110826
2020-01-17,0.0,0.0,0.9922935182046712
2020-01-21,0.0,0.0,0.9927422441581506
2020-01-22,0.0,0.0,0.9924879241103944
2020-01-23,0.5976126624415878,0.0,0.9926115818529988
2020-01-24,0.4994383587122561,0.0,0.9925839258845892
2020-01-27,0.5588711969249002,0.0,0.992573340440366
2020-01-28,0.7242509308168698,0.0,0.9927465620228316
2020-01-29,0.8541346116362533,0.0,0.992621991623038
2020-01-30,0.8543682891888115,0.0,0.9921022013969216
2020-01-31,0.881340763181013,0.0,0.9915705399456536
2020-02-03,0.8628092623136908,0.0,0.9916543684514012
2020-02-04,0.8750376279260702,0.0,0.9924876392262356
2020-02-05,0.8194217234105245,0.0,0.99256695717001
2020-02-06,0.4114151646812532,0.0,0.9929500591014002
2020-02-07,0.3919753786806812,0.0,0.9928370905823748
2020-02-10,0.4011603273940507,0.0,0.9925898318396124
2020-02-11,0.3892484640706122,0.0,0.9920464012152592
2020-02-12,0.4231167329704811,0.0,0.9908453386170298
2020-02-13,0.379340809198699,0.0,0.990064030159377
2020-02-14,0.1951339492414653,0.0,0.9893951916699764
2020-02-18,0.17641059133783266,0.0,0.9885223247938636
2020-02-19,0.17865142841930695,0.0,0.987692886964328
2020-02-20,0.19312306086615283,0.0,0.986819345194206
2020-02-21,-0.1176828550277727,0.0,0.9857710413787514
2020-02-24,-0.2006454379080771,0.0,0.9837894522234532
2020-02-25,0.6839616938397909,0.0,0.9818375446047788
2020-02-26,0.9298694459165241,0.0,0.9795632119550288
2020-02-27,0.9242858273838395,0.0,0.9780193203495732
2020-02-28,0.9260866680203197,0.0,0.9774463541590416
2020-03-02,0.9615572012491276,0.0,0.9748229177771544
2020-03-03,0.9257593803215863,0.0,0.9724635356891672
2020-03-04,0.9357193156591016,0.0,0.9676113169917084
2020-03-05,0.940132060974402,0.0,0.9591530201757484
2020-03-06,0.9470112737610298,0.0,0.9539193422861776
2020-03-09,0.9469135019649803,0.0,0.9492091490491924
2020-03-10,0.9449823064551914,0.0,0.9454091517273456
2020-03-11,0.9458848665182519,0.0,0.9410114794774233
2020-03-12,0.962985334690759,0.0,0.9412980261157344
2020-03-13,0.967028754985377,0.0,0.9380185589920343
2020-03-16,0.9731285643002189,0.0,0.935670287954515
2020-03-17,0.980630587996866,0.0,0.9294870446304864
2020-03-18,0.9855630227232565,0.0,0.9269167392423012
2020-03-19,0.9870995628230627,0.0,0.9221368871280198
2020-03-20,0.9762261112703202,0.0,0.9237709252609132
2020-03-23,0.9750390423402218,0.0,0.9236814680771768
2020-03-24,0.9744973992408018,0.0,0.9311051712283278
2020-03-25,0.9794491140992677,0.0,0.9380580304712344
2020-03-26,0.9810724019915629,0.0,0.9360820616324989
2020-03-27,0.9579495958944187,0.0,0.9366623091089228
2020-03-30,0.9587736359260907,0.0,0.933233550816777
2020-03-31,0.9555191036129215,0.0,0.9321015327590118
2020-04-01,0.9484458638153744,0.0,0.9317168296255444
2020-04-02,0.925022701234238,0.0,0.92768157588191
2020-04-03,0.8912899683990112,0.0,0.9209287523737852
2020-04-06,0.8881486218938647,0.0,0.9021338640525852
2020-04-07,0.9029299161661618,0.0,0.8847732644300383
2020-04-08,0.9227621941676932,0.0,0.8622794899874808
2020-04-09,0.9153138311659755,0.0,0.8483889466374736
2020-04-13,0.9163786217262272,0.0,0.8532990146113638
2020-04-14,0.8954735069565793,0.0,0.8574537284411354
2020-04-15,0.9327597669351507,0.0,0.858555219712381
2020-04-16,0.9235540055501605,0.0,0.8542797202758246
2020-04-17,0.9079420252457875,0.0,0.8509367516016461
2020-04-20,0.9019098660125225,0.0,0.8571677009001215
2020-04-21,0.9313008940279577,0.0,0.8590608333134173
2020-04-22,0.9057192462028358,0.0,0.8514723572694483
2020-04-23,0.926995563352854,0.0,0.8466464866017092
2020-04-24,0.9170752472811691,0.0,0.841153796791335
2020-04-27,0.8455765069104016,0.9869834096168819,0.8427739845008607
2020-04-28,0.8305222706499574,0.9885901745641218,0.854360402232462
2020-04-29,0.8060059157749447,0.9894550472754241,0.9189954658558736
2020-04-30,0.7863591678527949,0.9897467926851985,0.911075263654961
2020-05-01,0.7659440940988279,0.9895831067967547,0.9061414504583216
2020-05-04,0.7251562628990298,0.9892206645187763,0.8996768254472964
2020-05-05,0.7532683548031781,0.9886690240266042,0.8975391590488611
2020-05-06,0.7560894454576171,0.9874418341088506,0.8911989983329187
2020-05-07,0.7892530957642646,0.9860436192858724,0.8784655282358641
2020-05-08,0.7874061605967541,0.9843601549914905,0.8681924805815543
2020-05-11,0.7336255505268761,0.9828821449115956,0.8637050878536956
2020-05-12,0.6863131571302533,0.9807185424331063,0.853363663791833
2020-05-13,0.6864174473480199,0.978273102193613,0.8321913972719778
2020-05-14,0.7418024963891735,0.9759504905719294,0.8095375704063669
2020-05-15,0.8137825834635475,0.9739627932544068,0.7968761152078274
2020-05-18,0.8253644136410873,0.9713838553132456,0.8005346810266513
2020-05-19,0.8986229922390625,0.9701654893686367,0.8015043741698313
2020-05-20,0.8335706474426318,0.9691193873842047,0.7969491146404679
2020-05-21,0.7911299951275712,0.967597553880386,0.8111448465323621
2020-05-22,0.8048932667831475,0.9657395419045568,0.8284391056913482
2020-05-26,0.8165460127863491,0.9638005781324059,0.8534667340735573
2020-05-27,0.8110174455583237,0.9625102698308642,0.8625562475022587
2020-05-28,0.8038629249034411,0.9615939230853169,0.8640776495982255
2020-05-29,0.7615255064669691,0.9613351031032986,0.8681198213974912
2020-06-01,0.7959709633668354,0.9616985919152359,0.8696205972043435
2020-06-02,0.7179183755910733,0.9612546590198104,0.8724586462127548
2020-06-03,0.5757129021970904,0.9607719361698002,0.8765423649625812
2020-06-04,0.581014746170238,0.9600311580918524,0.8559252705977928
2020-06-05,0.5627636967445282,0.9590941515540001,0.8227827874573355
2020-06-08,0.6264539926475474,0.9580500997137124,0.7911900862309321
2020-06-09,0.6805988758156315,0.9569041963784423,0.7700786374648305
2020-06-10,0.6566820334152095,0.9560389730285005,0.7572863760849167
2020-06-11,0.4972433451084408,0.955272311201044,0.7373770351190472
2020-06-12,0.4280679068702679,0.9532687109586976,0.6974827043616274
2020-06-15,0.8547678030748166,0.9516372468932338,0.6555606056087554
2020-06-16,0.8726554490920471,0.9512783897025638,0.6287523256394335
2020-06-17,0.8736904455113038,0.9528194942113092,0.6241113097615897
2020-06-18,0.8866867981353818,0.9541176948941755,0.6117482168790139
2020-06-19,0.8718115869301429,0.9550136249674173,0.6018572850554972
2020-06-22,0.8561874825754652,0.9564672306860045,0.6089771219835162
2020-06-23,0.8776106695062295,0.9573010386814839,0.6143787607949184
2020-06-24,0.9077113135543654,0.9581703538506677,0.6318497289276214
2020-06-25,0.8978653688468747,0.958923446725715,0.630706922790112
2020-06-26,0.913768340715717,0.9603494668293924,0.639564014417182
2020-06-29,0.9292391398287263,0.9620574002651332,0.6040046217016379
2020-06-30,0.8494740607063865,0.9639768729896436,0.6027344851671161
2020-07-01,0.8605104442489654,0.96438414010924,0.6083998320818502
2020-07-02,0.8695703215290996,0.9654728889837769,0.6270627744821501
2020-07-06,0.8722064470919998,0.9663209465726281,0.6433129176731569
2020-07-07,0.8772970554405619,0.965995736450984,0.6792154669853964
2020-07-08,0.896885949906833,0.9662767566534949,0.7222014059510209
2020-07-09,0.9031038488514805,0.9653351425405143,0.7289144105532847
2020-07-10,0.9017989145348814,0.9644139370733879,0.7369607861077809
2020-07-13,0.8743296768666934,0.9627476097149887,0.7531534807263806
2020-07-14,0.8784650315278896,0.9620606400838558,0.7594197305686957
2020-07-15,0.895369831697448,0.9616231632479314,0.7657900120486286
2020-07-16,0.8849288693278522,0.9623702355034546,0.7650694286768803
2020-07-17,0.6992753835998862,0.9630019721406325,0.7618915669640421
2020-07-20,0.6625202152411954,0.961448922342879,0.7607771025411167
2020-07-21,0.6459961051305331,0.9609471698115271,0.7791841936890459
2020-07-22,0.6150222345350191,0.9596863792429183,0.7943982916969813
2020-07-23,0.6133842183889268,0.9594103205218399,0.813800735269795
2020-07-24,0.5492983470174025,0.9580618198621587,0.8254899327740275
2020-07-27,0.6811198412548087,0.9550386631282368,0.8436159425304136
2020-07-28,0.6660624287625764,0.9520481118385,0.8778545487381956
2020-07-29,0.7559692343218485,0.9467741623522145,0.9041879904620274
2020-07-30,0.752130420486341,0.9443910908270385,0.9243495480651048
2020-07-31,0.7407919851179358,0.9419413118238676,0.9522990949787146
2020-08-03,0.7269181725172863,0.9375891301935465,0.957658177237963
2020-08-04,0.5339971132127622,0.9330006311236927,0.9537721521088331
2020-08-05,0.5350115406201287,0.9244846375867883,0.947672502952413
2020-08-06,0.5281581899923752,0.9173817579605049,0.9427971082161544
2020-08-07,0.5060531750168323,0.911328242884229,0.9290292379683056
2020-08-10,0.5291114190082682,0.9046607370395422,0.9220431749636584
2020-08-11,0.5168968848012742,0.9003615315361542,0.8955234804841731
2020-08-12,0.28312095482948973,0.893623510651456,0.866651850629369
2020-08-13,0.35937683217791067,0.8860182146242518,0.840741755403293
2020-08-14,0.44327414283817895,0.881734797399496,0.8219110270883752
2020-08-17,0.26737327322829557,0.8752095887464452,0.8137082697943749
2020-08-18,0.1863719659886752,0.8717761034976258,0.8100793951055179
2020-08-19,0.25351425465821575,0.8761535292055883,0.8084451218569452
2020-08-20,0.4786054231638632,0.8880775232752346,0.8114509702229181
2020-08-21,0.6167880611540559,0.890666510619004,0.819504437158944
2020-08-24,0.6406162708085268,0.8919013295295194,0.8262849558540465
2020-08-25,0.6331600581815096,0.891524270808071,0.8275320942801102
2020-08-26,0.542800310879019,0.8910085087271081,0.8301954421596635
2020-08-27,0.5425820689203524,0.8904122685884424,0.8308804161441847
2020-08-28,0.621534765865472,0.8910980735356733,0.82116055512187
2020-08-31,0.486728818201894,0.8940426987308477,0.7999008997153505
2020-09-01,0.4337506096685737,0.8970907317429746,0.7762223569018706
2020-09-02,0.534666614151707,0.9017949717427549,0.7296187463476448
2020-09-03,0.5313948283443034,0.903534530493272,0.5799124463207418
2020-09-04,0.6788317115684185,0.9023660815930711,0.5035846251995513
2020-09-08,0.8950991887703396,0.9007914768858833,0.4660530579978126
2020-09-09,0.8856270195293554,0.8985997892670626,0.4731791847114345
2020-09-10,0.9148088678754368,0.8961904370833695,0.5252889010585677
2020-09-11,0.9076488817026894,0.8922502315422877,0.5664846218385972
2020-09-14,0.9089209272391997,0.8895399100341992,0.6138598182041806
2020-09-15,0.9057626870204588,0.8847534320661447,0.6460227379616139
2020-09-16,0.8882196576886848,0.8826997355244036,0.6784519817655305
2020-09-17,0.8943539493100493,0.878296919460465,0.6978303164667736
2020-09-18,0.8908234124773998,0.871035978392118,0.7213574919522188
2020-09-21,0.8922219000421402,0.860461772503095,0.7400247517195494
2020-09-22,0.8874788928132652,0.849018172638202,0.7469537165815567
2020-09-23,0.9128823381834702,0.8408759575297677,0.7506288259274974
2020-09-24,0.866077651359172,0.832139635327673,0.7455563416105984
2020-09-25,0.9069891956164028,0.8245116079840815,0.7363895841967653
2020-09-28,0.8772466291841177,0.8133911223301882,0.7294422291467552
2020-09-29,0.8708356487589995,0.8032165009645066,0.733211868907451
2020-09-30,0.8908579327881839,0.7973127689284266,0.7331777956577352
2020-10-01,0.8660524758555505,0.7877667662281806,0.7375608755409137
2020-10-02,0.8958562105817295,0.7802750336760221,0.7384848446048672
2020-10-05,0.9016653226028657,0.7631422022142097,0.7381635386382839
2020-10-06,0.9068926259956357,0.7462414518717705,0.7511330697621997
2020-10-07,0.9118568156025333,0.7276692177593723,0.7529866705607818
2020-10-08,0.9158830442248994,0.7059655426605531,0.7702046521617015
2020-10-09,0.8757550388968133,0.6891034949426573,0.7909844714506087
2020-10-12,0.8862417191284128,0.6747113237001677,0.8149711835483383
2020-10-13,0.7968138196671752,0.669522760586396,0.8371617996755799
2020-10-14,0.8000175210260312,0.6686423200895351,0.852081354881282
2020-10-15,0.7960944037353109,0.6692276938393651,0.864434639126133
2020-10-16,0.8063160554762328,0.6620853635253333,0.8774234431272299
2020-10-19,0.8246951283837665,0.6584305458502172,0.8849986349366027
2020-10-20,0.8308847952953312,0.626289447815956,0.8906735967840554
2020-10-21,0.8623262533525441,0.6033387903065668,0.889444583410103
2020-10-22,0.8487450505042892,0.5875178604062874,0.875960670819649
2020-10-23,0.7762702237126476,0.5797742207499963,0.8670919190566289
2020-10-26,0.718242391032634,0.5812396428760258,0.8517314806640355
2020-10-27,0.8764323838743389,0.5827446519164897,0.8348398802334034
2020-10-28,0.9191429545110944,0.5808518431177625,0.8118881128096718
2020-10-29,0.9120106776505249,0.5812726382229186,0.7722810095589023
2020-10-30,0.943154938866336,0.5839623807558337,0.7112853152328291
2020-11-02,0.9533366566145429,0.5751359116495507,0.5900293186610264
2020-11-03,0.8330378928684937,0.5653019230878915,0.4031183818960825
2020-11-04,0.7903339435186519,0.56315616075407,0.1414175388492956
2020-11-05,0.7588060575849696,0.5630889485038042,0.0815042622347052
2020-11-06,0.7931508786773774,0.5873714457515612,0.0392314367086667
2020-11-09,0.7376944343027892,0.608115806713618,0.0736010431189292
2020-11-10,0.7559415791838693,0.6465244972305041,0.1459820313363227
2020-11-11,0.7258120747765479,0.6760184470452334,0.1040265662596264
2020-11-12,0.7250267529710103,0.7061901656385963,0.0512177323943202
2020-11-13,0.6762164955467292,0.7232840158108939,-0.0011771497344759
2020-11-16,0.6843971438404824,0.7477218006555613,-0.0244061179331929
2020-11-17,0.3460747825952392,0.7742467687312552,-0.0399993337605629
2020-11-18,0.31803152745282265,0.7929536667135462,-0.0037714708678055
2020-11-19,0.6814515843444747,0.80628524940601,0.14660860030659
2020-11-20,0.727400073040168,0.8235987339166835,0.2735709314616943
2020-11-23,0.7212123610138884,0.8287061175935176,0.3395874813998869
2020-11-24,0.7669323014378632,0.831982872679505,0.3925638878676523
2020-11-25,0.728609278826525,0.8365240873375648,0.4576098162396442
2020-11-27,0.7837954103575808,0.8411497437161406,0.464845085771817
2020-11-30,0.8101634707721707,0.8474933509628161,0.4955658605150926
2020-12-01,0.8042068951230492,0.8509228857915956,0.4807310459171379
2020-12-02,0.7791674881724244,0.8563900030767833,0.496658130134109
2020-12-03,0.8254121915266478,0.862129051140212,0.5578037488035297
2020-12-04,0.7603807373062118,0.8681585336775813,0.5897341738397799
2020-12-07,0.8251116768034069,0.8734214841796113,0.6480667365182952
2020-12-08,0.7753545109520193,0.8775483431945115,0.6998111712343391
2020-12-09,0.7479579018076655,0.8812026326730059,0.7478416730524815
2020-12-10,0.7468175341501894,0.8834722130076201,0.7829437700530673
2020-12-11,0.7762261130020125,0.884918988540102,0.8099329406885892
2020-12-14,0.8191356698143212,0.8876178171230072,0.8369369811358459
2020-12-15,0.7742500005494368,0.8890716377977069,0.8634397222950858
2020-12-16,0.8016176878402446,0.8891363103336275,0.8773938198146521
2020-12-17,0.7379112160668093,0.8888504363446729,0.8879477777905055
2020-12-18,0.7139567236890687,0.8865349698951296,0.8921077316706528
2020-12-21,0.545189997399762,0.8836088582293222,0.8943731818750719
2020-12-22,0.7176042429648128,0.88247326230687,0.8955164857594003
2020-12-23,0.5879554668725838,0.8805403929762791,0.8960684539007611
2020-12-24,0.5678978199062213,0.879299351218201,0.8999064857379013
2020-12-28,0.5483065654087887,0.8777454923582295,0.8931112201466703
2020-12-29,0.5635381468613432,0.8790038087417893,0.879554892839045
2020-12-30,0.5358062305494519,0.8784210091632125,0.8793626521056312
2020-12-31,0.5516860503339727,0.875362522714661,0.8736100345166238
2021-01-04,0.5649605879092884,0.8727941717130934,0.8602409163870491
2021-01-05,0.527038284754994,0.8703669445443374,0.8180533885259015
2021-01-06,0.6246945670498972,0.8673647511850316,0.794309347037509
2021-01-07,0.655907007163357,0.863087452843168,0.7721021153375061
2021-01-08,0.7032224999770609,0.8613987673286018,0.770629392965894
2021-01-11,0.7920405700488776,0.8603353235728091,0.7755427181677409
2021-01-12,0.8352510017461913,0.8559603359994326,0.7773215304230736
2021-01-13,0.8549710069615432,0.8482036782359748,0.770371053119364
2021-01-14,0.8565870706295349,0.8389660375511724,0.7639549374965038
2021-01-15,0.8545105870343869,0.8300473788635989,0.7638624150627122
2021-01-19,0.8526886579910729,0.817638043758736,0.7456444594250148
2021-01-20,0.8093357756638132,0.8084374830027128,0.7375554436828631
2021-01-21,0.8109644468117313,0.8069313249733019,0.7448470944823103
2021-01-22,0.8260958903264765,0.8081256731324478,0.7457043387813784
2021-01-25,0.8453823287076451,0.8074322125166586,0.748022361845661
2021-01-26,0.8348771692366258,0.8080559386456806,0.7613248912093858
2021-01-27,0.8610423194548379,0.8093117621205618,0.7651675873270907
2021-01-28,0.8431911640642754,0.8041139336537269,0.7001920843207312
2021-01-29,0.8936142589301616,0.8036810404195416,0.6566262728475629
2021-02-01,0.8943899431710981,0.7970449617947405,0.5033141427207801
2021-02-02,0.8923543931804098,0.7978125427644734,0.3669697723922743
2021-02-03,0.9108692353807673,0.8031338849419049,0.3680079638865932
2021-02-04,0.8849631874333351,0.7962930533155009,0.5466072974087735
2021-02-05,0.7017635617678059,0.7997767004055454,0.6350197218978938
2021-02-08,0.6282318437350171,0.8001565629180779,0.7051867078930497
2021-02-09,0.5851192812503071,0.8035412780221056,0.7554791577856266
2021-02-10,0.5582475497488504,0.8068671099057564,0.7984068067808687
2021-02-11,0.5597970795595583,0.8084485834999984,0.8254198536873125
2021-02-12,0.5695500675294779,0.8078214284393119,0.8475120040322017
2021-02-16,0.5696041673187533,0.8087965443744514,0.8617024743247933
2021-02-17,0.3044548844985911,0.8083675567795631,0.8803219011826243
2021-02-18,0.2990437002244066,0.8085773829555164,0.8958514171799475
2021-02-19,0.08359681833044241,0.8085746496101162,0.9072956988202624
2021-02-22,-0.04123937159554011,0.8055423230820432,0.913292222764864
2021-02-23,-0.04617518112951505,0.8016791927454613,0.9189308169745324
2021-02-24,0.3879334633053042,0.7901103118816235,0.922269359183197
2021-02-25,0.6078564231074316,0.7849738980715782,0.9271231895833996
2021-02-26,0.6884941080061348,0.7843117277314021,0.9305030577172286
2021-03-01,0.9146825152963022,0.781512175968746,0.9350922189590604
2021-03-02,0.8928293738201196,0.785634915382261,0.9355598759007566
2021-03-03,0.918374340399316,0.7984914695852205,0.9363889133853616
2021-03-04,0.9098909621217791,0.8046128816127378,0.9348510754808986
2021-03-05,0.9096946072182482,0.8056177078934139,0.9479029115626992
2021-03-08,0.7982842397626108,0.8078560024679116,0.9625450692138195
2021-03-09,0.8436415459542262,0.8095897306031847,0.9669100714509552
2021-03-10,0.744366507763652,0.8135284626185171,0.9699831763401102
2021-03-11,0.7613114912756583,0.8209601021800216,0.971763775777584
2021-03-12,0.7513440911942603,0.8296621506180831,0.9745673628142782
2021-03-15,0.7545736684249859,0.8331510831048722,0.9738415347505208
2021-03-16,0.7054365172695348,0.83632378927455,0.9722127436654728
2021-03-17,0.6374670364768948,0.84206711338778,0.9714634338417432
2021-03-18,0.6263735760950909,0.8479283230463602,0.970416667559714
2021-03-19,0.5882173992574243,0.8525304342473757,0.9685011668546776
2021-03-22,0.6600345474789074,0.8551387442157665,0.9661831641117749
2021-03-23,0.6041672369336742,0.8556197959257477,0.9617535978874194
2021-03-24,0.7522061392444024,0.8580140492484589,0.95873997010794
2021-03-25,0.576826600179498,0.8613687759868666,0.9577836999377948
2021-03-26,0.5568228293171814,0.8633060451440387,0.9547391739602868
2021-03-29,0.4946162164910281,0.8616299583658227,0.9472098234321736
2021-03-30,0.3791991293439026,0.8638401358781093,0.9343785802299944
2021-03-31,0.21380283578781947,0.8668291345939261,0.9172024600286904
2021-04-01,0.27923303131023325,0.867474365196015,0.8914155690139217
2021-04-05,0.29073070098095705,0.87047566734731,0.8669395801201325
2021-04-06,0.47754276410682084,0.8761904688969996,0.8623491983395014
2021-04-07,0.6032927415085244,0.8809362941665873,0.8525083595822245
2021-04-08,0.4305660019903728,0.8859018953714738,0.8604800361567407
2021-04-09,0.4134236981128001,0.8913662153405632,0.8674886403466244
2021-04-12,0.469878985584346,0.8960751655371862,0.8724389458928229
2021-04-13,0.5071110416044057,0.896729967123162,0.8694142363613135
2021-04-14,0.49201047459424657,0.8972872092648299,0.8754703426893458
2021-04-15,0.5083802681329506,0.8974853150036346,0.8796149069439579
2021-04-16,0.8637972278457923,0.8978844342277179,0.8944808859776339
2021-04-19,0.8832118157892542,0.8975578623044883,0.9116628362208712
2021-04-20,0.8881987857003858,0.8977694639872511,0.911048867738648
2021-04-21,0.843977598682418,0.8979669521327881,0.9039881775433324
2021-04-22,0.8066199905961184,0.8973857007026317,0.8668433062575909
2021-04-23,0.5746971471684432,0.8973624193146501,0.8599500735036343
2021-04-26,0.660474522917117,0.8980106079806953,0.87112735062089
2021-04-27,0.754020201577598,0.8990612525481144,0.8821018866835906
2021-04-28,0.7484309222837463,0.8998658155435809,0.8992524382569954
2021-04-29,0.7249212445773133,0.9006077837014778,0.902261341619258
2021-04-30,0.541459848634181,0.9030294761123947,0.9030259915272976
2021-05-03,0.5726336136490177,0.9053479476712814,0.9004726755607156
2021-05-04,0.5947279652445219,0.9095482881890813,0.8935221239321659
2021-05-05,0.5102659326700669,0.9134437109657969,0.8847093044469231
2021-05-06,0.5740246902225419,0.9172118991588024,0.8825009763217565
2021-05-07,0.5870050918291868,0.9229088497956149,0.8903622272782866
2021-05-10,0.596959552509286,0.9298018866307132,0.9001915299643017
2021-05-11,0.6686624298116249,0.9358914621718604,0.907230913954763
2021-05-12,0.7270398343321443,0.9399706281416458,0.9057689381196494
2021-05-13,0.7094614867798245,0.9430613829523654,0.8941356691760686
2021-05-14,0.7750454290687037,0.9452141490126083,0.8919321206694517
2021-05-17,0.7810298466227138,0.9480155798661946,0.903479943170222
2021-05-18,0.9376966604131018,0.949747417805775,0.9092186662333644
2021-05-19,0.9485902977092691,0.9523228913809867,0.9025131988255032
2021-05-20,0.9419940761682933,0.9535883639998295,0.8822191156554189
2021-05-21,0.9428222082501027,0.9537312988098484,0.8766215332781842
2021-05-24,0.9530292974819504,0.9545200197732576,0.8747549520379864
2021-05-25,0.9512453135087608,0.9525508710006926,0.8783669574858759
2021-05-26,0.9426557327766202,0.9509411658256003,0.88285535941991
2021-05-27,0.9444752298350682,0.9502773489970059,0.8863065980191672
2021-05-28,0.950487799304809,0.9523361207750475,0.8897075389329738
2021-06-01,0.9049715067761421,0.9527508624311353,0.8927761637021282
2021-06-02,0.8301096214990523,0.9534011048710892,0.8956684353850038
2021-06-03,0.8497371427394684,0.9537767404714036,0.8963527879248191
2021-06-04,0.7838737434320446,0.9538198562544496,0.8924612962623867
2021-06-07,0.8054944426628218,0.9543470807491929,0.8961164212245082
2021-06-08,0.8347075633124491,0.9542671449327574,0.895624882083952
2021-06-09,0.8322220074800808,0.9536835753171007,0.8970125639242394
2021-06-10,0.7897065032078586,0.9528866427922636,0.8979872708277044
2021-06-11,0.7758473237211853,0.9522509221576996,0.9003856950122475
2021-06-14,0.6591022183969701,0.9524823799924393,0.9019694480360364
2021-06-15,0.630912094320896,0.9525090725492122,0.9038390938796944
2021-06-16,0.6349702799254843,0.9520321173579752,0.90550376184364
2021-06-17,0.7511644997070901,0.9507470988089208,0.9062936982451206
2021-06-18,0.7605130203067887,0.9488576796517445,0.909348842015606
2021-06-21,0.7836493759905488,0.9438789706536956,0.9208378547131808
2021-06-22,0.8169740875180894,0.943717468007606,0.9215274939244306
2021-06-23,0.7249437848230991,0.9431681378798907,0.9212243981977468
2021-06-24,0.6801857699453723,0.9434510389625634,0.922588352530058
2021-06-25,0.682167358080325,0.9443632528695548,0.9262327814396528
2021-06-28,0.7248704704085999,0.9522329472534338,0.9277416637226084
2021-06-29,0.6963428810342797,0.9598101932913483,0.9287178569482776
2021-06-30,0.7367505020163506,0.9628365393095487,0.9249250688648902
2021-07-01,0.706996176930354,0.9638627577715708,0.9254877510414043
2021-07-02,0.6908438390660262,0.9637386672092233,0.931402761201163
2021-07-06,0.68652122964198,0.9648306451066527,0.9387532388993514
2021-07-07,0.6470573326475116,0.9647409616253249,0.941758849937086
2021-07-08,0.5978918281139611,0.9644775132726351,0.944747632888452
2021-07-09,0.5446468203341641,0.9644159893235237,0.9446186252119316
2021-07-12,0.6612048663762794,0.9635457091990818,0.9516331261163906
2021-07-13,0.5898843744368116,0.9622267262945706,0.9599457142925772
2021-07-14,0.5630166114511289,0.9616813524976112,0.9603664165593851
2021-07-15,0.5032804559209668,0.9608191666190945,0.9600435341199278
2021-07-16,0.5175551377921427,0.9604442111464684,0.9574415582385856
2021-07-19,0.5775855966046389,0.9600815095877463,0.9453693709972992
2021-07-20,0.5213355071416912,0.9566537036763295,0.9369807681568516
2021-07-21,0.7515541696076763,0.9543483828699112,0.9254571784189702
2021-07-22,0.7726148134117348,0.9522922322577481,0.9107997883169864
2021-07-23,0.7787025011696526,0.9498180661143567,0.8743936662420769
2021-07-26,0.8100632817868965,0.9485441445993825,0.8404988747163578
2021-07-27,0.7795396906431717,0.9487227313780864,0.8263854567115708
2021-07-28,0.7496911242235628,0.9498363990607513,0.8194453862341748
2021-07-29,0.7942311420097781,0.9506497460281034,0.81039342490642
2021-07-30,0.789515456894132,0.9520106160216758,0.8045963111369845
2021-08-02,0.783496047651688,0.9527621107466154,0.8051395500571459
2021-08-03,0.7956328261097325,0.9534618325062627,0.8113692575831323
2021-08-04,0.7794456842413462,0.9543322046726765,0.835022475970581
2021-08-05,0.8047188424266652,0.9553708103219358,0.8372831144659647
2021-08-06,0.7391194865608931,0.956148081059271,0.8553958726690157
2021-08-09,0.7511809766644554,0.9579254674747224,0.8660117061303558
2021-08-10,0.7441933907171893,0.9607635534788247,0.8700325593013014
2021-08-11,0.7214906140319086,0.962174499052111,0.8729927488443662
2021-08-12,0.5593385341935345,0.9624599461573493,0.8781052633408726
2021-08-13,0.5469815559346783,0.9642594635170646,0.8846697695082235
2021-08-16,0.4626646293722065,0.9646369185080572,0.9009053257413714
2021-08-17,0.4452880225644067,0.9659484657170113,0.915965491014782
2021-08-18,0.4642825081687712,0.9671933501894144,0.930490644040994
2021-08-19,0.5402934301566459,0.9689625377668926,0.9319435081780753
2021-08-20,0.6777948407306921,0.9690797982913202,0.9358373116570804
2021-08-23,0.7161233643289253,0.9696872318509059,0.9409030231727896
2021-08-24,0.7759969240094201,0.9706284259740919,0.930257080945136
2021-08-25,0.8036540187581783,0.9714209350485485,0.916843820705202
2021-08-26,0.7937597888894724,0.9720347842854333,0.8601250799248932
2021-08-27,0.8238926746141475,0.972139425084474,0.7964760034419276
2021-08-30,0.8449972131939534,0.9730660457297468,0.7479362934914494
2021-08-31,0.905193064678233,0.9747829069028725,0.7540624659668687
2021-09-01,0.9044797677387235,0.9759863735624262,0.7638353995495056
2021-09-02,0.9184820713996554,0.9764569510627948,0.7815714709050826
2021-09-03,0.9212328095862329,0.9757930950474979,0.7721064670440296
2021-09-07,0.7430927582361613,0.9757532636831596,0.7775058163611478
2021-09-08,0.7427120659352414,0.9767722216487131,0.7908985357934117
2021-09-09,0.6850547620970874,0.9771852153509748,0.8123803965291461
2021-09-10,0.6807898387970636,0.9762484484374542,0.8358012839451492
2021-09-13,0.5464125355403932,0.9749980805232162,0.8521104298726434
2021-09-14,0.6844957535730828,0.9738812325336202,0.8667073287841489
2021-09-15,0.6922643641485734,0.9715085084789836,0.8771313157980792
2021-09-16,0.6531975163363961,0.9703168333856426,0.8890697477517469
2021-09-17,0.6060807645768861,0.9690712984141429,0.9016615575443804
2021-09-20,0.5817810425948383,0.9675343668933551,0.9089012582722068
2021-09-21,0.6946287980006428,0.9631867585521208,0.9145277930047316
2021-09-22,0.7250577936092708,0.9575280089919557,0.921739779534745
2021-09-23,0.8377174536084104,0.9536653166111956,0.9292095719486406
2021-09-24,0.8348589729840352,0.9520612514130774,0.933726791775272
2021-09-27,0.8382062648436791,0.9498272898398377,0.9366348974417492
2021-09-28,0.8397331144292498,0.9482491721134787,0.9372083345312656
2021-09-29,0.8500021218351544,0.9454158032958597,0.932395687456084
2021-09-30,0.901836907503974,0.9433567760093275,0.9263932061796236
2021-10-01,0.8758034887894732,0.9404134294215051,0.9190229870553004
2021-10-04,0.8763490772880081,0.9379105736382778,0.9119948598520332
2021-10-05,0.8802791868163656,0.9341554701296221,0.9003929218938637
2021-10-06,0.8889158860219246,0.9308903579369388,0.8895323997712767
2021-10-07,0.8986202715795529,0.9272567387275503,0.8798476708864322
2021-10-08,0.9007428811154039,0.9240565998652542,0.8722386248327649
2021-10-11,0.9137553124460341,0.9201290413760447,0.8726583420495498
2021-10-12,0.8988736721434498,0.9183252672110708,0.8705575772313148
2021-10-13,0.9243156993526559,0.9142022722014232,0.8515733724933795
2021-10-14,0.9061925001110965,0.9091184291157121,0.8354142157042047
2021-10-15,0.909356309468714,0.9053366822736094,0.8358032443402418
2021-10-18,0.8882946352615924,0.9018498813393656,0.8308610953976884
2021-10-19,0.9080943149341061,0.8983829262695167,0.8365023508110716
2021-10-20,0.9109902639593135,0.8944269223920974,0.8366653750183075
2021-10-21,0.894059711889602,0.8854593133781132,0.8272867070516586
2021-10-22,0.7777919134891795,0.8765519657272131,0.8295572010025889
2021-10-25,0.7553379016448738,0.8556428564606224,0.8054286466004479
2021-10-26,0.7078582509893013,0.8319467268828592,0.7946861207022587
2021-10-27,0.6843741967916248,0.810723828704457,0.7736438301533735
2021-10-28,0.7197004622119244,0.8165055962961486,0.7774479738915581
2021-10-29,0.15060992557209704,0.816317001270946,0.7315598893103502
2021-11-01,0.004039893242461868,0.8290750456572685,0.7175192610379892
2021-11-02,-0.013152988089516237,0.8289862197826239,0.6678490896744959
2021-11-03,-0.248449936543106,0.8323002910725177,0.6119142022702482
2021-11-04,-0.24443661751875392,0.8364258518217693,0.5568068094836385
2021-11-05,-0.22390320590202015,0.8449588856489539,0.5021036606845354
2021-11-08,-0.23446501294961528,0.8494142730692487,0.4105358862564986
2021-11-09,-0.22323345441871292,0.8480504407994898,0.3478266980132449
2021-11-10,-0.2124338865515445,0.85225843526654,0.3186337832735587
2021-11-11,-0.3492348590962257,0.8538258637339934,0.3107846098883488
2021-11-12,-0.018935101308287867,0.8557877518713541,0.2884565474575198
2021-11-15,-0.01373288123830717,0.8627012252117646,0.2746322095060837
2021-11-16,0.4913500911130091,0.8693494846620773,0.2822220373003197
2021-11-17,0.6114477678839539,0.8734705992834733,0.2815068495443335
2021-11-18,0.6105399244739099,0.8772468793461753,0.3331988590077694
2021-11-19,0.8520373143778756,0.8833271685198281,0.3991787340123618
2021-11-22,0.8565011429470477,0.8877767462858825,0.487901855680612
2021-11-23,0.8772162120313275,0.8867886044990793,0.5987991459970496
2021-11-24,0.8284059417693369,0.8867116770137062,0.661448222024367
2021-11-26,0.8204788450426843,0.8847349988788925,0.7239814150210695
2021-11-29,0.8100432136986931,0.8815142045819262,0.7644029460226726
2021-11-30,0.8476627169513374,0.8820954229296142,0.7958593370817834
2021-12-01,0.8721011652858309,0.8796763641570926,0.8113876322975313
2021-12-02,0.8978400765360032,0.8785441651483271,0.8257488236344952
2021-12-03,0.8760114961623793,0.8782587558643125,0.8352886058314946
2021-12-06,0.893310478073403,0.8779689990163236,0.8235091850319577
2021-12-07,0.9018078603574334,0.8776940294671859,0.8093635381311529
2021-12-08,0.9050715772310433,0.880931500009725,0.7947015959402078
2021-12-09,0.9329751880002237,0.8849208846938456,0.7929548980355479
2021-12-10,0.9329650373277039,0.885624156332065,0.79721663698047
2021-12-13,0.9638916573119681,0.8866919818471055,0.7956477411847247
2021-12-14,0.9568079730535866,0.8863832941891483,0.7968581137182856
2021-12-15,0.9599086673036407,0.8845024676582812,0.8056946283443674
2021-12-16,0.9480561000270913,0.8845497146302236,0.8049315076630167
2021-12-17,0.9594466034522852,0.8813867358825839,0.8056667753314559
2021-12-20,0.9439032625970648,0.8766625077879446,0.8061886552658919
2021-12-21,0.9635758728065907,0.8764188309081626,0.8190401170386227
2021-12-22,0.9321157562858092,0.8755429504919403,0.8289491913436662
2021-12-23,0.9268912418598275,0.8787356181732946,0.8391606573045186
2021-12-27,0.9211408611526778,0.8819834305739461,0.8490715361770473
2021-12-28,0.8920632834921453,0.8810922413078031,0.8388583794040575
2021-12-29,0.8849233196949892,0.876225972554009,0.8279284415559659
2021-12-30,0.8810649978644621,0.8740589258293265,0.8125384713257006
2021-12-31,0.880758913089594,0.8710564625739123,0.7928247665585284
2022-01-03,0.8686048586598165,0.8662355673045816,0.7766133783518342
2022-01-04,0.8594834545257011,0.8570820821723873,0.7538470814767545
2022-01-05,0.8319607122058011,0.8483413159199957,0.7333747632583063
2022-01-06,0.8092795669723452,0.8195086846704345,0.7666683600855072
2022-01-07,0.8498958233425356,0.7957414943802626,0.794187139788402
2022-01-10,0.907290590025671,0.7727856690930801,0.7997164991733449
2022-01-11,0.903892037361112,0.7553333590961863,0.7995134833918206
2022-01-12,0.8237419908794288,0.7350031210382492,0.8014473035918781
2022-01-13,0.842454331841075,0.7219476342065626,0.8070008850382744
2022-01-14,0.8886753539222262,0.709975585660637,0.8130975937359368
2022-01-18,0.8912666892163039,0.7009704797924876,0.8120959814805307
2022-01-19,0.8914772591135014,0.6946315653881443,0.8228612001620266
2022-01-20,0.8990682208709551,0.6919440025459879,0.8319470031299935
2022-01-21,0.8801318809714194,0.6807483360897344,0.8429796542724167
2022-01-24,0.896209763264137,0.6769977888087058,0.8569970119655221
2022-01-25,0.9096639979930399,0.6663177168473235,0.8699406318387632
2022-01-26,0.9285223991625231,0.6746185616157664,0.8917814441522177
2022-01-27,0.9074200821404149,0.6783472280302303,0.901008728972506
2022-01-28,0.856343876315914,0.6926371570023382,0.9074250843918996
2022-01-31,0.8579189923877366,0.6975130418553405,0.917215736428614
2022-02-01,0.8983223945795622,0.7004626178789615,0.9280912768779148
2022-02-02,0.899454128906085,0.706386177011376,0.9322439862989528
2022-02-03,0.8977250725990561,0.7046626281109756,0.9418884957334288
2022-02-04,0.7694365848396137,0.6967971243362224,0.9535494324448932
2022-02-07,0.7888273361494704,0.6929536585553594,0.9621494355237292
2022-02-08,0.7809626500786124,0.7026957217142886,0.9614676967911666
2022-02-09,0.7505697847488851,0.7099059464226427,0.957124220711704
2022-02-10,0.7099373575423166,0.7182230145281877,0.9433939314950934
2022-02-11,0.7091252319353978,0.7278937637474752,0.9241878346667844
2022-02-14,0.7004831412569379,0.7398060637699869,0.9035860454466128
2022-02-15,0.7671752634492764,0.748763057051677,0.8834946914943673
2022-02-16,0.7597208941914658,0.751318560293538,0.8611005964104
2022-02-17,0.7184886986066191,0.753376013515709,0.8436268175379674
2022-02-18,0.7183907875558097,0.7633834345181673,0.8250571154441321
2022-02-22,0.7502225140773041,0.7848779951594287,0.7939007786705689
2022-02-23,0.8796768131475871,0.8017033573198409,0.7626992222613875
2022-02-24,0.8395217016859111,0.8220161766901821,0.7478602129114724
2022-02-25,0.8166131312262862,0.8260115929756205,0.7546790798360729
2022-02-28,0.8832734377551805,0.8297648579439924,0.7791279667815402
2022-03-01,0.8747050515639366,0.8319420043780323,0.7951525006392213
2022-03-02,0.8635609858417079,0.8328976445696163,0.8012458776796949
2022-03-03,0.8377515725730644,0.8346170264229759,0.8230955749051123
2022-03-04,0.7718410080407764,0.8362132322322257,0.8388735148871241
2022-03-07,0.7890071288191288,0.8405455656874851,0.8505551479633175
2022-03-08,0.7967537384243863,0.850970724889733,0.8533805612438239
2022-03-09,0.8462423096360604,0.8588104296471832,0.8735986459360109
2022-03-10,0.8072429246469833,0.8591823610459421,0.8962824557275914
2022-03-11,0.8609076344001663,0.860574619969451,0.9158710681299892
2022-03-14,0.8574374575062977,0.8625570732083382,0.932099460733148
2022-03-15,0.8606895561738673,0.8692140840459545,0.9370704329485144
2022-03-16,0.8398206920126371,0.8734245218842338,0.9402098887227416
2022-03-17,0.8640556370806786,0.8751351927456784,0.9425631257150454
2022-03-18,0.8866068377604388,0.8749164767138846,0.9443592407791438
2022-03-21,0.9010648637824191,0.8738249581638394,0.9457720060910036
2022-03-22,0.9308554319495351,0.8722634638183729,0.9461155370202928
2022-03-23,0.9324802341285493,0.8718661715082854,0.9475538952253773
2022-03-24,0.9265012066516144,0.8709465961890123,0.9516483804211208
2022-03-25,0.8957986746313776,0.8710377224264664,0.9538843151803748
2022-03-28,0.9287523422009896,0.8729136228895752,0.955116931493182
2022-03-29,0.9167837662435504,0.8743524554730122,0.9534121933759784
2022-03-30,0.9096536052853881,0.8771376078621091,0.9475748499942956
2022-03-31,0.8932529419270914,0.8784201612742145,0.940348627019392
2022-04-01,0.8968610789051962,0.8781374117126569,0.9367681816986558
2022-04-04,0.9232812708090249,0.8777846130661802,0.933925437437428
2022-04-05,0.8971284218505252,0.8785755329596493,0.930376073333461
2022-04-06,0.9089602951265445,0.8769433725834528,0.93044430244891
2022-04-07,0.9200144682700083,0.8766779731926745,0.930193694012716
2022-04-08,0.9099979388397027,0.8762735330043296,0.9266204528219562
2022-04-11,0.890126482529054,0.872406483007987,0.9203735947486424
2022-04-12,0.8807191540339748,0.8679620409763394,0.914633015294212
2022-04-13,0.8838554448612227,0.8635465337564949,0.9090058236060964
2022-04-14,0.8807657351590921,0.8602494794846902,0.9041681381117525
2022-04-18,0.8973714813769762,0.8541742929553694,0.9003339315665514
2022-04-19,0.9019640764160525,0.8483416092932149,0.8892735865110882
2022-04-20,0.9101712930191054,0.8392819646429913,0.8794882761145617
2022-04-21,0.9295025158475894,0.8215926097288301,0.8622018064881715
2022-04-22,0.9148912737981986,0.8039591302222177,0.8332640251179954
2022-04-25,0.9249842192128589,0.7911698258387306,0.8140459521004539
2022-04-26,0.9462227966807591,0.7822376471356247,0.788777412754078
2022-04-27,0.8966132343825692,0.7853204462040578,0.749065268546647
2022-04-28,0.8906025477987676,0.7825501365349338,0.7318447054542122
2022-04-29,0.7808346799893391,0.7732929769111034,0.7088513439409171
2022-05-02,0.829290101763999,0.7933482781242529,0.7055352889284479
2022-05-03,0.8345877668895484,0.8097854931454684,0.704974673159095
2022-05-04,0.8273992208127338,0.8238668111308602,0.6976717595279489
2022-05-05,0.8286657012450527,0.8265849251880674,0.6363536317944941
2022-05-06,0.8587585845319191,0.8380280565037823,0.6023173084782812
2022-05-09,0.8719806456969094,0.8481010665623933,0.5579518554913794
2022-05-10,0.8829203690836195,0.8628549647865912,0.5219315780328219
2022-05-11,0.8712383191396377,0.8728698999249409,0.5004515705932907
2022-05-12,0.8622605856072344,0.8812996117021792,0.4870850390825848
2022-05-13,0.8645744585470244,0.8884984604346327,0.4866423440039277
2022-05-16,0.8508573910283282,0.893292269942308,0.480852469160972
2022-05-17,0.9660100069746047,0.8984482300062974,0.4759452936261067
2022-05-18,0.9476023386945059,0.9021970454603431,0.4630713477947821
2022-05-19,0.9323556223315067,0.9079208146493576,0.4645734567948772
2022-05-20,0.948294514066833,0.9131054498138442,0.4679705925126332
2022-05-23,0.9420662079264818,0.9183683502581462,0.476392609180596
2022-05-24,0.9075373158715183,0.9218024370379053,0.45982957016771
2022-05-25,0.9049170772708656,0.9253797287699057,0.4652325963587168
2022-05-26,0.7751092897160258,0.9268507629521137,0.479750036355836
2022-05-27,0.7834040150633387,0.9255621368863376,0.5274389720341712
2022-05-31,0.8202157333093955,0.9240074565851528,0.5530112418145905
2022-06-01,0.8663963580832243,0.9236918239443164,0.5755602673794599
2022-06-02,0.8293653999958378,0.9236267527317573,0.5843337532967828
2022-06-03,0.7928000271646919,0.9221793258825206,0.5701718803483732
2022-06-06,0.8063305008514846,0.9207885974307964,0.60136999180724
2022-06-07,0.8197202811501163,0.9202093967808445,0.6142819059812031
2022-06-08,0.7980739052337743,0.919742296085001,0.6210497676217328
2022-06-09,0.7793982241888178,0.920308490009907,0.6270870692856573
2022-06-10,0.7531131400912116,0.9203698293249528,0.6385483850583408
2022-06-13,0.7551596118523599,0.920349920974055,0.6703871847426411
2022-06-14,0.8918383161208657,0.9209238262684474,0.6787960528641823
2022-06-15,0.9409707892924235,0.9211486210857841,0.6997374299830141
2022-06-16,0.9422280976110223,0.9205834712416077,0.7240203775657886
2022-06-17,0.9330984344193362,0.9203752893877116,0.7263875823089047
2022-06-21,0.9491962594940332,0.9202380336329667,0.7179534227429006
2022-06-22,0.9519345056141125,0.9180057353718584,0.7272933920288869
2022-06-23,0.9554476455078871,0.9161351531857372,0.7234581161466159
2022-06-24,0.9638052724602191,0.9165148667260428,0.7123115714057515
2022-06-27,0.9613219921180035,0.9139311471491556,0.7228968126745641
2022-06-28,0.983235165262867,0.9127446777171092,0.7245469907919615
2022-06-29,0.9704608531993583,0.9126622849971433,0.7221752529592849
2022-06-30,0.9666562579922675,0.9132350633062629,0.7038980005710873
2022-07-01,0.9632666335052263,0.9159374714414409,0.6736834852573055
2022-07-05,0.9487604105930597,0.9194866866673338,0.6507652602182709
2022-07-06,0.9327490397278071,0.9207204858313264,0.6551310390221574
2022-07-07,0.8445485688829121,0.9216929035254442,0.6715819310208855
2022-07-08,0.8255257444208559,0.9198612335729691,0.7182956018656238
2022-07-11,0.8377965019227546,0.9165507422056713,0.7778847498641199
2022-07-12,0.8118636439570451,0.9144432729343547,0.8131025770244811
2022-07-13,0.8320800207680952,0.9119709742568226,0.8411406910427177
2022-07-14,0.8465392796945711,0.9103642373137483,0.8557228003741884
2022-07-15,0.7785458801021207,0.9089184616942604,0.8668886842932357
2022-07-18,0.7806752905321326,0.9072364351088007,0.886756687072065
2022-07-19,0.6804134498480922,0.9071743713722257,0.8984733190950663
2022-07-20,0.7062546025557959,0.9053051719701091,0.9241315070201026
2022-07-21,0.760832248228133,0.9026567519346179,0.9462953331085356
2022-07-22,0.7851376109579115,0.8986411222051565,0.9587801038119668
2022-07-25,0.9006841833777374,0.8906039336898357,0.9605417368912168
2022-07-26,0.8751583628267712,0.882056871282411,0.96425110867764
2022-07-27,0.8639511123077148,0.8740401321705795,0.9660595667571846
2022-07-28,0.8918428304613779,0.8670490931957622,0.970326895610919
2022-07-29,0.8942965795868588,0.8584818859152024,0.971178318500474
2022-08-01,0.9017410812082202,0.8519804163023652,0.9725002731100626
2022-08-02,0.8982341821547825,0.8442871806051854,0.9731223731979284
2022-08-03,0.9007369970445295,0.8343031495261107,0.9748392825937984
2022-08-04,0.882671894165485,0.8232043508780481,0.9766646123244952
2022-08-05,0.877380063546981,0.814512261083347,0.9783035302289056
2022-08-08,0.8619299145677913,0.8053183673066806,0.9794679346899576
2022-08-09,0.8643242590209977,0.7915160854010784,0.9808001869060036
2022-08-10,0.8746610760101158,0.7795851882232674,0.9817390171373048
2022-08-11,0.896958148424682,0.7690935902033665,0.9814725598148788
2022-08-12,0.8857566164260269,0.7494423962538878,0.9807509589767524
2022-08-15,0.8639678447401677,0.7334043644978332,0.9799645785867668
2022-08-16,0.9154208770867158,0.7265548477205626,0.9782643150165096
2022-08-17,0.9269148841840518,0.7330998370438454,0.9773405276738792
2022-08-18,0.915297497532119,0.7289518249628119,0.9761272788142332
2022-08-19,0.9191599316302179,0.7341550059745027,0.9734756104254296
2022-08-22,0.9716207812250898,0.7399201732671311,0.9709585199767392
2022-08-23,0.9756319017123145,0.7324686482906351,0.9694547972667656
2022-08-24,0.9769169959137075,0.7313012143143759,0.966949051176348
2022-08-25,0.9753698322006298,0.7264981462043214,0.9639270706947356
2022-08-26,0.9760799126596434,0.7259201758713842,0.959480247240775
2022-08-29,0.9709830585098401,0.706829278834523,0.9566273935571536
2022-08-30,0.9805529014666708,0.6978623102639844,0.9030316321063714
2022-08-31,0.9820812473086251,0.6929100582498837,0.8382392255889257
2022-09-01,0.9565419436664442,0.689508078066429,0.7851136271846096
2022-09-02,0.9550464722903294,0.6878417150492709,0.7222539121799622
2022-09-06,0.9600747566946263,0.6872355609491562,0.6317636029821557
2022-09-07,0.9683312927052615,0.6854913325548537,0.5714805930776485
2022-09-08,0.9612013569459253,0.6840288168863469,0.5028626912191271
2022-09-09,0.9696306628413657,0.6781823392780563,0.4272864393116944
2022-09-12,0.925908228889202,0.6719470324227681,0.3053831227164375
2022-09-13,0.9341635447949589,0.6641401287092368,0.1171932033741188
2022-09-14,0.9179610102467767,0.654976901129699,0.0603669059523553
2022-09-15,0.9435999570296701,0.645521831630839,-0.0444871880676922
2022-09-16,0.9275126422838116,0.6402793564724334,-0.0932311083618561
2022-09-19,0.9293455612540357,0.6422917680501202,-0.1350357021596795
2022-09-20,0.9353026305096073,0.6448186470543312,-0.1570696089177014
2022-09-21,0.9352542775749878,0.6518511541156037,-0.1555041121693026
2022-09-22,0.9478887664580449,0.6613214120245372,-0.1422547334098642
2022-09-23,0.9428218009353687,0.6713080211582807,-0.1295119521007479
2022-09-26,0.9134941395737334,0.6857057015781846,-0.1272848813984554
2022-09-27,0.8931692967958521,0.6979896747288598,-0.1100513033049828
2022-09-28,0.9168396570783585,0.7127956269089246,-0.0817783313351048
2022-09-29,0.8921931651010503,0.7183950429014766,-0.0612881846525313
2022-09-30,0.9384007457369598,0.7283145735236038,-0.0559232742753202
2022-10-03,0.8894362879631125,0.7416655033459041,-0.068315173519512
2022-10-04,0.8876314563390149,0.7490089389176413,-0.0081703770967364
2022-10-05,0.9358976391213284,0.7511601883502401,0.0393723495202382
2022-10-06,0.9511574320385151,0.7519442937319689,0.0821633154272814
2022-10-07,0.9573747361361854,0.7553005167891288,0.1188875671426352
2022-10-10,0.9533826249271767,0.7661600576235412,0.1460145540773615
2022-10-11,0.9575109877072642,0.7764734741173169,0.1663852013168497
2022-10-12,0.9721925361035271,0.7896707853506987,0.1806325810992566
2022-10-13,0.9717787594460471,0.8050767239319965,0.2062349816371329
2022-10-14,0.9729329889726643,0.8175879735983324,0.2309481995601634
2022-10-17,0.9547755551732982,0.831310865539024,0.2593939580639866
2022-10-18,0.957827937868477,0.8430108669332542,0.3179590932292939
2022-10-19,0.956017389183916,0.8516793759373287,0.3813189971563028
2022-10-20,0.9490888132288515,0.8595456098991261,0.4634399524362175
2022-10-21,0.942087847971845,0.8672686378227892,0.5909022927420758
2022-10-24,0.9079871284050637,0.871242460450912,0.6955028853359633
2022-10-25,0.8855042429872405,0.8729737817497731,0.7954292894375462
2022-10-26,0.9032682309758534,0.8797861766624008,0.9002957622044848
2022-10-27,0.8787669288621797,0.8786636191119943,0.9167098070809684
2022-10-28,0.6135761886594253,0.8796183289602052,0.9258728624691276
2022-10-31,0.6347119106239485,0.8831773493665851,0.9378335047848116
2022-11-01,0.6930493716310987,0.8832382284838936,0.9442134463858096
2022-11-02,0.704362212189736,0.8772365921988288,0.9439121341875416
2022-11-03,0.7454903812971301,0.8739285984978487,0.9432160231410176
2022-11-04,0.6953703243279054,0.8700999060772153,0.9351652661503842
2022-11-07,0.7013441616278899,0.8656972221310085,0.9333716199108336
2022-11-08,0.7358465838267958,0.8608346394672481,0.9216459384630792
2022-11-09,0.780385113421334,0.8550483176344443,0.9135800198297696
2022-11-10,0.8043229038651248,0.8537294711136746,0.9053250121390236
2022-11-11,0.7375780370014717,0.8433932440373816,0.8961514049561544
2022-11-14,0.8145683270299102,0.83314633783023,0.8799439505407189
2022-11-15,0.908118628061869,0.8248484443193631,0.8669751100636414
2022-11-16,0.9063573177989205,0.8180565114608633,0.853179731597485
2022-11-17,0.8923788436965965,0.8133189843091594,0.8615442206856025
2022-11-18,0.8825402861358794,0.80768033624321,0.8711790166973585
2022-11-21,0.9298176035956677,0.7988225501316111,0.8701762192786429
2022-11-22,0.9009718111323659,0.7888967440016293,0.8736292869621833
2022-11-23,0.9159306120810426,0.7778559757662941,0.8752180162579822
2022-11-25,0.9205597643178959,0.7648275702112577,0.8725928721002668
2022-11-28,0.9212918770439599,0.7498938630760666,0.8752433096066595
2022-11-29,0.9144767537665608,0.7376918303543961,0.8843025643919028
2022-11-30,0.9161171815169276,0.7247904351779104,0.8877268912156029
2022-12-01,0.736067078657015,0.7127965570169587,0.8859340626701074
2022-12-02,0.8753541170766397,0.695233590508915,0.8879167983514059
2022-12-05,0.876995038472047,0.67653935068621,0.901788687762771
2022-12-06,0.8842214069130864,0.6524112706665168,0.9153595885858744
2022-12-07,0.872207271438365,0.6230803579832641,0.9276243101860948
2022-12-08,0.8855455714862597,0.5859653084744012,0.9361453802425
2022-12-09,0.878087856143242,0.5438864828319049,0.9351761954044956
2022-12-12,0.8404573941053558,0.49382822435213536,0.925218871582871
2022-12-13,0.8316310486321972,0.44278930210687245,0.9133578808338376
2022-12-14,0.814506043329991,0.404935193973679,0.89112067872155
2022-12-15,0.8185541602722316,0.36688435656638585,0.8715616006425925
2022-12-16,0.82228353305671,0.326056035986532,0.8612332601460355
2022-12-19,0.8621861544837631,0.26670800052082116,0.8556384377590877
2022-12-20,0.6891150796892399,0.243553685108368,0.8453060456363116
2022-12-21,0.6872300353775141,0.22344080089728627,0.8395899305379458
2022-12-22,0.6952344593371799,0.20217752608579417,0.8334137877484661
2022-12-23,0.7596693836809711,0.19153335446082478,0.8192200734554107
2022-12-27,0.7536002394062898,0.17484756940374843,0.8114339815626259
2022-12-28,0.7847504226627559,0.16667931556939874,0.7988329634487555
2022-12-29,0.8307027248356814,0.16797506235543394,0.7848862715550957
2022-12-30,0.8361409162374535,0.14525482628328476,0.7794637906730353
2023-01-03,0.8935842002535033,0.11846628883072059,0.7721353961172531
2023-01-04,0.8945590059901902,0.07150360293475429,0.7684127420832718
2023-01-05,0.8652763859865179,0.0007905148063954879,0.7583810232718257
2023-01-06,0.7236541252099494,-0.009735696527148155,0.7406392568335002
2023-01-09,0.780665973823504,-0.03763186730900849,0.7234899199372704
2023-01-10,0.777943886278799,-0.05448330522661669,0.706889713941401
2023-01-11,0.7669686432411996,-0.06919151217900976,0.6949133694856676
2023-01-12,0.7763799770165881,-0.08646075917311181,0.6901691178000827
2023-01-13,0.7469687951667954,-0.0969427861789487,0.6824688737968841
2023-01-17,0.7469725456368774,-0.09829366546037664,0.6567338881656852
2023-01-18,0.739309637901563,-0.09689394484590978,0.6252248188293983
2023-01-19,0.6979508197966396,-0.09033645979374312,0.5526811931333208
2023-01-20,0.6018061880580451,-0.07791385374315193,0.5159665124278937
2023-01-23,0.43843745713928445,-0.05444137670041431,0.5012409253200816
2023-01-24,0.5961812511926837,-0.017044702144714083,0.4543444057023381
2023-01-25,0.6691823190729324,0.010502947674171271,0.3996763354503678
2023-01-26,0.5889194008028005,0.023759566194132293,0.3645733242143802
2023-01-27,0.614777329305625,0.057795893954603494,0.3466795531948015
2023-01-30,0.6364843785701846,0.09399266981410483,0.3297460800748921
2023-01-31,0.6446173574729478,0.11889605080819345,0.3312528755503335
2023-02-01,0.6767932987170697,0.16071511475315786,0.3324677228017811
2023-02-02,0.6937071845905368,0.21562499539494254,0.3425833356426237
2023-02-03,0.6943964564038442,0.3037502153714066,0.3089060424024593
2023-02-06,0.7019841593634384,0.36673326955056373,0.3020993188100684
2023-02-07,0.778323042050863,0.4264065614835633,0.3049343318527712
2023-02-08,0.8795041917049663,0.4947934110948754,0.2878533083779723
2023-02-09,0.8644693210983511,0.5397821217884595,0.3184425595633455
2023-02-10,0.8770537508209154,0.5812250117889343,0.3599371769417904
2023-02-13,0.887970594507109,0.6173876109770842,0.3968860479315999
2023-02-14,0.8944062376096723,0.6523230193385429,0.4701437658283914
2023-02-15,0.8624049891551072,0.7022101649682649,0.5404897811856338
2023-02-16,0.8659182080345471,0.7444506021887927,0.5898838776889681
2023-02-17,0.8679803031550722,0.7878381582815956,0.6187611753239892
2023-02-21,0.8316602959918019,0.8273698034199553,0.6470914734199161
2023-02-22,0.8364948408694651,0.8304961646830171,0.6597626427989537
2023-02-23,0.7339836292569131,0.8300789025780517,0.670281564881337
2023-02-24,0.7223436797807893,0.827680573799937,0.6912967893999263
2023-02-27,0.7079025940886812,0.825299822877006,0.6956609482060208
2023-02-28,0.6003995156668286,0.8173066070081658,0.7033060663917557
2023-03-01,0.667027122873443,0.8077955990271899,0.7151470875875017
2023-03-02,0.705609345986021,0.7922452177744921,0.7221967686520537
2023-03-03,0.7081971256867053,0.7821415383018754,0.7345054880664875
2023-03-06,0.804091777419495,0.7728205995572288,0.7626529302614657
2023-03-07,0.8287489240500744,0.7663730905639599,0.7849068948595204
2023-03-08,0.8301788730817184,0.7587653470980719,0.7922375530212905
2023-03-09,0.8310510027348011,0.7585348041303912,0.8033075000133426
2023-03-10,0.851717002295254,0.7600907606089985,0.8008398903314994
2023-03-13,0.8357169627196724,0.7643253995262477,0.7774556105524509
2023-03-14,0.8590168750328662,0.7684618767372728,0.7309587877662633
2023-03-15,0.9307655518036181,0.7756215529077563,0.6522182428513553
2023-03-16,0.9549825470600899,0.7766949804822008,0.5451244085484362
2023-03-17,0.8440795737856379,0.7715290337791566,0.5136649477388711
2023-03-20,0.8722302106679433,0.7494805376252156,0.4549486226872623
2023-03-21,0.8246620567382967,0.7373602921103454,0.4475215290311659
2023-03-22,0.7278349899230002,0.7251265369763396,0.5024429246744837
2023-03-23,0.7694923759214,0.702468046208283,0.5457877846305103
2023-03-24,0.7940662637761943,0.6787082298370202,0.6124546203341122
2023-03-27,0.7747075199765069,0.6641486675117304,0.6382636010291728
2023-03-28,0.7348298130147897,0.6538712371627788,0.6224495778731055
2023-03-29,0.5765602689310446,0.6453527819267312,0.630926710744764
2023-03-30,0.5133039318484967,0.6438865110701578,0.6591861905572933
2023-03-31,0.47409932654515696,0.6496565617952411,0.6726503456739555
2023-04-03,0.4015475636496321,0.6632299543213542,0.6840528939293795
2023-04-04,0.5412889821517383,0.6754164550737255,0.7060100860914394
2023-04-05,0.4276858270544313,0.6836683022126274,0.7094786627960421
2023-04-06,0.5607020205649201,0.6895617131729335,0.7225758446133529
2023-04-10,0.6019737589291189,0.6980866405293108,0.7422140813344384
2023-04-11,0.4585636508469794,0.7065605884075593,0.7405795899042065
2023-04-12,0.38706921109230513,0.7139700746425655,0.731345077456816
2023-04-13,0.43161040212172835,0.7165717100139817,0.7201026474302223
2023-04-14,0.458765756286907,0.7236005250301099,0.7172150028426353
2023-04-17,0.5921201579110059,0.7270015986982874,0.7084773126629333
2023-04-18,0.5075681251766425,0.7298052771008562,0.706976761915263
2023-04-19,0.4851305001765643,0.7311917772619528,0.7064772522720532
2023-04-20,0.5246082910451876,0.7287353431924545,0.7040584299873418
2023-04-21,0.41010484370705985,0.728501010849715,0.6997521337793282
2023-04-24,0.3257283557950503,0.7246930248166724,0.6894308517343095
2023-04-25,0.35432307232324795,0.7174191587148397,0.6875066867535432
2023-04-26,0.35208158876475243,0.710046803666089,0.6707746367367017
2023-04-27,0.4434724266130288,0.6999248700384353,0.6349949480829108
2023-04-28,0.4825260740278594,0.6980151368034561,0.6063208123570296
2023-05-01,0.6959946018694572,0.6950824885867526,0.5963695415325339
2023-05-02,0.6507186183827268,0.6846247940175955,0.5770531788552199
2023-05-03,0.5791132136791314,0.6760261505658829,0.538021912141693
2023-05-04,0.6540303936311358,0.6647606121604707,0.4793867936576942
2023-05-05,0.8001698772852183,0.652731548606077,0.4102417153199221
2023-05-08,0.8515057603750757,0.6522659848137649,0.3585988688808498
2023-05-09,0.80666785041123,0.6545450652496158,0.2878119061315421
2023-05-10,0.7973370448077127,0.6563269449504736,0.1321525501907338
2023-05-11,0.8004008826159091,0.6593330496415583,-0.0314752482648829
2023-05-12,0.7199107829968034,0.6500282120098563,-0.1506869095589119
2023-05-15,0.5211942744021746,0.6416224134212551,-0.1852657063698957
2023-05-16,0.5063531884307814,0.6474444165954316,-0.2335246563695927
2023-05-17,0.29883850853789823,0.6414638414348323,-0.2512236598054632
2023-05-18,0.2753395641577607,0.6482358190040636,-0.248223317166804
2023-05-19,0.26390522189435556,0.662360298849696,-0.238252891409697
2023-05-22,0.11722572038464246,0.6755359311644651,-0.2780998900849579
2023-05-23,0.08687602604216653,0.6869976216584119,-0.2714146133763475
2023-05-24,-0.0800308111524688,0.6867923758439486,-0.2769104083108856
2023-05-25,0.3036559154363048,0.6839084076485006,-0.3106283874323803
2023-05-26,0.38559214501017774,0.6892634253909712,-0.1600768670756646
2023-05-30,0.3909045477963155,0.7011809471093631,-0.0356254298482319
2023-05-31,0.3123816954612363,0.7136029921514588,0.1149355974797718
2023-06-01,0.46302617082523434,0.7219303894591659,0.2219059563128284
2023-06-02,0.5137658549920782,0.733633057987713,0.3072064821771381
2023-06-05,0.5440290925518511,0.7513583559652791,0.3508854124280813
2023-06-06,0.7620536721189519,0.7677125751866962,0.4118625555491375
2023-06-07,0.7065228847991679,0.7850912092921524,0.4855470237314239
2023-06-08,0.6741468282996036,0.8038957015169199,0.5121311949152658
2023-06-09,0.6156814538526832,0.8207804330855055,0.5223454531988055
2023-06-12,0.6733055497524726,0.835769894121098,0.5261772042513806
2023-06-13,0.612216225831371,0.8441318745741505,0.5359746216325663
2023-06-14,0.5923181576837482,0.8506274054088341,0.5384657237887984
2023-06-15,0.5689207177303245,0.85126199036216,0.5447271829508072
2023-06-16,0.5450408180742529,0.8504000953344586,0.5300099186958181
2023-06-20,0.5704462038746897,0.8509057509412498,0.5032829731108225
2023-06-21,0.5898060328230728,0.8504729307691357,0.4512880067698094
2023-06-22,0.5354827628210255,0.8492252220525295,0.4070859068550598
2023-06-23,0.6065976444717148,0.8491677311305624,0.3827582838473228
2023-06-26,0.6635258344963559,0.8482149478350155,0.3436681388149724
2023-06-27,0.6422855960246489,0.8457469056193926,0.2683493865617334
2023-06-28,0.6816649943398629,0.8449601536428732,0.1859350381778268
2023-06-29,0.6488276415763804,0.846132105452273,0.1257006286558617
2023-06-30,0.5856664057672708,0.8413573415547082,0.0673431630300008
2023-07-03,0.5210560416189588,0.8351395039056103,0.0656607420956577
2023-07-05,0.5486813443493971,0.8241404027170948,0.0776926005136099
2023-07-06,0.5499544172093056,0.8133907153368886,0.0835505260307219
2023-07-07,0.4195744092655805,0.8006503926831792,0.0675206763734224
2023-07-10,0.4411598641455969,0.7903130858415428,0.0211369412257652
2023-07-11,0.4624393946129448,0.7724597321200192,-0.0675309267292288
2023-07-12,0.3265148797888981,0.7582475073776938,-0.145485798013989
2023-07-13,0.3413285290857278,0.7460487115648501,-0.1832952819583419
2023-07-14,0.41753010240506166,0.741717563161206,-0.1694266651344981
2023-07-17,0.37045674194017336,0.7427237440743059,-0.1719864331357897
2023-07-18,0.427754092578392,0.7401622027171207,-0.1635778666700192
2023-07-19,0.4558499045163937,0.7367304279406044,-0.1057384582526044
2023-07-20,0.41127135417558286,0.7288720648780228,-0.06479018249245
2023-07-21,0.41578407935471356,0.7117786496028518,-0.0251224127053529
2023-07-24,0.5241308609402487,0.6941679688919334,0.0174293390817638
2023-07-25,0.5852376343803894,0.6816800073748801,0.0965118456495871
2023-07-26,0.5886201769020082,0.6718458672981142,0.2407339414586139
2023-07-27,0.5838935274434457,0.6786370843875683,0.30453490466222
2023-07-28,0.3381270501614153,0.6848489953813669,0.3400465819464573
2023-07-31,0.3492359481882901,0.6931975673019015,0.3918358399767488
2023-08-01,0.3865779475107278,0.7000562492726977,0.4097557424773988
2023-08-02,0.26205152067084186,0.7061164787277934,0.4257301667898355
2023-08-03,0.30651966393159474,0.7064948473488515,0.4717747634277588
2023-08-04,0.48386048017732564,0.7059804547991403,0.4677355113838156
2023-08-07,0.5821900320239718,0.7030824711510232,0.4725321664906751
2023-08-08,0.6382427646317651,0.7055563082584125,0.4316924919302721
2023-08-09,0.6436420143539922,0.7061631307128338,0.3996396467247753
2023-08-10,0.6519987415460492,0.7054378602588279,0.3685060192916441
2023-08-11,0.6765053739971424,0.705126230556356,0.3534348952115368
2023-08-14,0.67344675982852,0.7043671009959669,0.3585473037225567
2023-08-15,0.9218636796224473,0.7020598115096981,0.3582966262125762
2023-08-16,0.9565792944715561,0.6968385249657626,0.350174769130201
2023-08-17,0.9286257541184596,0.6898242152516786,0.340086302989149
2023-08-18,0.9410666225991449,0.672745635253479,0.3226363320522027
2023-08-21,0.8574837578264763,0.6537505109885365,0.3090400553037581
2023-08-22,0.6366630150433935,0.642793674022511,0.2980150723648312
2023-08-23,0.638660448110945,0.6332964101170695,0.2704857211951269
2023-08-24,0.6256175769956571,0.6240830241328452,0.2666478317167213
2023-08-25,0.6587343454740188,0.6045828835659824,0.2386775736138576
2023-08-28,0.7328837410411896,0.5802981880015776,0.2130450261772408
2023-08-29,0.6941600887134124,0.5476975890075632,0.3444018458651181
2023-08-30,0.7050060690552313,0.5306280567134791,0.4705496886294227
2023-08-31,0.7725765243468622,0.5131021132883066,0.5570924242735021
2023-09-01,0.7695576673001435,0.48677046018255804,0.597490898138766
2023-09-05,0.741692965395302,0.4666220032426805,0.6307213395310395
2023-09-06,0.7057321312461787,0.45061375303617895,0.6478488294726517
2023-09-07,0.8133109159092579,0.43153684195654973,0.6485498901960121
2023-09-08,0.8942180753886716,0.40523007338761097,0.6377829243976623
2023-09-11,0.8848466885654966,0.3884224338936418,0.6243127098958486
2023-09-12,0.8980208080185879,0.3831310938008802,0.6116966983240433
2023-09-13,0.8656656885195888,0.38147969654112157,0.609542858180685
2023-09-14,0.8101070773881517,0.378580945947738,0.5990670859161319
2023-09-15,0.8385644956859721,0.3933760056242863,0.5770280749437227
2023-09-18,0.8390135157325531,0.38744489767232526,0.5517833345625442
2023-09-19,0.7038418460587249,0.37283331971031747,0.5149161702672098
2023-09-20,0.6807002040695626,0.3700703434602721,0.4905219377340404
2023-09-21,0.6855207384841001,0.3663434700200902,0.509691414088786
2023-09-22,0.7217890496754266,0.3538621289630937,0.5122122720069193
2023-09-25,0.8001025227922032,0.33339671800322285,0.5185129880250243
2023-09-26,0.7952004929139251,0.3153660778112524,0.5317260236470945
2023-09-27,0.8256653891709388,0.29913577745645625,0.5460948100492984
2023-09-28,0.8469684164370047,0.2806197755414536,0.5463131488042103
2023-09-29,0.8378466853547927,0.2644542514053831,0.5484157358917165
2023-10-02,0.8563400604834438,0.22987145136670933,0.5516840270828784
2023-10-03,0.8420383907342557,0.18128589193915273,0.5467579075717383
2023-10-04,0.7860513139777349,0.13217505197549276,0.5187623605133099
2023-10-05,0.8173538820257468,0.08517990473716101,0.4947188257243929
2023-10-06,0.8452797977224155,0.04487300300331557,0.4573847901937403
2023-10-09,0.8391597056378138,0.008231379146949776,0.4456382832388438
2023-10-10,0.8696335456095117,-0.015011751649280177,0.4334660276046452
2023-10-11,0.8021481593576834,-0.03395654489532445,0.4571729145573834
2023-10-12,0.7528558888657071,-0.0541730918641704,0.4789289717389821
2023-10-13,0.7569676303475403,-0.08722696277517379,0.4908766390240694
2023-10-16,0.6875398756074141,-0.11368570692082096,0.492570288865536
2023-10-17,0.7377763265225484,-0.14108329771002204,0.4944587253331387
2023-10-18,0.7349816467593446,-0.18534944997242384,0.4974599532751567
2023-10-19,0.7296277253664377,-0.22546743020545107,0.5172765226039321
2023-10-20,0.8689985998666631,-0.2642588847999018,0.572802761167618
2023-10-23,0.8291025860854119,-0.2954533367107611,0.6259241682351595
2023-10-24,0.8637957399904032,-0.3154023212002276,0.6986280117673878
2023-10-25,0.8440742057722304,-0.33806982495151183,0.7962743382911969
2023-10-26,0.8247149543277281,-0.3008367944747548,0.7944546199805308
2023-10-27,0.6857322808430347,-0.24487802555476323,0.7806280250460819
2023-10-30,0.7106430480825479,-0.19244295351978416,0.756315242271615
2023-10-31,0.6804729271579834,-0.16666467943950003,0.7354882502067603
2023-11-01,0.7056654956385965,-0.13363057702224115,0.7040006253121489
2023-11-02,0.6878793669673682,-0.10535493891307607,0.6712290830610206
2023-11-03,0.6980278049062388,-0.0854695129315328,0.643436460168992
2023-11-06,0.6594380203800093,-0.07162315232754533,0.6157406365328175
2023-11-07,0.6960238329391913,-0.054566720397298416,0.5865941966275846
2023-11-08,0.727534313663972,-0.028504861386907814,0.5760886965548496
2023-11-09,0.7460532040436164,0.006440094475844696,0.5751960228660352
2023-11-10,0.7629490387163561,0.049869447793565155,0.5602612126462381
2023-11-13,0.7417318575579328,0.09633972749660213,0.5681033219360241
2023-11-14,0.8213607242396203,0.1484282702140442,0.5705590437478494
2023-11-15,0.7522905726530235,0.21113080245689636,0.5804616123679964
2023-11-16,0.7318708504005698,0.24162725028577542,0.5897693274429344
2023-11-17,0.7185118243158,0.2744023411506418,0.6321019158293243
2023-11-20,0.6625461380503767,0.2919987201249861,0.6713828738823224
2023-11-21,0.6167978784060099,0.3153802559350016,0.7085189683435744
2023-11-22,0.6798865867172256,0.34620130709936037,0.7523539967640887
2023-11-24,0.645738084153357,0.3887370254831532,0.7991096699076288
2023-11-27,0.6486845109378389,0.420604095538861,0.8304438325054673
2023-11-28,0.6288556539932872,0.44803025113910294,0.8581594099549252
2023-11-29,0.650403342483108,0.4699018722622901,0.8921817609598376
2023-11-30,0.5654255574956288,0.48108407783242735,0.9123319262048594
2023-12-01,0.46670050956039316,0.48112745324086864,0.9027662509009334
2023-12-04,0.3746900977851109,0.4748375390510983,0.8777526448305047
2023-12-05,0.11398124535416804,0.4565607915379707,0.8363250627408547
2023-12-06,0.32460874643199267,0.4470010358908087,0.8112807760843512
2023-12-07,0.2850444945303778,0.4335126880227839,0.7789641113613492
2023-12-08,0.31133088116151675,0.44683291058895364,0.7778032166680694
2023-12-11,0.5473669938600411,0.4468106586733544,0.7664246671085293
2023-12-12,0.5093227679163609,0.4377061213479169,0.7587608237858747
2023-12-13,0.43750471560038773,0.4234598659170207,0.7391724345141396
2023-12-14,0.40320463167653786,0.40282793605171135,0.7261273354865828
2023-12-15,0.36716955324316913,0.37733882873000996,0.7163113790233997
2023-12-18,0.3826687314169836,0.35671933024204716,0.6677164444390087
2023-12-19,0.3092864465920719,0.3602174859914863,0.6082863455972285
2023-12-20,0.36378939956807094,0.36979503410426334,0.5684578722966288
2023-12-21,0.39110230210763525,0.3846535001212154,0.5317887435398381
2023-12-22,0.1042934626177312,0.40797754618237625,0.5004330976169569
2023-12-26,0.15834310342741512,0.4332190162517412,0.4752516574955018
2023-12-27,0.09610773649838043,0.4577850872678731,0.3824953250221327
2023-12-28,-0.07580770710869493,0.4754016596703461,0.3082726986071896
2023-12-29,-0.03670153338745631,0.4914399702700129,0.2150776083852666
2024-01-02,-0.005325777580479331,0.5047065343651105,0.1445031695309429
2024-01-03,0.07844703992557087,0.5125747779780473,0.0355354689184406
2024-01-04,0.24436439318960654,0.5213762671684143,-0.0972684769678434
2024-01-05,0.25586674938294035,0.5237538706920223,-0.2277056738511155
2024-01-08,0.28829777204573126,0.5247286958693413,-0.3733732123661491
2024-01-09,0.13518608081401468,0.5345203157857907,-0.4603473694833337
2024-01-10,0.3960880628458449,0.5500716862013296,-0.5173857194952644
2024-01-11,0.6101747334834567,0.5688059060744363,-0.5485863996757212
2024-01-12,0.5644851054625675,0.5861291769508103,-0.5783882501450136
2024-01-16,0.5625359391103892,0.5992855270713241,-0.5984641077122242
2024-01-17,0.5737093292642265,0.6070193757521124,-0.6070769963816314
2024-01-18,0.6341291582910211,0.611147333464785,-0.6601872205346893
2024-01-19,0.6636957794172204,0.6194252662079532,-0.6414796516416724
2024-01-22,0.7048670113584325,0.6284791442129023,-0.5873313336392144
2024-01-23,0.7373798348174088,0.638419434534991,-0.5004649764898446
2024-01-24,0.8227524524157244,0.6507754063315192,-0.4167083393818593
2024-01-25,0.8300724235991571,0.6607860589121427,-0.3029412998139351
2024-01-26,0.831518867068589,0.6761958678424413,-0.1897886854570117
2024-01-29,0.7524672326781267,0.6868944511559062,-0.0675424143130379
2024-01-30,0.8586845102596037,0.7049501448217721,0.0692603349733217
2024-01-31,0.8246074477101845,0.7206738567998674,0.200049520966026
2024-02-01,0.7910308079024317,0.7280657677595372,0.2581649645565658
2024-02-02,0.8837223390859181,0.7362719733691268,0.2973800404588042
2024-02-05,0.8553733374031296,0.743246586950437,0.3362214701735341
2024-02-06,0.8569777048301663,0.7580268076721626,0.3587076743564746
2024-02-07,0.7898286742457117,0.7715178108199784,0.3983400203307104
2024-02-08,0.7743781347527054,0.783477361791736,0.4396121345841532
2024-02-09,0.7750850400018154,0.7977222684996317,0.4846579789221383
2024-02-12,0.7693194784858944,0.8156379904826089,0.5155863622516079
2024-02-13,0.7865494050442542,0.8309628585084564,0.5514188660664463
2024-02-14,0.7937286724693361,0.8458436970459711,0.5673552436396091
2024-02-15,0.7645215054799,0.8587738339368548,0.5500866078537183
2024-02-16,0.7593930965827301,0.8708845843904572,0.5033404161341837
2024-02-20,0.6926830166031381,0.8855507320754322,0.4264767588737979
2024-02-21,0.4710564247225348,0.8765003675928729,0.3429125526132144
2024-02-22,0.40566019374731876,0.8658832952268265,0.2550662012252619
2024-02-23,0.3712324438003862,0.8522364197128148,0.18825100540431
2024-02-26,0.47844713464631905,0.8396526698389527,0.1477093708902074
2024-02-27,0.47824394212511123,0.8063775821242807,0.0845796383355983
2024-02-28,0.4423257482783553,0.7778079872794496,0.0311386559227623
2024-02-29,0.4424699193958568,0.7397120609515173,-0.0393018830189519
2024-03-01,0.4263231594121821,0.7111044249655102,-0.0755021879543221
2024-03-04,0.4247808125791419,0.671096984310801,-0.1257419434726133
2024-03-05,0.34149038835904894,0.6126488638171101,-0.1868090153062828
2024-03-06,0.3403032438708691,0.5611853244145131,-0.2698235227107761
2024-03-07,0.34590917031321416,0.49384566713166594,-0.3126360902454411
2024-03-08,0.31004882559644853,0.442633874979804,-0.2845130018775614
2024-03-11,0.4383146028953746,0.39803038925920575,-0.2683143292769593
2024-03-12,0.3782919089995895,0.3723253588524597,-0.2614711204414977
2024-03-13,0.2568573255684136,0.3490698994865062,-0.2027709538693931
2024-03-14,0.2835664324286799,0.3389764630501219,-0.1543310116151907
2024-03-15,0.14167511920708684,0.3360027901912837,-0.1121274559282299
2024-03-18,0.059834332527052024,0.3291849662845543,-0.0840233339427459
2024-03-19,0.12871439392138473,0.3425333443677785,0.0021727946012583
2024-03-20,0.2108804769715711,0.35906178697504537,0.0882167932563597
2024-03-21,0.30134660651983575,0.3753617532229818,0.1906489648339722
2024-03-22,0.3034700569777055,0.3873479351838593,0.2989488243633504
2024-03-25,0.19989754459681788,0.4073415936670895,0.3885334878184259
2024-03-26,0.2132290327032249,0.41614729598407535,0.4562478959088187
2024-03-27,0.20553719279547403,0.4174552786375518,0.5012074082086015
2024-03-28,0.22438425197237255,0.4198419024254774,0.5712861485377074
2024-04-01,0.20078734231594433,0.4133402503537105,0.6417843456225851
2024-04-02,0.2631874051103877,0.4152102334256527,0.6828751738175299
2024-04-03,0.18555482377070112,0.4066057796685833,0.7100815647339408
2024-04-04,0.31652039922717384,0.41915231685602006,0.7411093336320242
2024-04-05,0.16821639007572112,0.41498667998099076,0.7665875483920014
2024-04-08,0.3936542160067012,0.4106457881259137,0.8089127387999306
2024-04-09,0.49068950100745967,0.4059762952771617,0.8456833207653768
2024-04-10,0.45972505618830994,0.4070846565991252,0.8778891850680399
2024-04-11,0.526037164588978,0.400247891672243,0.8931924631337096
2024-04-12,0.5865354622764715,0.39816500466002325,0.9086431221356328
2024-04-15,0.6304099238739685,0.39251312992903153,0.916225874139198
2024-04-16,0.6696517832939878,0.3823447380180855,0.919559436452082
2024-04-17,0.7847356453557444,0.3716542285607424,0.91512468954447
2024-04-18,0.7824379043248967,0.36258509673800554,0.910547639187299
2024-04-19,0.849661427687935,0.35367862977128095,0.901087655033342
2024-04-22,0.8484006805376546,0.341669940046334,0.8750102309023285
2024-04-23,0.8587564329542478,0.32910708727962656,0.8613703663387666
2024-04-24,0.8834279910048265,0.321977773282383,0.8660299138887568
2024-04-25,0.8698256596236752,0.31221379776079156,0.8688194367412972
2024-04-26,0.8825317756623766,0.29611316437562674,0.8831182702174213
2024-04-29,0.8013868578615228,0.27970708567026237,0.9011403802077612
2024-04-30,0.6484304167886631,0.26213753226339226,0.8942085082223019
2024-05-01,0.5340627287382609,0.22736228422557658,0.8833300969408608
2024-05-02,0.5598488202946205,0.20030901859499273,0.8700222582012485
2024-05-03,0.5318350328485376,0.18497141143736737,0.8680952168738215
2024-05-06,0.5309196038668206,0.18536946092970188,0.8680830033381397
2024-05-07,0.4909118355025674,0.19453257460883608,0.869299718886016
2024-05-08,0.4708402418181301,0.2069755773207973,0.8813213805067027
2024-05-09,0.4340400101289277,0.2154691365424176,0.8867096711994213
2024-05-10,0.44306240020268367,0.22407694791969512,0.8958261303300056
2024-05-13,0.4441186966328377,0.23821733962091227,0.8934396400200212
2024-05-14,0.45033345672491265,0.25958957861634935,0.8863901665074626
2024-05-15,0.4171191530670079,0.28367886861629105,0.884063106718606
