,Date,JPM,SPY,IC
0,2020-01-02,122.85289,303.135559,0.8774853268794138
1,2020-01-03,121.231644,300.840179,0.9117348017955272
2,2020-01-06,121.135254,301.987946,0.9175051724762802
3,2020-01-07,119.075867,301.138763,0.9305112279367935
4,2020-01-08,120.004799,302.743713,0.936663361882884
5,2020-01-09,120.442978,304.796509,0.9575620980175195
6,2020-01-10,119.242386,303.919342,0.9618972961043967
7,2020-01-13,120.232651,306.009521,0.970113269072623
8,2020-01-14,121.634758,305.542999,0.973630554761873
9,2020-01-15,119.812012,306.233582,0.9734020094716284
10,2020-01-16,120.276459,308.780853,0.9739743198807275
11,2020-01-17,121.108955,309.741943,0.9754367133612363
12,2020-01-21,119.917168,309.135437,0.9787129408460767
13,2020-01-22,119.776909,309.172668,0.9806903001299904
14,2020-01-23,119.654266,309.527313,0.9813435649557478
15,2020-01-24,116.683495,306.774597,0.9827286384122297
16,2020-01-27,115.702003,301.857269,0.9834737943179054
17,2020-01-28,117.805191,305.020477,0.9838502273136117
18,2020-01-29,117.629929,304.768494,0.9840372081068325
19,2020-01-30,119.084633,305.757538,0.9843846471658808
20,2020-01-31,115.991211,300.205688,0.9843588696014873
21,2020-02-03,116.876289,302.435822,0.984225664226196
22,2020-02-04,118.558815,307.045258,0.9844484134103715
23,2020-02-05,120.574409,310.591064,0.9842923569731463
24,2020-02-06,120.591942,311.636108,0.9840086676396301
25,2020-02-07,120.206345,309.975189,0.9821364746382935
26,2020-02-10,120.705856,312.289307,0.9806783448117352
27,2020-02-11,120.933731,312.830505,0.9783002989919755
28,2020-02-12,120.933731,314.845978,0.977127786609824
29,2020-02-13,120.828545,314.510101,0.9750535461794176
30,2020-02-14,120.460495,315.013947,0.9686745079958781
31,2020-02-18,118.86557,314.202148,0.9601598423414855
32,2020-02-19,120.486794,315.704437,0.9454939165540335
33,2020-02-20,120.486794,314.407471,0.9319697785543759
34,2020-02-21,119.014534,311.169525,0.9142822257091078
35,2020-02-24,115.815941,300.849487,0.8955162491571463
36,2020-02-25,110.645576,291.733154,0.8727582262129149
37,2020-02-26,110.9786,290.660034,0.8514577483212759
38,2020-02-27,106.360313,277.606049,0.8271092947070328
39,2020-02-28,101.750809,276.439636,0.8207673087007534
40,2020-03-02,106.49176,288.411316,0.8131616615601339
41,2020-03-03,102.495697,280.153442,0.7961293302737115
42,2020-03-04,105.02829,291.929016,0.7873263980188512
43,2020-03-05,99.875473,282.224854,0.7590516660771964
44,2020-03-06,94.713875,277.559357,0.739567559129007
45,2020-03-09,81.884392,255.883514,0.7168499837380145
46,2020-03-10,88.246552,269.124176,0.7040872399614504
47,2020-03-11,84.092735,256.004791,0.6837797368278092
48,2020-03-12,77.160973,231.510986,0.6789006998632392
49,2020-03-13,91.059578,251.302017,0.6530005584591673
50,2020-03-16,77.43264,223.803604,0.6745705468016511
51,2020-03-17,82.164803,235.887207,0.633301771608903
52,2020-03-18,73.515411,223.943558,0.6352929090385011
53,2020-03-19,74.751053,224.419403,0.5791959155065933
54,2020-03-20,73.173653,214.74823,0.5439771455829499
55,2020-03-23,69.256454,209.257538,0.47374903931465984
56,2020-03-24,77.493958,228.216934,0.32182434214416406
57,2020-03-25,80.385872,231.633392,0.28033147863907926
58,2020-03-26,85.985626,245.158432,0.27438807268640514
59,2020-03-27,79.860062,237.856201,0.36794415868874253
60,2020-03-30,81.936958,245.58078,0.43408584851817594
61,2020-03-31,78.896111,241.920288,0.4953415044428829
62,2020-04-01,73.927307,231.032669,0.5166306739507505
63,2020-04-02,76.687752,236.363876,0.48574971727831867
64,2020-04-03,74.421028,232.947418,0.48919990198478025
65,2020-04-06,79.211243,248.593613,0.4929974678518332
66,2020-04-07,80.256035,248.847061,0.5529013702347922
67,2020-04-08,83.49675,257.200439,0.6468686677046028
68,2020-04-09,90.987572,261.11438,0.7326192106323226
69,2020-04-13,86.941124,258.730316,0.8246463857711682
70,2020-04-14,84.559273,266.361084,0.8744697021132519
71,2020-04-15,80.388855,260.701324,0.883188623800654
72,2020-04-16,77.325272,261.959015,0.8880939462629036
73,2020-04-17,84.275925,269.036041,0.886717242486655
74,2020-04-20,81.203476,264.296112,0.8930520923501835
75,2020-04-21,78.848213,256.271179,0.8924273282487074
76,2020-04-22,79.10498,261.959015,0.8932138212970808
77,2020-04-23,79.149269,261.940277,0.8879230423320263
78,2020-04-24,80.318031,265.5914,0.8768508298903925
79,2020-04-27,83.780083,269.420837,0.8680389893993908
80,2020-04-28,84.373337,268.181976,0.8684339772967056
81,2020-04-29,86.648918,275.202484,0.8782536040890776
82,2020-04-30,84.78949,272.640167,0.8827311438984634
83,2020-05-01,82.567047,265.422516,0.8810792793262746
84,2020-05-04,81.584206,266.154602,0.8826492631472098
85,2020-05-05,81.460258,268.613708,0.8726680260134896
86,2020-05-06,79.928429,266.792877,0.8566993698627557
87,2020-05-07,80.760757,270.012085,0.8370169729402842
88,2020-05-08,82.08007,274.479767,0.8132842215589903
89,2020-05-11,79.662819,274.536133,0.7883447502313667
90,2020-05-12,77.059624,269.064209,0.7530509443381196
91,2020-05-13,74.403313,264.305542,0.7244755002446734
92,2020-05-14,77.493492,267.468567,0.6852696416184478
93,2020-05-15,76.059082,268.69809,0.6523238778459276
94,2020-05-18,80.08783,276.882538,0.6030768637346746
95,2020-05-19,78.511749,274.038666,0.5808556833767293
96,2020-05-20,80.867004,278.69397,0.527103177969558
97,2020-05-21,79.839882,276.769958,0.4750635592350414
98,2020-05-22,79.2201,277.295593,0.42257862522128736
99,2020-05-26,84.842621,280.712006,0.3454363071076116
100,2020-05-27,89.75679,284.888702,0.327269933674283
101,2020-05-28,88.419777,284.363129,0.34701806103071586
102,2020-05-29,86.161903,285.630249,0.34599049865649056
103,2020-06-01,87.304146,286.784637,0.33298124156490955
104,2020-06-02,87.596329,289.159302,0.3383354858796484
105,2020-06-03,92.324577,293.007477,0.3268546756323747
106,2020-06-04,94.245979,292.237823,0.32557794517082106
107,2020-06-05,98.487228,299.727722,0.3357336108555763
108,2020-06-08,100.452881,303.350739,0.31412699195583216
109,2020-06-09,97.876266,301.088623,0.29102822218713303
110,2020-06-10,93.909515,299.40863,0.3033631734315181
111,2020-06-11,86.073372,282.148041,0.3617391221971228
112,2020-06-12,88.428658,285.526886,0.4150750771855892
113,2020-06-15,89.650536,288.192505,0.5120709232902148
114,2020-06-16,90.367752,293.739532,0.6190038308334057
115,2020-06-17,88.083328,292.51944,0.6955590937310229
116,2020-06-18,87.605194,292.63205,0.7391775114932918
117,2020-06-19,86.604652,290.959717,0.7592553584500401
118,2020-06-22,85.666084,292.826202,0.7600280259205565
119,2020-06-23,86.710907,294.174286,0.755915754407792
120,2020-06-24,83.815491,286.670258,0.7460414189292365
121,2020-06-25,86.737457,289.743561,0.7173251769332868
122,2020-06-26,81.982666,282.861755,0.7406071250523913
123,2020-06-29,82.34568,287.019104,0.7181739158233903
124,2020-06-30,83.284241,290.695709,0.6730651446140745
125,2020-07-01,82.57589,292.731934,0.6717239814216972
126,2020-07-02,82.844131,294.344025,0.6690084457681397
127,2020-07-06,84.936234,298.887878,0.6390435194126598
128,2020-07-07,82.540131,295.805298,0.6184272341641165
129,2020-07-08,83.416328,298.06778,0.6002447744531139
130,2020-07-09,81.610329,296.37088,0.5834771972029522
131,2020-07-10,86.071701,299.396942,0.5523259721554004
132,2020-07-13,87.305519,296.804474,0.527409678729528
133,2020-07-14,87.806206,300.650787,0.5204563928386076
134,2020-07-15,89.165176,303.412964,0.5148333483688984
135,2020-07-16,89.415497,302.413605,0.5248788576846989
136,2020-07-17,87.761482,303.290405,0.5470676115767102
137,2020-07-20,86.992592,305.741425,0.5369716335330242
138,2020-07-21,88.879074,306.391968,0.5202515831935959
139,2020-07-22,88.235344,308.135956,0.5263285422505486
140,2020-07-23,88.494629,304.459381,0.5271158655164835
141,2020-07-24,87.868767,302.498505,0.5493451843502173
142,2020-07-27,86.634964,304.704498,0.5493170515445496
143,2020-07-28,87.010468,302.771851,0.5731144769863468
144,2020-07-29,89.120461,306.495605,0.6016533934245494
145,2020-07-30,86.742249,305.402069,0.6348022878509254
146,2020-07-31,86.402496,307.815399,0.6298089136552629
147,2020-08-03,85.919724,309.955414,0.6239752938868544
148,2020-08-04,85.427994,311.152649,0.6106496106493662
149,2020-08-05,86.912117,313.085175,0.5927980496431581
150,2020-08-06,86.938942,315.178009,0.589293135617018
151,2020-08-07,88.852234,315.404297,0.5867421472429116
152,2020-08-10,89.978775,316.346985,0.5898367557752648
153,2020-08-11,92.821899,313.735657,0.6010310063709586
154,2020-08-12,92.035118,318.109894,0.6708594649078968
155,2020-08-13,91.525513,317.53479,0.7041289940921548
156,2020-08-14,91.561264,317.544189,0.7446444869920249
157,2020-08-17,89.147293,318.552948,0.7736610333742107
158,2020-08-18,87.904541,319.241119,0.7785421618828331
159,2020-08-19,88.110176,317.911926,0.7852247678749134
160,2020-08-20,87.055183,318.901703,0.7906121475407342
161,2020-08-21,87.010468,320.03302,0.7915467515063793
162,2020-08-24,89.460213,323.275909,0.7953376800356334
163,2020-08-25,89.853607,324.407135,0.7955005130306666
164,2020-08-26,88.592964,327.659546,0.7929018179097878
165,2020-08-27,91.507637,328.376038,0.8018971597243781
166,2020-08-28,91.883118,330.497131,0.7916902939004451
167,2020-08-31,89.576439,329.299835,0.7848071871809317
168,2020-09-01,89.531731,332.401367,0.7918866853957588
169,2020-09-02,90.881775,337.20929,0.8104990650230243
170,2020-09-03,90.595673,325.604523,0.8179896608975197
171,2020-09-04,92.55368,322.946014,0.7916959021797721
172,2020-09-08,89.335037,314.122131,0.7637793372595715
173,2020-09-09,90.184425,320.325226,0.7723047530998237
174,2020-09-10,89.25457,314.763214,0.7890648159577296
175,2020-09-11,90.363205,314.923553,0.803410256455202
176,2020-09-14,91.614899,319.07135,0.7900549867094027
177,2020-09-15,88.762856,320.683533,0.7955440583367493
178,2020-09-16,89.138344,319.410858,0.8160490381623959
179,2020-09-17,88.119118,316.601501,0.8245373295638084
180,2020-09-18,87.931351,312.956512,0.8399947559002396
181,2020-09-21,85.213394,309.473511,0.8597550669300409
182,2020-09-22,84.283562,312.625305,0.8691139595658881
183,2020-09-23,82.915649,305.375214,0.8701593381629784
184,2020-09-24,82.844131,306.189209,0.8705549157434664
185,2020-09-25,83.568321,311.139313,0.8669138975817763
186,2020-09-28,85.973373,316.307159,0.8636779107266912
187,2020-09-29,85.249168,314.584595,0.8698132962408398
188,2020-09-30,86.071701,316.969727,0.8731732016344009
189,2020-10-01,86.697563,319.004639,0.8779802071454588
190,2020-10-02,87.520088,315.975922,0.8807497073793628
191,2020-10-05,89.369942,321.579102,0.8837275068309237
192,2020-10-06,88.449516,317.007568,0.8896517217730864
193,2020-10-07,89.992577,322.525574,0.8923899650576518
194,2020-10-08,91.8424,325.384033,0.8970197765530392
195,2020-10-09,91.319023,328.289764,0.9014165186890921
196,2020-10-12,92.437973,333.571106,0.9080089953765005
197,2020-10-13,90.940041,331.394196,0.919553140336285
198,2020-10-14,90.434723,329.311951,0.9298675370214149
199,2020-10-15,91.788269,328.904938,0.9373163396834128
200,2020-10-16,91.598763,328.706238,0.9414525932966678
201,2020-10-19,90.055725,323.70871,0.9455622043157789
202,2020-10-20,90.570091,325.005402,0.946230313310847
203,2020-10-21,89.667717,324.390198,0.9450718860059093
204,2020-10-22,92.834991,326.169495,0.9453319004882563
205,2020-10-23,93.674194,327.276947,0.9467731824122385
206,2020-10-26,91.355125,321.228912,0.9480712319589236
207,2020-10-27,89.631615,320.12149,0.9458650976977169
208,2020-10-28,87.114021,309.180084,0.9445880675313251
209,2020-10-29,87.682503,312.322449,0.9376188078446298
210,2020-10-30,88.467575,309.066528,0.9282160695307283
211,2020-11-02,90.461777,312.53067,0.9163442082745392
212,2020-11-03,93.313271,318.048676,0.9054641739979014
213,2020-11-04,90.461777,325.156891,0.8935429984964398
214,2020-11-05,94.161461,331.498322,0.8732474242824274
215,2020-11-06,92.907188,331.422607,0.8620259443353108
216,2020-11-09,105.48613,335.587097,0.8652997430661953
217,2020-11-10,105.143219,335.094971,0.8865632889409923
218,2020-11-11,103.573112,337.584259,0.8926576190920499
219,2020-11-12,102.300766,334.309357,0.8877867593700749
220,2020-11-13,102.941452,338.937744,0.8911075382399967
221,2020-11-16,105.847069,343.168549,0.8869988676910479
222,2020-11-17,104.773254,341.322845,0.8824674180158716
223,2020-11-18,103.997215,337.215118,0.8852078508495954
224,2020-11-19,104.276955,338.634796,0.8866376833324812
225,2020-11-20,103.383629,336.315918,0.8824332822813985
226,2020-11-23,106.361404,338.332031,0.8783729715214623
227,2020-11-24,111.279274,343.783722,0.8713055360619072
228,2020-11-25,110.11525,343.253754,0.8690577578326142
229,2020-11-27,109.384315,344.209686,0.8734894482483336
230,2020-11-30,106.370422,342.685822,0.8742115255091483
231,2020-12-01,108.04882,346.433838,0.8649694576218114
232,2020-12-02,110.12426,347.16272,0.8603344291607998
233,2020-12-03,109.402374,347.068115,0.8593346060291415
234,2020-12-04,110.394974,350.05896,0.8590854835820231
235,2020-12-07,109.979881,349.339569,0.8620276495881839
236,2020-12-08,110.088158,350.361908,0.861054346094613
237,2020-12-09,109.230919,347.219513,0.8629033644330435
238,2020-12-10,108.527069,347.105957,0.860993073700376
239,2020-12-11,107.886406,346.698883,0.8580463938592525
240,2020-12-14,106.749428,345.146698,0.8514947625814825
241,2020-12-15,108.572197,349.812744,0.8444387537160394
242,2020-12-16,108.888008,350.361908,0.8497631667383923
243,2020-12-17,107.985657,352.321106,0.8546503425626937
244,2020-12-18,107.453278,350.914307,0.8629559171962652
245,2020-12-21,111.486847,349.659576,0.8637900813743127
246,2020-12-22,109.790382,349.070221,0.8458471635937743
247,2020-12-23,112.858414,349.383942,0.8245350215273298
248,2020-12-24,112.362106,350.743225,0.8191834539418712
249,2020-12-28,113.102051,353.756409,0.7729998796388691
250,2020-12-29,112.804276,353.081451,0.7359502920109301
251,2020-12-30,113.12011,353.585236,0.7262458706274669
252,2020-12-31,114.663139,355.381744,0.7044244907267995
253,2021-01-04,113.580299,350.543579,0.6473879536596929
254,2021-01-05,114.198326,352.957947,0.5451614202087459
255,2021-01-06,119.5606,355.068115,0.4864830103674053
256,2021-01-07,123.486862,360.343506,0.4294023574599247
257,2021-01-08,123.623222,362.396637,0.4292290882178568
258,2021-01-11,125.468216,359.953796,0.4450784562205419
259,2021-01-12,127.440422,360.029755,0.47278678635944105
260,2021-01-13,127.558601,360.999329,0.5062880078384385
261,2021-01-14,128.303848,359.735138,0.5375250937558326
262,2021-01-15,126.004433,357.111664,0.5611556718455624
263,2021-01-19,125.459099,359.915771,0.5833776456212761
264,2021-01-20,123.577774,364.896545,0.5864433645595744
265,2021-01-21,122.541687,365.229218,0.5900105693897278
266,2021-01-22,121.596428,363.936432,0.595108175178991
267,2021-01-25,120.078644,365.371765,0.5921814052461885
268,2021-01-26,119.587883,364.801453,0.5948811192485605
269,2021-01-27,116.206917,355.885559,0.5990976329463156
270,2021-01-28,118.251854,358.946259,0.562859183766302
271,2021-01-29,116.943085,351.760284,0.5287138347217943
272,2021-02-01,117.806496,357.615479,0.43484087797200544
273,2021-02-02,121.432861,362.672241,0.33833199555612076
274,2021-02-03,122.823418,362.957428,0.2956243427328047
275,2021-02-04,125.649986,367.082611,0.2622186103003446
276,2021-02-05,125.40461,368.527496,0.2559817734646927
277,2021-02-08,127.367706,371.188995,0.2842064642985246
278,2021-02-09,126.858765,370.941833,0.3306926155942277
279,2021-02-10,126.931511,370.780243,0.3881357890550071
280,2021-02-11,126.577003,371.379059,0.43917565810659753
281,2021-02-12,128.376572,373.213623,0.48430899857900983
282,2021-02-16,131.46669,372.890381,0.5080106176632438
283,2021-02-17,131.875671,372.975983,0.5110802066288074
284,2021-02-18,132.321014,371.388519,0.5342012885144731
285,2021-02-19,134.529572,370.732727,0.5430405965174684
286,2021-02-22,135.792862,367.881165,0.4762760987577829
287,2021-02-23,136.883484,368.32785,0.4107258285343436
288,2021-02-24,139.291992,372.386597,0.3039087108589578
289,2021-02-25,137.40155,363.413666,0.26248349374027047
290,2021-02-26,133.757019,361.541138,0.2098769541676997
291,2021-03-01,136.783493,370.304962,0.1082093444962964
292,2021-03-02,136.338165,367.415405,0.0801168326518372
293,2021-03-03,138.973862,362.548737,0.08351876697541391
294,2021-03-04,136.838013,358.062225,0.09358777079090853
295,2021-03-05,137.156143,364.649414,0.037120112532884664
296,2021-03-08,138.973862,362.833862,0.017327371405433823
297,2021-03-09,137.992294,368.014221,0.05098786960359458
298,2021-03-10,140.991577,370.304962,0.10579777987741167
299,2021-03-11,140.255386,374.05954,0.21156146415824242
300,2021-03-12,141.918549,374.563324,0.26050522443143304
301,2021-03-15,141.209641,376.797058,0.30039316294388524
302,2021-03-16,139.519226,376.321808,0.3019938608455581
303,2021-03-17,140.955185,377.605011,0.29129816023716987
304,2021-03-18,143.281891,372.111023,0.3214833151495982
305,2021-03-19,141.000626,371.422455,0.3774263929060113
306,2021-03-22,137.210678,374.388245,0.3902292210242024
307,2021-03-23,135.838303,371.441559,0.3567987304728683
308,2021-03-24,136.892578,369.553314,0.31358195062966215
309,2021-03-25,138.646667,371.632294,0.2689981987374976
310,2021-03-26,140.955185,377.621094,0.2681122451619661
311,2021-03-29,138.764832,377.430328,0.2877589510144396
312,2021-03-30,140.400772,376.428986,0.2775087602728434
313,2021-03-31,138.355835,377.954895,0.30036425646754317
314,2021-04-01,139.700958,382.036407,0.28932762807252865
315,2021-04-05,140.441498,387.519836,0.29965260758605894
316,2021-04-06,139.454102,387.291016,0.31957248738477495
317,2021-04-07,141.639084,387.739136,0.3122167321824077
318,2021-04-08,141.812805,389.579681,0.3534221433811427
319,2021-04-09,142.87326,392.411926,0.3819832395606062
320,2021-04-12,142.571579,392.555084,0.4070753085081954
321,2021-04-13,140.87114,393.718384,0.41632768916225454
322,2021-04-14,138.238205,392.37384,0.4013600900494459
323,2021-04-15,139.115875,396.588928,0.36622205034749516
324,2021-04-16,140.148941,397.914459,0.33174502475019285
325,2021-04-19,139.554688,395.959534,0.291921806614907
326,2021-04-20,136.464645,393.060455,0.26191405436500265
327,2021-04-21,137.625702,396.779663,0.17213593381239262
328,2021-04-22,134.727631,393.155823,0.1717716332847197
329,2021-04-23,137.305695,397.418549,0.057959473130340916
330,2021-04-26,137.643982,398.248199,-0.021803624163954673
331,2021-04-27,138.274796,398.162445,-0.07928552375556402
332,2021-04-28,139.1707,398.047974,-0.14392909834578263
333,2021-04-29,141.876816,400.584625,-0.1998777545054862
334,2021-04-30,140.615204,397.952606,-0.23342815085582191
335,2021-05-03,140.203766,398.810913,-0.2824161741461991
336,2021-05-04,142.141907,396.350494,-0.3163946733480306
337,2021-05-05,144.006897,396.474487,-0.34241968851578075
338,2021-05-06,146.904968,399.640594,-0.35608672660025836
339,2021-05-07,147.407791,402.549133,-0.3817490818186025
340,2021-05-10,147.389496,398.562958,-0.40563511594518303
341,2021-05-11,144.939407,395.005798,-0.432678632956762
342,2021-05-12,143.942917,386.613892,-0.4379446466927927
343,2021-05-13,147.645477,391.258118,-0.4601136324457401
344,2021-05-14,149.94014,397.265991,-0.4564404123769984
345,2021-05-17,150.543549,396.255127,-0.44386727645177315
346,2021-05-18,148.422531,392.841125,-0.424366392069363
347,2021-05-19,147.28891,391.811188,-0.4247498813815923
348,2021-05-20,147.032944,396.026306,-0.40442868179288133
349,2021-05-21,148.705948,395.702026,-0.4136920858508277
350,2021-05-24,149.510468,399.735901,-0.40356009950791244
351,2021-05-25,147.965439,398.84906,-0.40362487871060526
352,2021-05-26,147.947174,399.640594,-0.4105699434940274
353,2021-05-27,150.250961,399.850372,-0.4075017684245128
354,2021-05-28,150.150421,400.565582,-0.39357718503855094
355,2021-06-01,151.80513,400.212769,-0.3765221828158691
356,2021-06-02,151.814285,400.842102,-0.33704734731890723
357,2021-06-03,151.914825,399.354492,-0.30169942706726777
358,2021-06-04,152.161682,403.006836,-0.2464241463001598
359,2021-06-07,151.448624,402.615906,-0.19372024379267627
360,2021-06-08,150.845245,402.701721,-0.1366487121736068
361,2021-06-09,148.96196,402.100983,-0.044627437219811446
362,2021-06-10,146.639832,403.970032,0.11972201288339337
363,2021-06-11,146.539276,404.637634,0.24808692636848786
364,2021-06-14,144.052628,405.543579,0.3937096692241021
365,2021-06-15,141.867661,404.799683,0.4929417855560159
366,2021-06-16,142.864136,402.539581,0.5585043626684008
367,2021-06-17,138.741013,402.406067,0.6384182985549219
368,2021-06-18,135.230469,396.977478,0.6579570940599256
369,2021-06-21,137.525131,402.660553,0.6259174845803968
370,2021-06-22,137.324005,404.813324,0.6075024758247389
371,2021-06-23,138.155945,404.325348,0.5791245265654578
372,2021-06-24,139.426666,406.717255,0.5524932027231608
373,2021-06-25,140.83461,408.161926,0.5507181225050135
374,2021-06-28,141.090561,408.984802,0.5729052144160631
375,2021-06-29,140.916855,409.204834,0.6180251083695221
376,2021-06-30,142.196747,409.549225,0.6474742796752849
377,2021-07-01,143.604645,411.816742,0.7079322124440995
378,2021-07-02,143.466736,414.964508,0.7561378299558243
379,2021-07-06,141.057693,414.208618,0.7810399455837583
380,2021-07-07,141.223206,415.672455,0.7886211230834133
381,2021-07-08,138.78656,412.285583,0.7963725879263258
382,2021-07-09,143.227661,416.686646,0.7897481034189369
383,2021-07-12,145.278122,418.179199,0.8009992730918579
384,2021-07-13,143.117325,416.753632,0.8195520443465072
385,2021-07-14,142.630005,417.375488,0.8321389814311374
386,2021-07-15,142.942642,415.949982,0.8381437080132303
387,2021-07-16,139.678467,412.687378,0.8511411482074533
388,2021-07-19,135.13623,406.592926,0.8517287759262601
389,2021-07-20,137.655609,412.419556,0.8292536668818201
390,2021-07-21,140.551987,415.758606,0.8136818439719157
391,2021-07-22,138.777344,416.629242,0.8084178908449424
392,2021-07-23,138.510727,420.915558,0.7965304898419914
393,2021-07-26,139.439377,421.948792,0.7985748842423903
394,2021-07-27,139.255493,420.025757,0.7963516395902622
395,2021-07-28,139.485352,419.853485,0.7746685168027679
396,2021-07-29,140.680725,421.594818,0.7412601824122388
397,2021-07-30,139.558914,419.547394,0.6570856752187136
398,2021-08-02,138.998047,418.667145,0.45569068189294604
399,2021-08-03,140.579575,422.073242,0.2803615790102503
400,2021-08-04,139.062408,419.997009,0.14307716158490183
401,2021-08-05,140.818634,422.656891,-0.005506030558865432
402,2021-08-06,144.818375,423.355255,-0.14754547391792538
403,2021-08-09,144.662064,423.010803,-0.23402620976262267
404,2021-08-10,146.436676,423.537018,-0.29147040955753384
405,2021-08-11,148.183685,424.589508,-0.3063150989723574
406,2021-08-12,148.762939,425.861908,-0.32453129457233065
407,2021-08-13,147.098648,426.636902,-0.35275122405140497
408,2021-08-16,146.133209,427.64151,-0.3733094787602168
409,2021-08-17,144.367813,424.838226,-0.36888771062933506
410,2021-08-18,143.052963,420.188385,-0.3647951950624309
411,2021-08-19,141.85762,420.838959,-0.3621521916063594
412,2021-08-20,142.262207,424.187622,-0.3612125189763194
413,2021-08-23,144.082809,427.918976,-0.30744808674506247
414,2021-08-24,144.974686,428.598297,-0.21052312117407662
415,2021-08-25,147.962967,429.497589,-0.12940106876214869
416,2021-08-26,148.726151,426.962189,-0.04989124599818906
417,2021-08-27,149.921478,430.779694,0.020501444859159636
418,2021-08-30,147.521637,432.674072,0.08536307611864166
419,2021-08-31,147.071121,432.03302,0.1282413747966653
420,2021-09-01,146.859634,432.262665,0.19503550100174769
421,2021-09-02,147.540039,433.592499,0.25483629083877374
422,2021-09-03,146.648148,433.487244,0.3097394718010559
423,2021-09-07,146.390671,431.937347,0.3699154446947138
424,2021-09-08,145.737869,431.411163,0.42175765026489737
425,2021-09-09,146.372284,429.564606,0.45176761683322814
426,2021-09-10,144.689651,426.177734,0.46734615698444315
427,2021-09-13,146.988358,427.268372,0.48371741803524276
428,2021-09-14,144.422974,424.962585,0.4881851971094654
429,2021-09-15,145.425232,428.512177,0.49337501639039383
430,2021-09-16,145.36087,427.832916,0.5070996224040346
431,2021-09-17,144.983887,423.665283,0.5109165342511957
432,2021-09-20,140.643921,416.601074,0.49946768182878853
433,2021-09-21,140.662308,416.20752,0.4536295450002824
434,2021-09-22,143.356415,420.267548,0.38958927137181676
435,2021-09-23,148.202072,425.373779,0.3050610318656316
436,2021-09-24,149.912292,426.074493,0.19873779902544914
437,2021-09-27,153.535049,424.85556,0.14601247639600048
438,2021-09-28,152.707504,416.293915,0.14543079244687443
439,2021-09-29,152.587982,416.994598,0.11397253592226826
440,2021-09-30,150.509949,411.897919,0.06515526215919897
441,2021-10-01,153.672974,416.792999,-0.048825820983457766
442,2021-10-04,153.507477,411.41803,-0.06067054785180527
443,2021-10-05,156.014282,415.698822,-0.04662048568914272
444,2021-10-06,156.34729,417.426483,-0.024848547466767523
445,2021-10-07,157.337051,421.0354,0.02547457572770619
446,2021-10-08,157.457306,420.267548,0.06413166396450286
447,2021-10-11,154.145737,417.224915,0.09605265377487653
448,2021-10-12,152.961716,416.197968,0.073593621502651
449,2021-10-13,148.928604,417.695221,0.044829122896841024
450,2021-10-14,151.213394,424.7211,-0.09358951693337961
451,2021-10-15,154.117981,427.955688,-0.16406898409860293
452,2021-10-18,154.0625,429.222656,-0.16438580317709883
453,2021-10-19,155.931015,432.534088,-0.2033683423061623
454,2021-10-20,158.030823,434.232971,-0.1890437646231761
455,2021-10-21,156.79129,435.36554,-0.12263198655729875
456,2021-10-22,158.90033,434.914459,-0.013718178268295755
457,2021-10-25,158.123322,437.246796,0.04938147079639384
458,2021-10-26,158.548828,437.64032,0.0687004230797049
459,2021-10-27,155.24649,435.701508,0.08429568049205706
460,2021-10-28,157.586823,439.905548,0.06245356283985996
461,2021-10-29,157.152069,440.798187,0.056494628686954415
462,2021-11-01,157.068802,441.556458,0.04888313457408329
463,2021-11-02,157.688538,443.341675,0.049483479602276476
464,2021-11-03,157.74408,446.04837,0.052089232223146875
465,2021-11-04,155.672012,448.150391,0.06870842152220234
466,2021-11-05,155.450012,449.705292,0.13109383230933475
467,2021-11-08,156.384277,450.089264,0.13493473936663672
468,2021-11-09,155.200241,448.601532,0.1377788776136416
469,2021-11-10,155.052231,444.992584,0.13925179341850738
470,2021-11-11,155.042999,445.136566,0.15747668014049437
471,2021-11-12,154.349258,448.495911,0.19943135309976215
472,2021-11-15,154.071716,448.649445,0.22809554997683598
473,2021-11-16,152.961716,450.42514,0.21368331549875186
474,2021-11-17,152.138428,449.330994,0.21335399475421196
475,2021-11-18,150.824905,450.857086,0.2651882578048494
476,2021-11-19,148.854584,450.050903,0.3413202225462972
477,2021-11-22,152.027451,448.783844,0.4302581340406099
478,2021-11-23,155.662781,449.379028,0.5368833324999817
479,2021-11-24,154.441727,450.578735,0.6091478355130879
480,2021-11-26,149.788879,440.529419,0.6560422035730703
481,2021-11-29,149.141373,445.933228,0.692815520828987
482,2021-11-30,146.92131,437.25647,0.7261345474254454
483,2021-12-01,146.051773,432.399719,0.7463024879432753
484,2021-12-02,149.122864,439.022461,0.7592912439873938
485,2021-12-03,146.421783,435.202454,0.770863139165011
486,2021-12-06,148.151581,440.356659,0.7747273316598972
487,2021-12-07,150.380875,449.465332,0.7867700130635368
488,2021-12-08,148.660339,450.655518,0.7870410979477718
489,2021-12-09,148.429092,447.612885,0.7846962502942244
490,2021-12-10,147.837097,451.826508,0.779537973660136
491,2021-12-13,146.079514,447.824066,0.7778762295942125
492,2021-12-14,147.198822,444.743011,0.772466836064986
493,2021-12-15,146.098038,451.6922,0.7629338512700888
494,2021-12-16,148.382828,447.708893,0.76078059605381
495,2021-12-17,145.0065,442.94397,0.7549509912761413
496,2021-12-20,142.39798,438.233917,0.7509741537212804
497,2021-12-21,144.386734,446.016541,0.7499983634381208
498,2021-12-22,144.951035,450.476135,0.7467095956087182
499,2021-12-23,145.469025,453.279053,0.7428933785202226
500,2021-12-27,146.301544,459.693939,0.7484735582832694
501,2021-12-28,146.745529,459.318237,0.7724295848306186
502,2021-12-29,146.671539,459.905853,0.7863101002936576
503,2021-12-30,146.597549,458.634399,0.8011061168940161
504,2021-12-31,146.477295,457.478546,0.8191693826083732
505,2022-01-03,149.576126,460.12735,0.8279484181203011
506,2022-01-04,155.24649,459.973236,0.8323033141714956
507,2022-01-05,152.408279,451.140808,0.8190390974893379
508,2022-01-06,154.027496,450.716949,0.8288412925252127
509,2022-01-07,155.553604,448.935059,0.8374878594367365
510,2022-01-10,155.702515,448.376373,0.8307979250202903
511,2022-01-11,155.860672,452.460358,0.8241116227567418
512,2022-01-12,156.74472,453.683594,0.8174008722275982
513,2022-01-13,156.549286,447.432434,0.8067942995241598
514,2022-01-14,146.927246,447.615509,0.7883946220297684
515,2022-01-18,140.766861,439.688354,0.7749428169672874
516,2022-01-19,138.58934,435.122833,0.7685957928314147
517,2022-01-20,137.407547,430.306824,0.7521110213115568
518,2022-01-21,135.006683,421.859619,0.732550898478242
519,2022-01-24,134.885712,423.651184,0.7114970112993274
520,2022-01-25,136.355988,418.478821,0.6959587234339596
521,2022-01-26,137.64949,417.429016,0.6719340924220043
522,2022-01-27,135.220688,415.367676,0.6552975772398545
523,2022-01-28,136.43042,425.683563,0.6266570301740608
524,2022-01-31,138.282272,433.350586,0.5818336231521365
525,2022-02-01,140.655212,436.278687,0.5431722340236188
526,2022-02-02,139.529251,440.516724,0.49996198811847525
527,2022-02-03,138.375336,430.162384,0.4495522614964993
528,2022-02-04,141.967331,432.185059,0.4024889886257402
529,2022-02-07,142.441895,430.798065,0.36183145301758074
530,2022-02-08,145.121933,434.342621,0.33055965401348486
531,2022-02-09,145.726807,440.699738,0.28169522625523064
532,2022-02-10,145.121933,432.782288,0.2173487562735254
533,2022-02-11,143.232895,424.248352,0.18895128262159053
534,2022-02-14,141.902176,422.861389,0.19454347609361278
535,2022-02-15,143.977341,429.680786,0.1873226662685937
536,2022-02-16,144.2379,430.162384,0.1695210538642085
537,2022-02-17,140.915756,420.973541,0.14757041578724614
538,2022-02-18,141.576508,418.247681,0.1570626612528637
539,2022-02-22,141.325226,413.759216,0.19126939935779896
540,2022-02-23,138.365997,406.419678,0.2750807824152998
541,2022-02-24,134.513489,412.53595,0.42894749721080755
542,2022-02-25,137.695999,421.638092,0.5145578681805212
543,2022-02-28,131.954407,420.559326,0.6195158121029476
544,2022-03-01,126.975883,414.154114,0.67741987173006
545,2022-03-02,129.60939,421.77298,0.6956106331584997
546,2022-03-03,128.68811,419.673157,0.739150824039139
547,2022-03-04,125.068207,416.263519,0.771112065939288
548,2022-03-07,120.238602,403.992401,0.788198214809301
549,2022-03-08,119.391754,400.929443,0.7917854399425822
550,2022-03-09,124.174858,411.678711,0.8026171911150012
551,2022-03-10,122.70459,409.819763,0.8190827397997155
552,2022-03-11,119.940796,404.608826,0.8297795786257104
553,2022-03-14,121.131935,401.651825,0.8462915052982596
554,2022-03-15,123.281532,410.484314,0.866247136015163
555,2022-03-16,128.790482,419.586517,0.8806329419745982
556,2022-03-17,130.418991,424.835968,0.8977015213781286
557,2022-03-18,130.372467,429.489044,0.9125234648913589
558,2022-03-21,129.95369,429.363464,0.9185156583261448
559,2022-03-22,132.717484,434.387604,0.9211474507773431
560,2022-03-23,130.074677,428.793396,0.9294319541569924
561,2022-03-24,130.921494,435.257172,0.938996171001526
562,2022-03-25,132.066086,437.382813,0.9325955848594237
563,2022-03-28,131.088989,440.493927,0.9177988209217055
564,2022-03-29,131.377457,445.943176,0.8979603670574386
565,2022-03-30,130.781891,443.189575,0.8705023784204162
566,2022-03-31,126.854897,436.368317,0.8444823546794519
567,2022-04-01,125.915024,437.605072,0.8087555177929776
568,2022-04-04,126.473396,441.353821,0.778198523947489
569,2022-04-05,125.001549,435.778931,0.7428735930517102
570,2022-04-06,123.267242,431.421417,0.7091926391202306
571,2022-04-07,122.892265,433.595337,0.6848867104778587
572,2022-04-08,125.142189,432.435944,0.6661973245550741
573,2022-04-11,124.6828,425.044617,0.6345407876972184
574,2022-04-12,123.314117,423.469788,0.6062168420270047
575,2022-04-13,119.339264,428.319946,0.6015238458370381
576,2022-04-14,118.233055,422.986633,0.6450784097991187
577,2022-04-18,120.426735,423.160522,0.6930397453680456
578,2022-04-19,122.92038,429.991486,0.7117847309528954
579,2022-04-20,123.351624,429.672638,0.7280484677590082
580,2022-04-21,122.395424,423.247528,0.7382236731148875
581,2022-04-22,118.879921,411.633942,0.7367759596427988
582,2022-04-25,118.8424,414.020447,0.7475963287132776
583,2022-04-26,115.326912,402.03006,0.7585873003178848
584,2022-04-27,113.826988,403.160461,0.7658575976581898
585,2022-04-28,115.626907,413.344147,0.782408005425952
586,2022-04-29,111.89579,398.068695,0.8114827690130945
587,2022-05-02,112.917648,400.464813,0.8362466216086191
588,2022-05-03,115.336296,402.300568,0.8612349590468428
589,2022-05-04,119.151787,414.551819,0.8744075176373287
590,2022-05-05,116.170631,399.817474,0.888293123367384
591,2022-05-06,115.983139,397.430969,0.8932954933562021
592,2022-05-09,114.239456,384.706299,0.8954484758427451
593,2022-05-10,111.455193,385.595184,0.8919292969566669
594,2022-05-11,110.752098,379.469635,0.8957907689060773
595,2022-05-12,110.658348,379.073456,0.8981870284043908
596,2022-05-13,111.642677,388.136292,0.900906078642529
597,2022-05-16,110.864594,386.561401,0.9059024570933092
598,2022-05-17,114.539452,394.513123,0.9116774228375609
599,2022-05-18,112.580139,378.60965,0.9181512464076903
600,2022-05-19,110.911461,376.290833,0.9108874554511696
601,2022-05-20,110.002106,376.455109,0.9003149467827093
602,2022-05-23,116.808121,383.498627,0.8864035427862154
603,2022-05-24,118.458061,380.571075,0.8777060715754832
604,2022-05-25,119.283012,383.93338,0.8775710326739133
605,2022-05-26,121.345451,391.604919,0.8772135657825599
606,2022-05-27,123.061012,401.218414,0.8608206589389227
607,2022-05-31,123.960976,398.967224,0.8197967943530164
608,2022-06-01,121.786064,395.740173,0.7690043377684644
609,2022-06-02,123.745369,403.276459,0.7182102144706382
610,2022-06-03,122.020409,396.658081,0.6370669960190435
611,2022-06-06,121.617317,397.865784,0.5655656738222958
612,2022-06-07,121.936043,401.68222,0.4728627129188355
613,2022-06-08,119.995506,397.315094,0.39478857928905875
614,2022-06-09,117.473717,387.865753,0.3190325539467163
615,2022-06-10,112.073921,376.619324,0.3494162157828228
616,2022-06-13,108.736542,362.319824,0.4735865230520828
617,2022-06-14,106.927238,361.228058,0.5645927560623006
618,2022-06-15,108.192818,366.377838,0.6294491943943578
619,2022-06-16,106.336647,354.252167,0.6877930148281045
620,2022-06-17,105.961639,355.015839,0.7241986516889949
621,2022-06-21,108.586555,363.952881,0.745754843195561
622,2022-06-22,107.977196,363.292999,0.7805361275707519
623,2022-06-23,106.795998,366.854187,0.7972242181163447
624,2022-06-24,109.983376,378.517914,0.7966975056472908
625,2022-06-27,109.102142,377.072083,0.8024504339087237
626,2022-06-28,108.577164,369.367401,0.8056381020402511
627,2022-06-29,108.089691,369.06662,0.8214800655541169
628,2022-06-30,105.567917,366.068207,0.8289794672256722
629,2022-07-01,106.917862,369.939972,0.82320721451477
630,2022-07-05,106.511192,370.638641,0.8244742780087099
631,2022-07-06,105.820778,371.890411,0.8239348724756135
632,2022-07-07,108.497276,377.460236,0.8182725300570521
633,2022-07-08,108.156807,377.14978,0.8249488248393723
634,2022-07-11,106.738167,372.84137,0.8293183328983766
635,2022-07-12,106.842194,369.542114,0.8241590645372612
636,2022-07-13,105.839691,367.601379,0.8089367794522423
637,2022-07-14,102.141785,366.708649,0.7943675645454052
638,2022-07-15,106.823288,373.714661,0.7549627220833942
639,2022-07-18,105.726212,370.628937,0.7343002535482798
640,2022-07-19,108.345955,380.643005,0.7071396596663174
641,2022-07-20,108.327042,383.068909,0.6663167379181353
642,2022-07-21,109.064735,386.969757,0.6299448597756836
643,2022-07-22,108.53511,383.379486,0.5920506256832407
644,2022-07-25,108.970161,383.845276,0.5763128886261437
645,2022-07-26,107.267784,379.303955,0.5995033531309557
646,2022-07-27,108.989059,389.153107,0.6244383285141117
647,2022-07-28,108.58239,394.033997,0.6731620500954255
648,2022-07-29,109.102562,399.778503,0.726262406451136
649,2022-08-01,108.014938,398.594666,0.7689807623582844
650,2022-08-02,106.331482,395.964996,0.7951989826423373
651,2022-08-03,107.447487,402.165588,0.8297709699044499
652,2022-08-04,106.265289,401.89389,0.8637897105894843
653,2022-08-05,109.480873,401.214661,0.8930355934262061
654,2022-08-08,108.147354,400.748901,0.8967848211405809
655,2022-08-09,109.121483,399.157501,0.9083027340478564
656,2022-08-10,111.968201,407.541412,0.9156040878547032
657,2022-08-11,113.623283,407.541412,0.921267506559277
658,2022-08-12,115.505333,414.440643,0.9237998337634326
659,2022-08-15,115.817429,416.148529,0.9221739172574002
660,2022-08-16,116.923973,416.963593,0.9217664979663895
661,2022-08-17,115.940392,414.004028,0.9123104751142431
662,2022-08-18,115.041916,415.207275,0.8859552430403326
663,2022-08-19,112.195175,409.627716,0.8379898588797271
664,2022-08-22,110.341507,401.098206,0.7818579560947524
665,2022-08-23,109.253891,400.127838,0.7476655800982724
666,2022-08-24,109.518692,401.408722,0.7189256831142744
667,2022-08-25,112.119522,407.075623,0.6697963039527671
668,2022-08-26,108.449974,393.296509,0.630392866601459
669,2022-08-29,108.185173,390.695953,0.6322423373446511
670,2022-08-30,108.204094,386.406982,0.626590400880312
671,2022-08-31,107.560982,383.466766,0.614815563202433
672,2022-09-01,108.298668,384.670013,0.6315543946775033
673,2022-09-02,107.542053,380.613892,0.643127750898618
674,2022-09-06,107.570427,379.177795,0.6464501628281542
675,2022-09-07,109.613266,385.989777,0.6264016299276084
676,2022-09-08,112.166801,388.512634,0.6013203490399035
677,2022-09-09,112.705887,394.548279,0.5821565765676047
678,2022-09-12,114.039413,398.788757,0.5946553483154414
679,2022-09-13,110.076698,381.448456,0.63663787750038
680,2022-09-14,109.821342,382.903992,0.6429794417904507
681,2022-09-15,111.47641,378.556732,0.7137082185891823
682,2022-09-16,110.729263,375.668823,0.7594483729490954
683,2022-09-19,111.750687,378.582092,0.7905461978132253
684,2022-09-20,109.547066,374.236481,0.8187907531013412
685,2022-09-21,106.388237,367.708374,0.841789882882844
686,2022-09-22,105.177681,364.61972,0.8563414828811718
687,2022-09-23,103.21994,358.510559,0.8676204109834919
688,2022-09-26,100.997421,354.963898,0.8720207987651859
689,2022-09-27,100.108406,354.057831,0.8743191129167835
690,2022-09-28,102.132324,361.024353,0.8764320954196964
691,2022-09-29,100.401604,353.482941,0.8849556997816124
692,2022-09-30,98.831642,348.016846,0.8845588443128103
693,2022-10-03,101.886444,357.204895,0.8796866819877006
694,2022-10-04,106.653046,368.273468,0.8815884677449607
695,2022-10-05,105.336227,367.416138,0.8900801780815947
696,2022-10-06,103.189232,363.625885,0.8986610657367978
697,2022-10-07,101.128136,353.482941,0.9056931651206791
698,2022-10-10,100.183449,350.783997,0.9037904887255616
699,2022-10-11,97.292168,348.5625,0.8991347906600373
700,2022-10-12,98.866631,347.412781,0.895612643991221
701,2022-10-13,104.36293,356.58136,0.8868981441377685
702,2022-10-14,106.099602,348.455292,0.8898280064624694
703,2022-10-17,110.555801,357.409515,0.8706635389078449
704,2022-10-18,113.399368,361.608978,0.8584510020517088
705,2022-10-19,111.176048,359.046448,0.8476872744929936
706,2022-10-20,110.813438,356.035736,0.8317175998366934
707,2022-10-21,116.634186,364.687897,0.7976004408518964
708,2022-10-24,116.777313,369.150421,0.7752044167891653
709,2022-10-25,117.082657,375.045227,0.7661752076715779
710,2022-10-26,118.428116,372.219635,0.7885385611575217
711,2022-10-27,118.895683,370.231903,0.7939972883664436
712,2022-10-28,120.307922,379.040009,0.7889497570882978
713,2022-10-31,120.117073,376.302094,0.803255993745628
714,2022-11-01,122.283142,374.655457,0.8270326811612942
715,2022-11-02,121.157173,365.253021,0.8143546989330335
716,2022-11-03,121.37664,361.492065,0.7575985454619
717,2022-11-04,124.697342,366.695068,0.6686389859795056
718,2022-11-07,125.355736,370.202728,0.5816294235975972
719,2022-11-08,125.432068,372.200104,0.5125295424779982
720,2022-11-09,123.800369,364.532013,0.45861000395958584
721,2022-11-10,128.895889,384.564575,0.37651900853179476
722,2022-11-11,129.10582,388.28653,0.37935495118875706
723,2022-11-14,127.779465,384.983521,0.39007629173970726
724,2022-11-15,126.853874,388.26709,0.4106744474022454
725,2022-11-16,127.025642,385.305084,0.4383407895112959
726,2022-11-17,126.472191,384.126099,0.4401905931670992
727,2022-11-18,127.712646,385.870178,0.4419352049389254
728,2022-11-21,126.958824,384.467163,0.44857711773167097
729,2022-11-22,128.857712,389.640869,0.4677614949135229
730,2022-11-23,130.231796,392.096313,0.48936974684835244
731,2022-11-25,130.479904,392.008606,0.5063555678701954
732,2022-11-28,128.199326,385.753296,0.5343252379471324
733,2022-11-29,130.308136,385.090759,0.5664467907160855
734,2022-11-30,131.853943,397.221313,0.5785629176024489
735,2022-12-01,130.002777,396.929016,0.5971019184302311
736,2022-12-02,128.972244,396.47113,0.6285739404638887
737,2022-12-05,125.355736,389.338867,0.6518957361373399
738,2022-12-06,125.565666,383.726624,0.7008186822767329
739,2022-12-07,125.479805,383.073853,0.7278848933211889
740,2022-12-08,126.7966,386.074799,0.75953922982298
741,2022-12-09,126.109589,383.190735,0.7815839517156971
742,2022-12-12,128.065735,388.71524,0.7928138227650218
743,2022-12-13,127.941673,391.657806,0.8078386692623846
744,2022-12-14,127.302345,389.153748,0.8329963143800085
745,2022-12-15,124.143883,379.634399,0.8552313187387817
746,2022-12-16,123.370956,375.152344,0.8715401211803425
747,2022-12-19,124.105713,371.971161,0.878091525388155
748,2022-12-20,124.706886,372.480164,0.8759301820556684
749,2022-12-21,126.109589,378.049713,0.8701058021247949
750,2022-12-22,124.678253,372.656372,0.8712007265358
751,2022-12-23,125.269867,374.800018,0.8667853576504727
752,2022-12-27,125.708809,373.321991,0.8573647793498034
753,2022-12-28,126.395836,368.682404,0.8366177271307628
754,2022-12-29,127.121048,375.318787,0.7815150335074212
755,2022-12-30,127.96077,374.330139,0.7367816340544427
756,2023-01-03,128.934052,372.754303,0.7022541928081724
757,2023-01-04,130.136383,375.631989,0.6568392270942619
758,2023-01-05,130.107544,371.344818,0.6208235181561881
759,2023-01-06,132.597229,379.860474,0.5681340350184902
760,2023-01-09,132.049301,379.645142,0.5536983374008098
761,2023-01-10,133.231659,382.307526,0.555484425118354
762,2023-01-11,134.221756,387.142914,0.6075811889827618
763,2023-01-12,134.087189,388.552429,0.6640199527830487
764,2023-01-13,137.470856,390.059814,0.6818833536021384
765,2023-01-17,135.346451,389.345276,0.7147914091867168
766,2023-01-18,131.280304,383.198242,0.712716201460506
767,2023-01-19,129.530777,380.40863,0.7071979428492589
768,2023-01-20,129.847992,387.49527,0.6905244583166755
769,2023-01-23,131.953171,392.144684,0.669837116252113
770,2023-01-24,133.087463,391.723846,0.6759217685577952
771,2023-01-25,133.731506,391.870605,0.6778410933492532
772,2023-01-26,134.558197,396.177429,0.6635724427680582
773,2023-01-27,134.88504,397.087708,0.6576206427185736
774,2023-01-30,133.74115,392.10556,0.6550952661103109
775,2023-01-31,134.538986,397.870819,0.6370521045033729
776,2023-02-01,134.183304,402.099304,0.6044285161105425
777,2023-02-02,133.558487,407.952667,0.5563623731643755
778,2023-02-03,135.625214,403.616425,0.5102888998791227
779,2023-02-06,136.423065,401.149811,0.44922977764804495
780,2023-02-07,138.08606,406.396301,0.39516062712764655
781,2023-02-08,137.115173,401.952484,0.3153082468437053
782,2023-02-09,134.981155,398.467865,0.2491290658483094
783,2023-02-10,135.577133,399.397736,0.20319609116285164
784,2023-02-13,137.047897,404.086243,0.1603595324218105
785,2023-02-14,137.653473,403.90033,0.08446042813254576
786,2023-02-15,138.23024,405.211945,0.07009894311670985
787,2023-02-16,136.326935,399.63266,0.05774931352383253
788,2023-02-17,136.730652,398.634308,0.08971397768697642
789,2023-02-21,134.221756,390.637299,0.12105189923486151
790,2023-02-22,133.193207,390.098969,0.16710895876770585
791,2023-02-23,134.260208,392.174042,0.20885829218791474
792,2023-02-24,135.47142,387.98468,0.24657155549152263
793,2023-02-27,136.653748,389.306152,0.27834193486024017
794,2023-02-28,137.797684,387.867249,0.30717442517537247
795,2023-03-01,137.028656,386.379456,0.36314410792329155
796,2023-03-02,135.606003,389.38443,0.43479061001717084
797,2023-03-03,138.095688,395.629303,0.49443278061530305
798,2023-03-06,137.288223,395.903381,0.5252704662161671
799,2023-03-07,133.2509,389.834656,0.5477729724859308
800,2023-03-08,132.462646,390.470947,0.5739064026190682
801,2023-03-09,125.29158,383.266754,0.6023721851708835
802,2023-03-10,128.473373,377.73645,0.6084475535200867
803,2023-03-13,126.166344,377.19809,0.6523285902898232
804,2023-03-14,129.405807,383.433197,0.684010640173196
805,2023-03-15,123.29216,381.035065,0.7274381286301342
806,2023-03-16,125.685715,387.720367,0.7295485272276839
807,2023-03-17,120.937035,383.18692,0.7350777827735798
808,2023-03-20,122.215538,386.87146,0.7187019074505162
809,2023-03-21,125.493439,391.951324,0.7109165158516773
810,2023-03-22,122.253998,385.269897,0.7169284909563455
811,2023-03-23,121.927155,386.311462,0.7110597051280073
812,2023-03-24,120.071915,388.846436,0.6928532465962324
813,2023-03-27,123.51326,389.573486,0.6504877401009549
814,2023-03-28,123.888145,388.699036,0.6265238536289854
815,2023-03-29,124.138077,394.348785,0.6061280210146429
816,2023-03-30,123.763176,396.657776,0.5567621695053763
817,2023-03-31,125.262756,402.248474,0.5053437834634456
818,2023-04-03,125.118568,403.781342,0.4811421729462341
819,2023-04-04,123.445961,401.541046,0.4713016862000926
820,2023-04-05,123.630035,400.489716,0.46770574931342174
821,2023-04-06,123.4944,402.051971,0.43801232638041343
822,2023-04-10,123.901291,402.464661,0.4275399802010349
823,2023-04-11,124.51165,402.572723,0.441787575464032
824,2023-04-12,124.492279,400.931854,0.45816727065325463
825,2023-04-13,124.966988,406.257324,0.4646051887810595
826,2023-04-14,134.403214,405.264954,0.5487700264423366
827,2023-04-17,135.468918,406.719116,0.597493536280595
828,2023-04-18,136.989944,406.984375,0.6340096389693972
829,2023-04-19,136.815552,406.915649,0.7049813431720594
830,2023-04-20,136.418335,404.695038,0.7635340974737574
831,2023-04-21,136.156754,405.009491,0.811480534160442
832,2023-04-24,136.340851,405.431946,0.849301803413836
833,2023-04-25,133.376266,398.996216,0.8665486149534377
834,2023-04-26,131.01236,397.306213,0.8661273329818838
835,2023-04-27,132.775604,405.21582,0.8554385130809218
836,2023-04-28,133.928513,408.674438,0.8417084286427663
837,2023-05-01,136.796158,408.261719,0.8249314605416311
838,2023-05-02,134.587296,403.673218,0.8677672434876578
839,2023-05-03,131.738968,400.902405,0.8940909754919318
840,2023-05-04,129.936981,398.062775,0.8966805035190748
841,2023-05-05,132.475281,405.431946,0.8957407499368095
842,2023-05-08,132.794983,405.540039,0.8988191270354641
843,2023-05-09,132.155579,403.761627,0.8988896732273296
844,2023-05-10,132.223389,405.648163,0.8968469355573254
845,2023-05-11,131.806793,404.940735,0.8906571588707147
846,2023-05-12,129.917618,404.410095,0.8903954238037312
847,2023-05-15,131.01236,405.805389,0.8907289124111238
848,2023-05-16,130.130768,403.093506,0.8898495988685555
849,2023-05-17,134.131943,407.986633,0.8785071191849357
850,2023-05-18,135.1492,411.91684,0.8907259646307129
851,2023-05-19,134.839157,411.317444,0.9024099852799009
852,2023-05-22,133.725052,411.484528,0.9028336781872719
853,2023-05-23,132.329956,406.866486,0.9051912172375216
854,2023-05-24,131.118942,403.918854,0.9065600311400301
855,2023-05-25,131.438629,407.416718,0.9147449352363912
856,2023-05-26,132.669037,412.693054,0.9201055668977738
857,2023-05-30,133.172821,412.850281,0.9219409821497975
858,2023-05-31,131.477432,410.560913,0.9289820544660448
859,2023-06-01,133.289063,414.4617,0.9351973667548257
860,2023-06-02,136.088943,420.455231,0.941411105008694
861,2023-06-05,134.751984,419.649567,0.9429497940507349
862,2023-06-06,134.994186,420.563324,0.9394329454364928
863,2023-06-07,136.302094,419.109131,0.9325153006353407
864,2023-06-08,136.340851,421.644165,0.939752899556498
865,2023-06-09,136.612091,422.400696,0.9416879625356157
866,2023-06-12,136.602402,426.232666,0.9427580202344794
867,2023-06-13,137.590607,429.042816,0.9382463762824275
868,2023-06-14,137.077133,429.553711,0.9299975354046809
869,2023-06-15,138.627228,434.879181,0.9250356559090729
870,2023-06-16,138.791916,433.397888,0.9213645526736185
871,2023-06-20,138.084702,431.149353,0.9100713870597414
872,2023-06-21,137.881256,428.940247,0.8930515646582823
873,2023-06-22,135.226685,430.488617,0.8745134602063681
874,2023-06-23,134.51947,427.23407,0.8636260369581604
875,2023-06-26,134.848877,425.488556,0.8518414323729531
876,2023-06-27,134.858536,430.153259,0.8339370821061947
877,2023-06-28,134.267578,430.370239,0.8237718525138524
878,2023-06-29,138.956635,432.066498,0.8226634437255987
879,2023-06-30,140.903931,437.165161,0.8164262202706221
880,2023-07-03,142.037445,437.668182,0.811619235969079
881,2023-07-05,141.091248,437.017242,0.7926570993474708
882,2023-07-06,139.696335,433.595154,0.7636068620655202
883,2023-07-07,140.798599,432.500427,0.7199016811392829
884,2023-07-10,141.588715,433.595154,0.6681644188726217
885,2023-07-11,143.80304,436.356506,0.6381990157832691
886,2023-07-12,144.515121,439.867401,0.6236560284153574
887,2023-07-13,145.217453,443.358551,0.6152640947917553
888,2023-07-14,146.095398,443.082397,0.6005008971615272
889,2023-07-17,149.616806,444.620911,0.6030219535621946
890,2023-07-18,149.889938,447.924713,0.5978733506348975
891,2023-07-19,150.465454,448.920776,0.5872012715540349
892,2023-07-20,152.318832,445.942383,0.5839433068324824
893,2023-07-21,151.148285,445.942383,0.5761443181906835
894,2023-07-24,154.123444,447.93457,0.569971764541475
895,2023-07-25,152.972412,449.15744,0.5513349349282624
896,2023-07-26,153.889343,449.226501,0.5279740016875121
897,2023-07-27,152.192032,446.248169,0.5114011366178344
898,2023-07-28,153.060196,450.617035,0.5027505156430853
899,2023-07-31,154.084427,451.475006,0.4840503043432066
900,2023-08-01,153.323563,450.183105,0.438990519624785
901,2023-08-02,151.58725,443.920715,0.37629428598534137
902,2023-08-03,152.513962,442.648499,0.37644124247447597
903,2023-08-04,152.192032,440.646484,0.3900138114775876
904,2023-08-07,152.913879,444.492676,0.4342009750330772
905,2023-08-08,152.05545,442.559753,0.43498224619665105
906,2023-08-09,150.016724,439.601135,0.4394047164468123
907,2023-08-10,149.792389,439.758911,0.4343485368261829
908,2023-08-11,150.660553,439.502502,0.4279268329641588
909,2023-08-14,150.972702,441.928558,0.4224309317924907
910,2023-08-15,147.129379,436.780579,0.39611341032482045
911,2023-08-16,146.505066,433.575409,0.3917513242943585
912,2023-08-17,144.983353,430.271637,0.3697761475932353
913,2023-08-18,145.315002,430.47876,0.37199752935847274
914,2023-08-21,145.812485,433.279541,0.379336567899222
915,2023-08-22,142.788559,432.105957,0.379918234745079
916,2023-08-23,143.754272,436.91864,0.37515818866182754
917,2023-08-24,143.617691,430.863373,0.40823731621415954
918,2023-08-25,143.442123,433.900848,0.46692312862697516
919,2023-08-28,143.93959,436.652405,0.498000832755386
920,2023-08-29,145.110153,442.964081,0.5431239208285963
921,2023-08-30,144.524872,444.788605,0.5713692826929685
922,2023-08-31,142.739777,444.137665,0.627101369528365
923,2023-09-01,143.217758,444.966095,0.6666899687554297
924,2023-09-05,141.637482,443.042969,0.6893975743612927
925,2023-09-06,141.403412,440.064636,0.7163465254036661
926,2023-09-07,140.193802,438.713562,0.7290413388890987
927,2023-09-08,140.301132,439.374268,0.7548857492040537
928,2023-09-11,140.915665,442.263885,0.7879615189313559
929,2023-09-12,142.749542,439.837799,0.8253474052280809
930,2023-09-13,142.817825,440.350616,0.8349917649910308
931,2023-09-14,145.588135,444.147491,0.8488655283548762
932,2023-09-15,145.158936,438.796295,0.8470747720176327
933,2023-09-18,145.461319,439.053619,0.838495404824783
934,2023-09-19,145.27597,438.143097,0.8372965375984585
935,2023-09-20,144.661438,434.115112,0.8460399323892965
936,2023-09-21,143.529907,426.93988,0.8621628761930649
937,2023-09-22,142.154495,425.979919,0.8805227897490991
938,2023-09-25,142.856842,427.77124,0.8966244105279432
939,2023-09-26,141.37413,421.486725,0.9075841661737647
940,2023-09-27,142.203278,421.654968,0.9178616744794905
941,2023-09-28,143.968857,424.099487,0.9279441246802607
942,2023-09-29,141.461914,423.070221,0.9387057557641219
943,2023-10-02,140.242599,422.901947,0.943183191438787
944,2023-10-03,139.208603,417.240997,0.9458288023877278
945,2023-10-04,139.832886,420.279297,0.9471886505083998
946,2023-10-05,140.422485,420.120941,0.9496139165246997
947,2023-10-06,142.584351,425.108978,0.948273953003331
948,2023-10-09,142.260086,427.830597,0.9482639582372694
949,2023-10-10,143.124817,430.057404,0.9486972571860333
950,2023-10-11,143.616135,431.819061,0.950714041676344
951,2023-10-12,143.282028,429.186493,0.9524783380005194
952,2023-10-13,145.434082,427.048767,0.9544512906697178
953,2023-10-16,145.286667,431.541931,0.9595400884249055
954,2023-10-17,144.972214,431.522095,0.9630170310358716
955,2023-10-18,143.380325,425.772034,0.9656563101830984
956,2023-10-19,142.771057,422.031036,0.967024769808808
957,2023-10-20,140.471619,416.845093,0.9700565036382263
958,2023-10-23,138.55542,416.12262,0.9725555869550314
959,2023-10-24,138.722488,419.259918,0.971358308884747
960,2023-10-25,137.965836,413.242645,0.9713540373304318
961,2023-10-26,138.319595,408.294189,0.9733374177519952
962,2023-10-27,133.337509,406.443512,0.9814534483393749
963,2023-10-30,135.037506,411.302856,0.9831670228336111
964,2023-10-31,136.649078,413.885956,0.98482353971278
965,2023-11-01,136.531143,418.299957,0.9880895649604049
966,2023-11-02,138.968155,426.316406,0.9852500433678733
967,2023-11-03,140.520767,430.205841,0.9784085430986479
968,2023-11-06,141.582031,431.195526,0.9670367305106604
969,2023-11-07,141.513245,432.422729,0.9556079865722522
970,2023-11-08,142.210938,432.739441,0.9530820991176238
971,2023-11-09,141.788391,429.364624,0.9510016123911189
972,2023-11-10,143.891281,436.064789,0.9513752249759365
973,2023-11-13,143.252563,435.649109,0.9497786321712143
974,2023-11-14,145.86644,444.101013,0.9457931629390164
975,2023-11-15,147.143921,445.041199,0.9425439423904924
976,2023-11-16,148.824265,445.585541,0.939079993479551
977,2023-11-17,150.170517,446.139771,0.9335022971681123
978,2023-11-20,150.632355,449.573975,0.9275859033603235
979,2023-11-21,150.317902,448.594177,0.920243287779968
980,2023-11-22,150.671661,450.326111,0.9060548805057814
981,2023-11-24,150.878021,450.60321,0.8976095039497707
982,2023-11-27,150.534103,449.791687,0.8933906730946671
983,2023-11-28,150.878021,450.237061,0.8866575446389384
984,2023-11-29,151.644516,449.920319,0.8768248683765377
985,2023-11-30,153.373993,451.691895,0.8753746717998223
986,2023-12-01,154.120804,454.364044,0.8679739136973307
987,2023-12-04,155.25087,451.978882,0.8635868040694786
988,2023-12-05,155.231216,451.889832,0.8551530198743535
989,2023-12-06,153.600006,450.068817,0.8451325572332846
990,2023-12-07,154.071671,453.503021,0.8283931758965153
991,2023-12-08,155.771683,455.452698,0.8129361827831861
992,2023-12-11,156.341644,457.224243,0.795852247534658
993,2023-12-12,157.73703,459.312439,0.7803867620629344
994,2023-12-13,158.267639,465.646454,0.7751388855144764
995,2023-12-14,161.146866,467.140869,0.79003660685354
996,2023-12-15,162.365341,466.371704,0.8040155741126052
997,2023-12-18,163.348007,468.995087,0.8173496897553089
998,2023-12-19,165.529526,471.847015,0.8265614945774593
999,2023-12-20,163.66246,465.308472,0.825980632896448
1000,2023-12-21,164.595993,469.72049,0.8147332662600744
1001,2023-12-22,164.497726,470.66449,0.829543882308777
1002,2023-12-26,165.470566,472.651886,0.8413362258085177
1003,2023-12-27,166.463043,473.5065,0.8490402422360223
1004,2023-12-28,167.347458,473.685333,0.8562751150140185
1005,2023-12-29,167.150925,472.314026,0.8596106759969215
1006,2024-01-02,169.096588,469.670776,0.8616912402968556
1007,2024-01-03,168.359604,465.835144,0.8741841774900591
1008,2024-01-04,169.476852,464.334625,0.8854158365856435
1009,2024-01-05,170.327148,464.970642,0.893466830608105
1010,2024-01-08,170.079987,471.608521,0.9120345889782442
1011,2024-01-09,168.735321,470.893066,0.9247594885873872
1012,2024-01-10,169.091263,473.556152,0.9317206176303251
1013,2024-01-11,168.379379,473.347504,0.9364207305478558
1014,2024-01-12,167.143463,473.675385,0.9423057318022192
1015,2024-01-16,166.095428,471.936401,0.9442424179384452
1016,2024-01-17,165.205566,469.31308,0.9450567223587371
1017,2024-01-18,165.53186,473.486603,0.9439281016167494
1018,2024-01-19,168.389252,479.38916,0.9410411519628253
1019,2024-01-22,168.191513,480.40274,0.9416732472318132
1020,2024-01-23,167.084152,481.803833,0.9440113962912957
1021,2024-01-24,168.577118,482.330505,0.9448959231384546
1022,2024-01-25,170.989594,484.953857,0.9459603599225931
1023,2024-01-26,170.337051,484.337769,0.9471908966084016
1024,2024-01-29,170.781967,488.173401,0.9472544964207592
1025,2024-01-30,174.282059,487.795837,0.9484409385213811
1026,2024-01-31,172.393585,479.836304,0.9520354499317206
1027,2024-02-01,171.770691,486.116516,0.9648489498021556
1028,2024-02-02,172.759415,491.234039,0.964683453591237
1029,2024-02-05,172.532013,489.445374,0.9635424260092312
1030,2024-02-06,173.125244,490.866364,0.9563506824141907
1031,2024-02-07,173.451508,494.960388,0.9542307436310714
1032,2024-02-08,172.828629,495.179016,0.9511057763230363
1033,2024-02-09,173.036255,498.040863,0.9493760800558818
1034,2024-02-12,173.807449,497.822235,0.9468362810558517
1035,2024-02-13,172.294708,490.965698,0.9470607969295659
1036,2024-02-14,174.044739,495.427429,0.9319198270140606
1037,2024-02-15,177.841446,498.845764,0.9266413964279081
1038,2024-02-16,177.01091,496.361511,0.9244389722960022
1039,2024-02-20,177.703018,493.628845,0.9223547441158622
1040,2024-02-21,178.859833,494.075958,0.9214562469512093
1041,2024-02-22,181.005356,504.301117,0.8871129423564914
1042,2024-02-23,181.914993,504.648926,0.8563371644015829
1043,2024-02-26,181.292084,502.800629,0.8373118856383678
1044,2024-02-27,181.381073,503.734711,0.8104337489652578
1045,2024-02-28,182.300583,503.06897,0.7761311246314592
1046,2024-02-29,183.961624,504.877472,0.7581711328208183
1047,2024-03-01,183.200302,509.617371,0.7483571048203614
1048,2024-03-04,184.574631,509.070862,0.7391777179793063
1049,2024-03-05,186.423553,503.983154,0.7214813843825623
1050,2024-03-06,187.392502,506.536957,0.709702088808521
1051,2024-03-07,185.751221,511.565033,0.7076019431102157
1052,2024-03-08,186.097275,508.494537,0.717183517617592
1053,2024-03-11,186.166473,508.057312,0.7151622311058621
1054,2024-03-12,187.699005,513.522705,0.7193272389513626
1055,2024-03-13,189.221634,512.717712,0.73755105083096
1056,2024-03-14,185.850082,511.704193,0.7499276874417324
1057,2024-03-15,188.153824,508.190521,0.7707069585774723
1058,2024-03-18,190.487213,511.210754,0.7804067645449035
1059,2024-03-19,191.604462,514.051636,0.7963874793190026
1060,2024-03-20,194.115814,518.806274,0.8110663738206763
1061,2024-03-21,196.815018,520.520752,0.8267791750063727
1062,2024-03-22,194.402542,519.533936,0.8062021526735907
1063,2024-03-25,192.622849,518.098572,0.8083767421329254
1064,2024-03-26,193.522568,517.141663,0.8101625248750621
1065,2024-03-27,197.269836,521.48761,0.8093412149844229
1066,2024-03-28,198.041046,521.387939,0.8128939696221231
1067,2024-04-01,196.696381,520.480835,0.8128528177376737
1068,2024-04-02,196.617279,517.17157,0.8126844353522233
1069,2024-04-03,196.063599,517.739685,0.8148256092096561
1070,2024-04-04,194.571854,511.420105,0.8203224765126776
1071,2024-04-05,196.361938,516.762878,0.8281674008340055
1072,2024-04-08,197.386261,517.05188,0.8302468664707097
1073,2024-04-09,196.063583,517.650024,0.8198328059233286
1074,2024-04-10,194.392853,512.466736,0.8087530111881038
1075,2024-04-11,194.353058,516.334229,0.8128516462531571
1076,2024-04-12,181.782715,509.207245,0.8130818288855173
1077,2024-04-15,181.882172,502.82785,0.7994646686190434
1078,2024-04-16,179.803696,501.910797,0.7352348375058986
1079,2024-04-17,179.087662,498.940369,0.68685342480097
1080,2024-04-18,180.251205,497.913666,0.6255924867823548
1081,2024-04-19,184.776138,493.567688,0.5488068660795611
1082,2024-04-22,188.366241,498.113037,0.46751336691191586
1083,2024-04-23,191.081192,504.023956,0.4237212375008801
1084,2024-04-24,192.016022,503.784729,0.3784903225987643
1085,2024-04-25,192.304413,501.870911,0.36213606914682733
1086,2024-04-26,192.423767,506.62558,0.3357936453450621
1087,2024-04-29,192.21492,508.419769,0.30437195907120396
1088,2024-04-30,190.683411,500.365784,0.28575862502730887
1089,2024-05-01,190.80275,498.741028,0.2503578543673209
1090,2024-05-02,190.603851,503.405945,0.22169687190352821
1091,2024-05-03,189.460175,509.645844,0.22561318635634373
1092,2024-05-06,190.941971,514.908875,0.23104973028708922
1093,2024-05-07,190.693344,515.477051,0.24166567905954964
1094,2024-05-08,194.571854,515.526855,0.24546890186997566
1095,2024-05-09,196.411667,518.497253,0.29347134702312855
1096,2024-05-10,197.674667,519.165161,0.3627883231749185
1097,2024-05-13,197.634888,519.234863,0.41183271545726813
1098,2024-05-14,200.399567,521.617188,0.4432917900206851
1099,2024-05-15,200.996262,528.076416,0.518826729676182
