Date,JPM,SPY,IC
2020-01-02,122.85289,303.135559,0.8774853268794138
2020-01-03,121.231644,300.840179,0.9117348017955272
2020-01-06,121.135254,301.987946,0.9175051724762802
2020-01-07,119.075867,301.138763,0.9305112279367936
2020-01-08,120.004799,302.743713,0.936663361882884
2020-01-09,120.442978,304.796509,0.9575620980175196
2020-01-10,119.242386,303.919342,0.9618972961043968
2020-01-13,120.232651,306.009521,0.970113269072623
2020-01-14,121.634758,305.542999,0.973630554761873
2020-01-15,119.812012,306.233582,0.9734020094716284
2020-01-16,120.276459,308.780853,0.9739743198807276
2020-01-17,121.108955,309.741943,0.9754367133612364
2020-01-21,119.917168,309.135437,0.9787129408460769
2020-01-22,119.776909,309.172668,0.9806903001299904
2020-01-23,119.654266,309.527313,0.9813435649557478
2020-01-24,116.683495,306.774597,0.9827286384122296
2020-01-27,115.702003,301.857269,0.9834737943179054
2020-01-28,117.805191,305.020477,0.9838502273136116
2020-01-29,117.629929,304.768494,0.9840372081068324
2020-01-30,119.084633,305.757538,0.9843846471658808
2020-01-31,115.991211,300.205688,0.9843588696014872
2020-02-03,116.876289,302.435822,0.984225664226196
2020-02-04,118.558815,307.045258,0.9844484134103716
2020-02-05,120.574409,310.591064,0.9842923569731464
2020-02-06,120.591942,311.636108,0.98400866763963
2020-02-07,120.206345,309.975189,0.9821364746382936
2020-02-10,120.705856,312.289307,0.9806783448117352
2020-02-11,120.933731,312.830505,0.9783002989919756
2020-02-12,120.933731,314.845978,0.977127786609824
2020-02-13,120.828545,314.510101,0.9750535461794176
2020-02-14,120.460495,315.013947,0.968674507995878
2020-02-18,118.86557,314.202148,0.9601598423414855
2020-02-19,120.486794,315.704437,0.9454939165540336
2020-02-20,120.486794,314.407471,0.931969778554376
2020-02-21,119.014534,311.169525,0.9142822257091078
2020-02-24,115.815941,300.849487,0.8955162491571463
2020-02-25,110.645576,291.733154,0.8727582262129149
2020-02-26,110.9786,290.660034,0.8514577483212759
2020-02-27,106.360313,277.606049,0.8271092947070328
2020-02-28,101.750809,276.439636,0.8207673087007534
2020-03-02,106.49176,288.411316,0.8131616615601339
2020-03-03,102.495697,280.153442,0.7961293302737115
2020-03-04,105.02829,291.929016,0.7873263980188512
2020-03-05,99.875473,282.224854,0.7590516660771964
2020-03-06,94.713875,277.559357,0.739567559129007
2020-03-09,81.884392,255.883514,0.7168499837380145
2020-03-10,88.246552,269.124176,0.7040872399614504
2020-03-11,84.092735,256.004791,0.6837797368278092
2020-03-12,77.160973,231.510986,0.6789006998632392
2020-03-13,91.059578,251.302017,0.6530005584591673
2020-03-16,77.43264,223.803604,0.6745705468016511
2020-03-17,82.164803,235.887207,0.633301771608903
2020-03-18,73.515411,223.943558,0.6352929090385011
2020-03-19,74.751053,224.419403,0.5791959155065933
2020-03-20,73.173653,214.74823,0.5439771455829499
2020-03-23,69.256454,209.257538,0.4737490393146598
2020-03-24,77.493958,228.216934,0.321824342144164
2020-03-25,80.385872,231.633392,0.2803314786390792
2020-03-26,85.985626,245.158432,0.2743880726864051
2020-03-27,79.860062,237.856201,0.3679441586887425
2020-03-30,81.936958,245.58078,0.4340858485181759
2020-03-31,78.896111,241.920288,0.4953415044428829
2020-04-01,73.927307,231.032669,0.5166306739507505
2020-04-02,76.687752,236.363876,0.4857497172783186
2020-04-03,74.421028,232.947418,0.4891999019847802
2020-04-06,79.211243,248.593613,0.4929974678518332
2020-04-07,80.256035,248.847061,0.5529013702347922
2020-04-08,83.49675,257.200439,0.6468686677046028
2020-04-09,90.987572,261.11438,0.7326192106323226
2020-04-13,86.941124,258.730316,0.8246463857711682
2020-04-14,84.559273,266.361084,0.8744697021132519
2020-04-15,80.388855,260.701324,0.883188623800654
2020-04-16,77.325272,261.959015,0.8880939462629036
2020-04-17,84.275925,269.036041,0.886717242486655
2020-04-20,81.203476,264.296112,0.8930520923501835
2020-04-21,78.848213,256.271179,0.8924273282487074
2020-04-22,79.10498,261.959015,0.8932138212970808
2020-04-23,79.149269,261.940277,0.8879230423320263
2020-04-24,80.318031,265.5914,0.8768508298903925
2020-04-27,83.780083,269.420837,0.8680389893993908
2020-04-28,84.373337,268.181976,0.8684339772967056
2020-04-29,86.648918,275.202484,0.8782536040890776
2020-04-30,84.78949,272.640167,0.8827311438984634
2020-05-01,82.567047,265.422516,0.8810792793262746
2020-05-04,81.584206,266.154602,0.8826492631472098
2020-05-05,81.460258,268.613708,0.8726680260134896
2020-05-06,79.928429,266.792877,0.8566993698627557
2020-05-07,80.760757,270.012085,0.8370169729402842
2020-05-08,82.08007,274.479767,0.8132842215589903
2020-05-11,79.662819,274.536133,0.7883447502313667
2020-05-12,77.059624,269.064209,0.7530509443381196
2020-05-13,74.403313,264.305542,0.7244755002446734
2020-05-14,77.493492,267.468567,0.6852696416184478
2020-05-15,76.059082,268.69809,0.6523238778459276
2020-05-18,80.08783,276.882538,0.6030768637346746
2020-05-19,78.511749,274.038666,0.5808556833767293
2020-05-20,80.867004,278.69397,0.527103177969558
2020-05-21,79.839882,276.769958,0.4750635592350414
2020-05-22,79.2201,277.295593,0.4225786252212873
2020-05-26,84.842621,280.712006,0.3454363071076116
2020-05-27,89.75679,284.888702,0.327269933674283
2020-05-28,88.419777,284.363129,0.3470180610307158
2020-05-29,86.161903,285.630249,0.3459904986564905
2020-06-01,87.304146,286.784637,0.3329812415649095
2020-06-02,87.596329,289.159302,0.3383354858796484
2020-06-03,92.324577,293.007477,0.3268546756323747
2020-06-04,94.245979,292.237823,0.325577945170821
2020-06-05,98.487228,299.727722,0.3357336108555763
2020-06-08,100.452881,303.350739,0.3141269919558321
2020-06-09,97.876266,301.088623,0.291028222187133
2020-06-10,93.909515,299.40863,0.3033631734315181
2020-06-11,86.073372,282.148041,0.3617391221971228
2020-06-12,88.428658,285.526886,0.4150750771855892
2020-06-15,89.650536,288.192505,0.5120709232902148
2020-06-16,90.367752,293.739532,0.6190038308334057
2020-06-17,88.083328,292.51944,0.6955590937310229
2020-06-18,87.605194,292.63205,0.7391775114932918
2020-06-19,86.604652,290.959717,0.7592553584500401
2020-06-22,85.666084,292.826202,0.7600280259205565
2020-06-23,86.710907,294.174286,0.755915754407792
2020-06-24,83.815491,286.670258,0.7460414189292365
2020-06-25,86.737457,289.743561,0.7173251769332868
2020-06-26,81.982666,282.861755,0.7406071250523913
2020-06-29,82.34568,287.019104,0.7181739158233903
2020-06-30,83.284241,290.695709,0.6730651446140745
2020-07-01,82.57589,292.731934,0.6717239814216972
2020-07-02,82.844131,294.344025,0.6690084457681397
2020-07-06,84.936234,298.887878,0.6390435194126598
2020-07-07,82.540131,295.805298,0.6184272341641165
2020-07-08,83.416328,298.06778,0.6002447744531139
2020-07-09,81.610329,296.37088,0.5834771972029522
2020-07-10,86.071701,299.396942,0.5523259721554004
2020-07-13,87.305519,296.804474,0.527409678729528
2020-07-14,87.806206,300.650787,0.5204563928386076
2020-07-15,89.165176,303.412964,0.5148333483688984
2020-07-16,89.415497,302.413605,0.5248788576846989
2020-07-17,87.761482,303.290405,0.5470676115767102
2020-07-20,86.992592,305.741425,0.5369716335330242
2020-07-21,88.879074,306.391968,0.5202515831935959
2020-07-22,88.235344,308.135956,0.5263285422505486
2020-07-23,88.494629,304.459381,0.5271158655164835
2020-07-24,87.868767,302.498505,0.5493451843502173
2020-07-27,86.634964,304.704498,0.5493170515445496
2020-07-28,87.010468,302.771851,0.5731144769863468
2020-07-29,89.120461,306.495605,0.6016533934245494
2020-07-30,86.742249,305.402069,0.6348022878509254
2020-07-31,86.402496,307.815399,0.6298089136552629
2020-08-03,85.919724,309.955414,0.6239752938868544
2020-08-04,85.427994,311.152649,0.6106496106493662
2020-08-05,86.912117,313.085175,0.5927980496431581
2020-08-06,86.938942,315.178009,0.589293135617018
2020-08-07,88.852234,315.404297,0.5867421472429116
2020-08-10,89.978775,316.346985,0.5898367557752648
2020-08-11,92.821899,313.735657,0.6010310063709586
2020-08-12,92.035118,318.109894,0.6708594649078968
2020-08-13,91.525513,317.53479,0.7041289940921548
2020-08-14,91.561264,317.544189,0.7446444869920249
2020-08-17,89.147293,318.552948,0.7736610333742107
2020-08-18,87.904541,319.241119,0.7785421618828331
2020-08-19,88.110176,317.911926,0.7852247678749134
2020-08-20,87.055183,318.901703,0.7906121475407342
2020-08-21,87.010468,320.03302,0.7915467515063793
2020-08-24,89.460213,323.275909,0.7953376800356334
2020-08-25,89.853607,324.407135,0.7955005130306666
2020-08-26,88.592964,327.659546,0.7929018179097878
2020-08-27,91.507637,328.376038,0.8018971597243781
2020-08-28,91.883118,330.497131,0.7916902939004451
2020-08-31,89.576439,329.299835,0.7848071871809317
2020-09-01,89.531731,332.401367,0.7918866853957588
2020-09-02,90.881775,337.20929,0.8104990650230243
2020-09-03,90.595673,325.604523,0.8179896608975197
2020-09-04,92.55368,322.946014,0.7916959021797721
2020-09-08,89.335037,314.122131,0.7637793372595715
2020-09-09,90.184425,320.325226,0.7723047530998237
2020-09-10,89.25457,314.763214,0.7890648159577296
2020-09-11,90.363205,314.923553,0.803410256455202
2020-09-14,91.614899,319.07135,0.7900549867094027
2020-09-15,88.762856,320.683533,0.7955440583367493
2020-09-16,89.138344,319.410858,0.8160490381623959
2020-09-17,88.119118,316.601501,0.8245373295638084
2020-09-18,87.931351,312.956512,0.8399947559002396
2020-09-21,85.213394,309.473511,0.8597550669300409
2020-09-22,84.283562,312.625305,0.8691139595658881
2020-09-23,82.915649,305.375214,0.8701593381629784
2020-09-24,82.844131,306.189209,0.8705549157434664
2020-09-25,83.568321,311.139313,0.8669138975817763
2020-09-28,85.973373,316.307159,0.8636779107266912
2020-09-29,85.249168,314.584595,0.8698132962408398
2020-09-30,86.071701,316.969727,0.8731732016344009
2020-10-01,86.697563,319.004639,0.8779802071454588
2020-10-02,87.520088,315.975922,0.8807497073793628
2020-10-05,89.369942,321.579102,0.8837275068309237
2020-10-06,88.449516,317.007568,0.8896517217730864
2020-10-07,89.992577,322.525574,0.8923899650576518
2020-10-08,91.8424,325.384033,0.8970197765530392
2020-10-09,91.319023,328.289764,0.901416518689092
2020-10-12,92.437973,333.571106,0.9080089953765004
2020-10-13,90.940041,331.394196,0.919553140336285
2020-10-14,90.434723,329.311951,0.9298675370214148
2020-10-15,91.788269,328.904938,0.9373163396834128
2020-10-16,91.598763,328.706238,0.9414525932966678
2020-10-19,90.055725,323.70871,0.9455622043157788
2020-10-20,90.570091,325.005402,0.946230313310847
2020-10-21,89.667717,324.390198,0.9450718860059092
2020-10-22,92.834991,326.169495,0.9453319004882564
2020-10-23,93.674194,327.276947,0.9467731824122384
2020-10-26,91.355125,321.228912,0.9480712319589236
2020-10-27,89.631615,320.12149,0.9458650976977168
2020-10-28,87.114021,309.180084,0.9445880675313252
2020-10-29,87.682503,312.322449,0.9376188078446298
2020-10-30,88.467575,309.066528,0.9282160695307284
2020-11-02,90.461777,312.53067,0.9163442082745392
2020-11-03,93.313271,318.048676,0.9054641739979014
2020-11-04,90.461777,325.156891,0.8935429984964398
2020-11-05,94.161461,331.498322,0.8732474242824274
2020-11-06,92.907188,331.422607,0.8620259443353108
2020-11-09,105.48613,335.587097,0.8652997430661953
2020-11-10,105.143219,335.094971,0.8865632889409923
2020-11-11,103.573112,337.584259,0.8926576190920499
2020-11-12,102.300766,334.309357,0.8877867593700749
2020-11-13,102.941452,338.937744,0.8911075382399967
2020-11-16,105.847069,343.168549,0.8869988676910479
2020-11-17,104.773254,341.322845,0.8824674180158716
2020-11-18,103.997215,337.215118,0.8852078508495954
2020-11-19,104.276955,338.634796,0.8866376833324812
2020-11-20,103.383629,336.315918,0.8824332822813985
2020-11-23,106.361404,338.332031,0.8783729715214623
2020-11-24,111.279274,343.783722,0.8713055360619072
2020-11-25,110.11525,343.253754,0.8690577578326142
2020-11-27,109.384315,344.209686,0.8734894482483336
2020-11-30,106.370422,342.685822,0.8742115255091483
2020-12-01,108.04882,346.433838,0.8649694576218114
2020-12-02,110.12426,347.16272,0.8603344291607998
2020-12-03,109.402374,347.068115,0.8593346060291415
2020-12-04,110.394974,350.05896,0.8590854835820231
2020-12-07,109.979881,349.339569,0.8620276495881839
2020-12-08,110.088158,350.361908,0.861054346094613
2020-12-09,109.230919,347.219513,0.8629033644330435
2020-12-10,108.527069,347.105957,0.860993073700376
2020-12-11,107.886406,346.698883,0.8580463938592525
2020-12-14,106.749428,345.146698,0.8514947625814825
2020-12-15,108.572197,349.812744,0.8444387537160394
2020-12-16,108.888008,350.361908,0.8497631667383923
2020-12-17,107.985657,352.321106,0.8546503425626937
2020-12-18,107.453278,350.914307,0.8629559171962652
2020-12-21,111.486847,349.659576,0.8637900813743127
2020-12-22,109.790382,349.070221,0.8458471635937743
2020-12-23,112.858414,349.383942,0.8245350215273298
2020-12-24,112.362106,350.743225,0.8191834539418712
2020-12-28,113.102051,353.756409,0.7729998796388691
2020-12-29,112.804276,353.081451,0.7359502920109301
2020-12-30,113.12011,353.585236,0.7262458706274669
2020-12-31,114.663139,355.381744,0.7044244907267995
2021-01-04,113.580299,350.543579,0.6473879536596929
2021-01-05,114.198326,352.957947,0.5451614202087459
2021-01-06,119.5606,355.068115,0.4864830103674053
2021-01-07,123.486862,360.343506,0.4294023574599247
2021-01-08,123.623222,362.396637,0.4292290882178568
2021-01-11,125.468216,359.953796,0.4450784562205419
2021-01-12,127.440422,360.029755,0.472786786359441
2021-01-13,127.558601,360.999329,0.5062880078384385
2021-01-14,128.303848,359.735138,0.5375250937558326
2021-01-15,126.004433,357.111664,0.5611556718455624
2021-01-19,125.459099,359.915771,0.5833776456212761
2021-01-20,123.577774,364.896545,0.5864433645595744
2021-01-21,122.541687,365.229218,0.5900105693897278
2021-01-22,121.596428,363.936432,0.595108175178991
2021-01-25,120.078644,365.371765,0.5921814052461885
2021-01-26,119.587883,364.801453,0.5948811192485605
2021-01-27,116.206917,355.885559,0.5990976329463156
2021-01-28,118.251854,358.946259,0.562859183766302
2021-01-29,116.943085,351.760284,0.5287138347217943
2021-02-01,117.806496,357.615479,0.4348408779720054
2021-02-02,121.432861,362.672241,0.3383319955561207
2021-02-03,122.823418,362.957428,0.2956243427328047
2021-02-04,125.649986,367.082611,0.2622186103003446
2021-02-05,125.40461,368.527496,0.2559817734646927
2021-02-08,127.367706,371.188995,0.2842064642985246
2021-02-09,126.858765,370.941833,0.3306926155942277
2021-02-10,126.931511,370.780243,0.3881357890550071
2021-02-11,126.577003,371.379059,0.4391756581065975
2021-02-12,128.376572,373.213623,0.4843089985790098
2021-02-16,131.46669,372.890381,0.5080106176632438
2021-02-17,131.875671,372.975983,0.5110802066288074
2021-02-18,132.321014,371.388519,0.5342012885144731
2021-02-19,134.529572,370.732727,0.5430405965174684
2021-02-22,135.792862,367.881165,0.4762760987577829
2021-02-23,136.883484,368.32785,0.4107258285343436
2021-02-24,139.291992,372.386597,0.3039087108589578
2021-02-25,137.40155,363.413666,0.2624834937402704
2021-02-26,133.757019,361.541138,0.2098769541676997
2021-03-01,136.783493,370.304962,0.1082093444962964
2021-03-02,136.338165,367.415405,0.0801168326518372
2021-03-03,138.973862,362.548737,0.0835187669754139
2021-03-04,136.838013,358.062225,0.0935877707909085
2021-03-05,137.156143,364.649414,0.0371201125328846
2021-03-08,138.973862,362.833862,0.0173273714054338
2021-03-09,137.992294,368.014221,0.0509878696035945
2021-03-10,140.991577,370.304962,0.1057977798774116
2021-03-11,140.255386,374.05954,0.2115614641582424
2021-03-12,141.918549,374.563324,0.260505224431433
2021-03-15,141.209641,376.797058,0.3003931629438852
2021-03-16,139.519226,376.321808,0.3019938608455581
2021-03-17,140.955185,377.605011,0.2912981602371698
2021-03-18,143.281891,372.111023,0.3214833151495982
2021-03-19,141.000626,371.422455,0.3774263929060113
2021-03-22,137.210678,374.388245,0.3902292210242024
2021-03-23,135.838303,371.441559,0.3567987304728683
2021-03-24,136.892578,369.553314,0.3135819506296621
2021-03-25,138.646667,371.632294,0.2689981987374976
2021-03-26,140.955185,377.621094,0.2681122451619661
2021-03-29,138.764832,377.430328,0.2877589510144396
2021-03-30,140.400772,376.428986,0.2775087602728434
2021-03-31,138.355835,377.954895,0.3003642564675431
2021-04-01,139.700958,382.036407,0.2893276280725286
2021-04-05,140.441498,387.519836,0.2996526075860589
2021-04-06,139.454102,387.291016,0.3195724873847749
2021-04-07,141.639084,387.739136,0.3122167321824077
2021-04-08,141.812805,389.579681,0.3534221433811427
2021-04-09,142.87326,392.411926,0.3819832395606062
2021-04-12,142.571579,392.555084,0.4070753085081954
2021-04-13,140.87114,393.718384,0.4163276891622545
2021-04-14,138.238205,392.37384,0.4013600900494459
2021-04-15,139.115875,396.588928,0.3662220503474951
2021-04-16,140.148941,397.914459,0.3317450247501928
2021-04-19,139.554688,395.959534,0.291921806614907
2021-04-20,136.464645,393.060455,0.2619140543650026
2021-04-21,137.625702,396.779663,0.1721359338123926
2021-04-22,134.727631,393.155823,0.1717716332847197
2021-04-23,137.305695,397.418549,0.0579594731303409
2021-04-26,137.643982,398.248199,-0.0218036241639546
2021-04-27,138.274796,398.162445,-0.079285523755564
2021-04-28,139.1707,398.047974,-0.1439290983457826
2021-04-29,141.876816,400.584625,-0.1998777545054862
2021-04-30,140.615204,397.952606,-0.2334281508558219
2021-05-03,140.203766,398.810913,-0.2824161741461991
2021-05-04,142.141907,396.350494,-0.3163946733480306
2021-05-05,144.006897,396.474487,-0.3424196885157807
2021-05-06,146.904968,399.640594,-0.3560867266002583
2021-05-07,147.407791,402.549133,-0.3817490818186025
2021-05-10,147.389496,398.562958,-0.405635115945183
2021-05-11,144.939407,395.005798,-0.432678632956762
2021-05-12,143.942917,386.613892,-0.4379446466927927
2021-05-13,147.645477,391.258118,-0.4601136324457401
2021-05-14,149.94014,397.265991,-0.4564404123769984
2021-05-17,150.543549,396.255127,-0.4438672764517731
2021-05-18,148.422531,392.841125,-0.424366392069363
2021-05-19,147.28891,391.811188,-0.4247498813815923
2021-05-20,147.032944,396.026306,-0.4044286817928813
2021-05-21,148.705948,395.702026,-0.4136920858508277
2021-05-24,149.510468,399.735901,-0.4035600995079124
2021-05-25,147.965439,398.84906,-0.4036248787106052
2021-05-26,147.947174,399.640594,-0.4105699434940274
2021-05-27,150.250961,399.850372,-0.4075017684245128
2021-05-28,150.150421,400.565582,-0.3935771850385509
2021-06-01,151.80513,400.212769,-0.3765221828158691
2021-06-02,151.814285,400.842102,-0.3370473473189072
2021-06-03,151.914825,399.354492,-0.3016994270672677
2021-06-04,152.161682,403.006836,-0.2464241463001598
2021-06-07,151.448624,402.615906,-0.1937202437926762
2021-06-08,150.845245,402.701721,-0.1366487121736068
2021-06-09,148.96196,402.100983,-0.0446274372198114
2021-06-10,146.639832,403.970032,0.1197220128833933
2021-06-11,146.539276,404.637634,0.2480869263684878
2021-06-14,144.052628,405.543579,0.3937096692241021
2021-06-15,141.867661,404.799683,0.4929417855560159
2021-06-16,142.864136,402.539581,0.5585043626684008
2021-06-17,138.741013,402.406067,0.6384182985549219
2021-06-18,135.230469,396.977478,0.6579570940599256
2021-06-21,137.525131,402.660553,0.6259174845803968
2021-06-22,137.324005,404.813324,0.6075024758247389
2021-06-23,138.155945,404.325348,0.5791245265654578
2021-06-24,139.426666,406.717255,0.5524932027231608
2021-06-25,140.83461,408.161926,0.5507181225050135
2021-06-28,141.090561,408.984802,0.5729052144160631
2021-06-29,140.916855,409.204834,0.6180251083695221
2021-06-30,142.196747,409.549225,0.6474742796752849
2021-07-01,143.604645,411.816742,0.7079322124440995
2021-07-02,143.466736,414.964508,0.7561378299558243
2021-07-06,141.057693,414.208618,0.7810399455837583
2021-07-07,141.223206,415.672455,0.7886211230834133
2021-07-08,138.78656,412.285583,0.7963725879263258
2021-07-09,143.227661,416.686646,0.7897481034189369
2021-07-12,145.278122,418.179199,0.8009992730918579
2021-07-13,143.117325,416.753632,0.8195520443465072
2021-07-14,142.630005,417.375488,0.8321389814311374
2021-07-15,142.942642,415.949982,0.8381437080132303
2021-07-16,139.678467,412.687378,0.8511411482074533
2021-07-19,135.13623,406.592926,0.8517287759262601
2021-07-20,137.655609,412.419556,0.8292536668818201
2021-07-21,140.551987,415.758606,0.8136818439719157
2021-07-22,138.777344,416.629242,0.8084178908449424
2021-07-23,138.510727,420.915558,0.7965304898419914
2021-07-26,139.439377,421.948792,0.7985748842423903
2021-07-27,139.255493,420.025757,0.7963516395902622
2021-07-28,139.485352,419.853485,0.7746685168027679
2021-07-29,140.680725,421.594818,0.7412601824122388
2021-07-30,139.558914,419.547394,0.6570856752187136
2021-08-02,138.998047,418.667145,0.455690681892946
2021-08-03,140.579575,422.073242,0.2803615790102503
2021-08-04,139.062408,419.997009,0.1430771615849018
2021-08-05,140.818634,422.656891,-0.0055060305588654
2021-08-06,144.818375,423.355255,-0.1475454739179253
2021-08-09,144.662064,423.010803,-0.2340262097626226
2021-08-10,146.436676,423.537018,-0.2914704095575338
2021-08-11,148.183685,424.589508,-0.3063150989723574
2021-08-12,148.762939,425.861908,-0.3245312945723306
2021-08-13,147.098648,426.636902,-0.3527512240514049
2021-08-16,146.133209,427.64151,-0.3733094787602168
2021-08-17,144.367813,424.838226,-0.368887710629335
2021-08-18,143.052963,420.188385,-0.3647951950624309
2021-08-19,141.85762,420.838959,-0.3621521916063594
2021-08-20,142.262207,424.187622,-0.3612125189763194
2021-08-23,144.082809,427.918976,-0.3074480867450624
2021-08-24,144.974686,428.598297,-0.2105231211740766
2021-08-25,147.962967,429.497589,-0.1294010687621486
2021-08-26,148.726151,426.962189,-0.049891245998189
2021-08-27,149.921478,430.779694,0.0205014448591596
2021-08-30,147.521637,432.674072,0.0853630761186416
2021-08-31,147.071121,432.03302,0.1282413747966653
2021-09-01,146.859634,432.262665,0.1950355010017476
2021-09-02,147.540039,433.592499,0.2548362908387737
2021-09-03,146.648148,433.487244,0.3097394718010559
2021-09-07,146.390671,431.937347,0.3699154446947138
2021-09-08,145.737869,431.411163,0.4217576502648973
2021-09-09,146.372284,429.564606,0.4517676168332281
2021-09-10,144.689651,426.177734,0.4673461569844431
2021-09-13,146.988358,427.268372,0.4837174180352427
2021-09-14,144.422974,424.962585,0.4881851971094654
2021-09-15,145.425232,428.512177,0.4933750163903938
2021-09-16,145.36087,427.832916,0.5070996224040346
2021-09-17,144.983887,423.665283,0.5109165342511957
2021-09-20,140.643921,416.601074,0.4994676818287885
2021-09-21,140.662308,416.20752,0.4536295450002824
2021-09-22,143.356415,420.267548,0.3895892713718167
2021-09-23,148.202072,425.373779,0.3050610318656316
2021-09-24,149.912292,426.074493,0.1987377990254491
2021-09-27,153.535049,424.85556,0.1460124763960004
2021-09-28,152.707504,416.293915,0.1454307924468744
2021-09-29,152.587982,416.994598,0.1139725359222682
2021-09-30,150.509949,411.897919,0.0651552621591989
2021-10-01,153.672974,416.792999,-0.0488258209834577
2021-10-04,153.507477,411.41803,-0.0606705478518052
2021-10-05,156.014282,415.698822,-0.0466204856891427
2021-10-06,156.34729,417.426483,-0.0248485474667675
2021-10-07,157.337051,421.0354,0.0254745757277061
2021-10-08,157.457306,420.267548,0.0641316639645028
2021-10-11,154.145737,417.224915,0.0960526537748765
2021-10-12,152.961716,416.197968,0.073593621502651
2021-10-13,148.928604,417.695221,0.044829122896841
2021-10-14,151.213394,424.7211,-0.0935895169333796
2021-10-15,154.117981,427.955688,-0.1640689840986029
2021-10-18,154.0625,429.222656,-0.1643858031770988
2021-10-19,155.931015,432.534088,-0.2033683423061623
2021-10-20,158.030823,434.232971,-0.1890437646231761
2021-10-21,156.79129,435.36554,-0.1226319865572987
2021-10-22,158.90033,434.914459,-0.0137181782682957
2021-10-25,158.123322,437.246796,0.0493814707963938
2021-10-26,158.548828,437.64032,0.0687004230797049
2021-10-27,155.24649,435.701508,0.084295680492057
2021-10-28,157.586823,439.905548,0.0624535628398599
2021-10-29,157.152069,440.798187,0.0564946286869544
2021-11-01,157.068802,441.556458,0.0488831345740832
2021-11-02,157.688538,443.341675,0.0494834796022764
2021-11-03,157.74408,446.04837,0.0520892322231468
2021-11-04,155.672012,448.150391,0.0687084215222023
2021-11-05,155.450012,449.705292,0.1310938323093347
2021-11-08,156.384277,450.089264,0.1349347393666367
2021-11-09,155.200241,448.601532,0.1377788776136416
2021-11-10,155.052231,444.992584,0.1392517934185073
2021-11-11,155.042999,445.136566,0.1574766801404943
2021-11-12,154.349258,448.495911,0.1994313530997621
2021-11-15,154.071716,448.649445,0.2280955499768359
2021-11-16,152.961716,450.42514,0.2136833154987518
2021-11-17,152.138428,449.330994,0.2133539947542119
2021-11-18,150.824905,450.857086,0.2651882578048494
2021-11-19,148.854584,450.050903,0.3413202225462972
2021-11-22,152.027451,448.783844,0.4302581340406099
2021-11-23,155.662781,449.379028,0.5368833324999817
2021-11-24,154.441727,450.578735,0.6091478355130879
2021-11-26,149.788879,440.529419,0.6560422035730703
2021-11-29,149.141373,445.933228,0.692815520828987
2021-11-30,146.92131,437.25647,0.7261345474254454
2021-12-01,146.051773,432.399719,0.7463024879432753
2021-12-02,149.122864,439.022461,0.7592912439873938
2021-12-03,146.421783,435.202454,0.770863139165011
2021-12-06,148.151581,440.356659,0.7747273316598972
2021-12-07,150.380875,449.465332,0.7867700130635368
2021-12-08,148.660339,450.655518,0.7870410979477718
2021-12-09,148.429092,447.612885,0.7846962502942244
2021-12-10,147.837097,451.826508,0.779537973660136
2021-12-13,146.079514,447.824066,0.7778762295942125
2021-12-14,147.198822,444.743011,0.772466836064986
2021-12-15,146.098038,451.6922,0.7629338512700888
2021-12-16,148.382828,447.708893,0.76078059605381
2021-12-17,145.0065,442.94397,0.7549509912761413
2021-12-20,142.39798,438.233917,0.7509741537212804
2021-12-21,144.386734,446.016541,0.7499983634381208
2021-12-22,144.951035,450.476135,0.7467095956087182
2021-12-23,145.469025,453.279053,0.7428933785202226
2021-12-27,146.301544,459.693939,0.7484735582832694
2021-12-28,146.745529,459.318237,0.7724295848306186
2021-12-29,146.671539,459.905853,0.7863101002936576
2021-12-30,146.597549,458.634399,0.8011061168940161
2021-12-31,146.477295,457.478546,0.8191693826083732
2022-01-03,149.576126,460.12735,0.8279484181203011
2022-01-04,155.24649,459.973236,0.8323033141714956
2022-01-05,152.408279,451.140808,0.8190390974893379
2022-01-06,154.027496,450.716949,0.8288412925252127
2022-01-07,155.553604,448.935059,0.8374878594367365
2022-01-10,155.702515,448.376373,0.8307979250202903
2022-01-11,155.860672,452.460358,0.8241116227567418
2022-01-12,156.74472,453.683594,0.8174008722275982
2022-01-13,156.549286,447.432434,0.8067942995241598
2022-01-14,146.927246,447.615509,0.7883946220297684
2022-01-18,140.766861,439.688354,0.7749428169672874
2022-01-19,138.58934,435.122833,0.7685957928314147
2022-01-20,137.407547,430.306824,0.7521110213115568
2022-01-21,135.006683,421.859619,0.732550898478242
2022-01-24,134.885712,423.651184,0.7114970112993274
2022-01-25,136.355988,418.478821,0.6959587234339596
2022-01-26,137.64949,417.429016,0.6719340924220043
2022-01-27,135.220688,415.367676,0.6552975772398545
2022-01-28,136.43042,425.683563,0.6266570301740608
2022-01-31,138.282272,433.350586,0.5818336231521365
2022-02-01,140.655212,436.278687,0.5431722340236188
2022-02-02,139.529251,440.516724,0.4999619881184752
2022-02-03,138.375336,430.162384,0.4495522614964993
2022-02-04,141.967331,432.185059,0.4024889886257402
2022-02-07,142.441895,430.798065,0.3618314530175807
2022-02-08,145.121933,434.342621,0.3305596540134848
2022-02-09,145.726807,440.699738,0.2816952262552306
2022-02-10,145.121933,432.782288,0.2173487562735254
2022-02-11,143.232895,424.248352,0.1889512826215905
2022-02-14,141.902176,422.861389,0.1945434760936127
2022-02-15,143.977341,429.680786,0.1873226662685937
2022-02-16,144.2379,430.162384,0.1695210538642085
2022-02-17,140.915756,420.973541,0.1475704157872461
2022-02-18,141.576508,418.247681,0.1570626612528637
2022-02-22,141.325226,413.759216,0.1912693993577989
2022-02-23,138.365997,406.419678,0.2750807824152998
2022-02-24,134.513489,412.53595,0.4289474972108075
2022-02-25,137.695999,421.638092,0.5145578681805212
2022-02-28,131.954407,420.559326,0.6195158121029476
2022-03-01,126.975883,414.154114,0.67741987173006
2022-03-02,129.60939,421.77298,0.6956106331584997
2022-03-03,128.68811,419.673157,0.739150824039139
2022-03-04,125.068207,416.263519,0.771112065939288
2022-03-07,120.238602,403.992401,0.788198214809301
2022-03-08,119.391754,400.929443,0.7917854399425822
2022-03-09,124.174858,411.678711,0.8026171911150012
2022-03-10,122.70459,409.819763,0.8190827397997155
2022-03-11,119.940796,404.608826,0.8297795786257104
2022-03-14,121.131935,401.651825,0.8462915052982596
2022-03-15,123.281532,410.484314,0.866247136015163
2022-03-16,128.790482,419.586517,0.8806329419745982
2022-03-17,130.418991,424.835968,0.8977015213781286
2022-03-18,130.372467,429.489044,0.9125234648913588
2022-03-21,129.95369,429.363464,0.9185156583261448
2022-03-22,132.717484,434.387604,0.9211474507773432
2022-03-23,130.074677,428.793396,0.9294319541569924
2022-03-24,130.921494,435.257172,0.938996171001526
2022-03-25,132.066086,437.382813,0.9325955848594236
2022-03-28,131.088989,440.493927,0.9177988209217056
2022-03-29,131.377457,445.943176,0.8979603670574386
2022-03-30,130.781891,443.189575,0.8705023784204162
2022-03-31,126.854897,436.368317,0.8444823546794519
2022-04-01,125.915024,437.605072,0.8087555177929776
2022-04-04,126.473396,441.353821,0.778198523947489
2022-04-05,125.001549,435.778931,0.7428735930517102
2022-04-06,123.267242,431.421417,0.7091926391202306
2022-04-07,122.892265,433.595337,0.6848867104778587
2022-04-08,125.142189,432.435944,0.6661973245550741
2022-04-11,124.6828,425.044617,0.6345407876972184
2022-04-12,123.314117,423.469788,0.6062168420270047
2022-04-13,119.339264,428.319946,0.6015238458370381
2022-04-14,118.233055,422.986633,0.6450784097991187
2022-04-18,120.426735,423.160522,0.6930397453680456
2022-04-19,122.92038,429.991486,0.7117847309528954
2022-04-20,123.351624,429.672638,0.7280484677590082
2022-04-21,122.395424,423.247528,0.7382236731148875
2022-04-22,118.879921,411.633942,0.7367759596427988
2022-04-25,118.8424,414.020447,0.7475963287132776
2022-04-26,115.326912,402.03006,0.7585873003178848
2022-04-27,113.826988,403.160461,0.7658575976581898
2022-04-28,115.626907,413.344147,0.782408005425952
2022-04-29,111.89579,398.068695,0.8114827690130945
2022-05-02,112.917648,400.464813,0.8362466216086191
2022-05-03,115.336296,402.300568,0.8612349590468428
2022-05-04,119.151787,414.551819,0.8744075176373287
2022-05-05,116.170631,399.817474,0.888293123367384
2022-05-06,115.983139,397.430969,0.8932954933562021
2022-05-09,114.239456,384.706299,0.8954484758427451
2022-05-10,111.455193,385.595184,0.8919292969566669
2022-05-11,110.752098,379.469635,0.8957907689060773
2022-05-12,110.658348,379.073456,0.8981870284043908
2022-05-13,111.642677,388.136292,0.900906078642529
2022-05-16,110.864594,386.561401,0.9059024570933092
2022-05-17,114.539452,394.513123,0.9116774228375608
2022-05-18,112.580139,378.60965,0.9181512464076904
2022-05-19,110.911461,376.290833,0.9108874554511696
2022-05-20,110.002106,376.455109,0.9003149467827093
2022-05-23,116.808121,383.498627,0.8864035427862154
2022-05-24,118.458061,380.571075,0.8777060715754832
2022-05-25,119.283012,383.93338,0.8775710326739133
2022-05-26,121.345451,391.604919,0.8772135657825599
2022-05-27,123.061012,401.218414,0.8608206589389227
2022-05-31,123.960976,398.967224,0.8197967943530164
2022-06-01,121.786064,395.740173,0.7690043377684644
2022-06-02,123.745369,403.276459,0.7182102144706382
2022-06-03,122.020409,396.658081,0.6370669960190435
2022-06-06,121.617317,397.865784,0.5655656738222958
2022-06-07,121.936043,401.68222,0.4728627129188355
2022-06-08,119.995506,397.315094,0.3947885792890587
2022-06-09,117.473717,387.865753,0.3190325539467163
2022-06-10,112.073921,376.619324,0.3494162157828228
2022-06-13,108.736542,362.319824,0.4735865230520828
2022-06-14,106.927238,361.228058,0.5645927560623006
2022-06-15,108.192818,366.377838,0.6294491943943578
2022-06-16,106.336647,354.252167,0.6877930148281045
2022-06-17,105.961639,355.015839,0.7241986516889949
2022-06-21,108.586555,363.952881,0.745754843195561
2022-06-22,107.977196,363.292999,0.7805361275707519
2022-06-23,106.795998,366.854187,0.7972242181163447
2022-06-24,109.983376,378.517914,0.7966975056472908
2022-06-27,109.102142,377.072083,0.8024504339087237
2022-06-28,108.577164,369.367401,0.8056381020402511
2022-06-29,108.089691,369.06662,0.8214800655541169
2022-06-30,105.567917,366.068207,0.8289794672256722
2022-07-01,106.917862,369.939972,0.82320721451477
2022-07-05,106.511192,370.638641,0.8244742780087099
2022-07-06,105.820778,371.890411,0.8239348724756135
2022-07-07,108.497276,377.460236,0.8182725300570521
2022-07-08,108.156807,377.14978,0.8249488248393723
2022-07-11,106.738167,372.84137,0.8293183328983766
2022-07-12,106.842194,369.542114,0.8241590645372612
2022-07-13,105.839691,367.601379,0.8089367794522423
2022-07-14,102.141785,366.708649,0.7943675645454052
2022-07-15,106.823288,373.714661,0.7549627220833942
2022-07-18,105.726212,370.628937,0.7343002535482798
2022-07-19,108.345955,380.643005,0.7071396596663174
2022-07-20,108.327042,383.068909,0.6663167379181353
2022-07-21,109.064735,386.969757,0.6299448597756836
2022-07-22,108.53511,383.379486,0.5920506256832407
2022-07-25,108.970161,383.845276,0.5763128886261437
2022-07-26,107.267784,379.303955,0.5995033531309557
2022-07-27,108.989059,389.153107,0.6244383285141117
2022-07-28,108.58239,394.033997,0.6731620500954255
2022-07-29,109.102562,399.778503,0.726262406451136
2022-08-01,108.014938,398.594666,0.7689807623582844
2022-08-02,106.331482,395.964996,0.7951989826423373
2022-08-03,107.447487,402.165588,0.8297709699044499
2022-08-04,106.265289,401.89389,0.8637897105894843
2022-08-05,109.480873,401.214661,0.8930355934262061
2022-08-08,108.147354,400.748901,0.8967848211405809
2022-08-09,109.121483,399.157501,0.9083027340478564
2022-08-10,111.968201,407.541412,0.9156040878547032
2022-08-11,113.623283,407.541412,0.921267506559277
2022-08-12,115.505333,414.440643,0.9237998337634326
2022-08-15,115.817429,416.148529,0.9221739172574002
2022-08-16,116.923973,416.963593,0.9217664979663897
2022-08-17,115.940392,414.004028,0.9123104751142432
2022-08-18,115.041916,415.207275,0.8859552430403326
2022-08-19,112.195175,409.627716,0.8379898588797271
2022-08-22,110.341507,401.098206,0.7818579560947524
2022-08-23,109.253891,400.127838,0.7476655800982724
2022-08-24,109.518692,401.408722,0.7189256831142744
2022-08-25,112.119522,407.075623,0.6697963039527671
2022-08-26,108.449974,393.296509,0.630392866601459
2022-08-29,108.185173,390.695953,0.6322423373446511
2022-08-30,108.204094,386.406982,0.626590400880312
2022-08-31,107.560982,383.466766,0.614815563202433
2022-09-01,108.298668,384.670013,0.6315543946775033
2022-09-02,107.542053,380.613892,0.643127750898618
2022-09-06,107.570427,379.177795,0.6464501628281542
2022-09-07,109.613266,385.989777,0.6264016299276084
2022-09-08,112.166801,388.512634,0.6013203490399035
2022-09-09,112.705887,394.548279,0.5821565765676047
2022-09-12,114.039413,398.788757,0.5946553483154414
2022-09-13,110.076698,381.448456,0.63663787750038
2022-09-14,109.821342,382.903992,0.6429794417904507
2022-09-15,111.47641,378.556732,0.7137082185891823
2022-09-16,110.729263,375.668823,0.7594483729490954
2022-09-19,111.750687,378.582092,0.7905461978132253
2022-09-20,109.547066,374.236481,0.8187907531013412
2022-09-21,106.388237,367.708374,0.841789882882844
2022-09-22,105.177681,364.61972,0.8563414828811718
2022-09-23,103.21994,358.510559,0.8676204109834919
2022-09-26,100.997421,354.963898,0.8720207987651859
2022-09-27,100.108406,354.057831,0.8743191129167835
2022-09-28,102.132324,361.024353,0.8764320954196964
2022-09-29,100.401604,353.482941,0.8849556997816124
2022-09-30,98.831642,348.016846,0.8845588443128103
2022-10-03,101.886444,357.204895,0.8796866819877006
2022-10-04,106.653046,368.273468,0.8815884677449607
2022-10-05,105.336227,367.416138,0.8900801780815947
2022-10-06,103.189232,363.625885,0.8986610657367978
2022-10-07,101.128136,353.482941,0.9056931651206792
2022-10-10,100.183449,350.783997,0.9037904887255616
2022-10-11,97.292168,348.5625,0.8991347906600373
2022-10-12,98.866631,347.412781,0.895612643991221
2022-10-13,104.36293,356.58136,0.8868981441377685
2022-10-14,106.099602,348.455292,0.8898280064624694
2022-10-17,110.555801,357.409515,0.8706635389078449
2022-10-18,113.399368,361.608978,0.8584510020517088
2022-10-19,111.176048,359.046448,0.8476872744929936
2022-10-20,110.813438,356.035736,0.8317175998366934
2022-10-21,116.634186,364.687897,0.7976004408518964
2022-10-24,116.777313,369.150421,0.7752044167891653
2022-10-25,117.082657,375.045227,0.7661752076715779
2022-10-26,118.428116,372.219635,0.7885385611575217
2022-10-27,118.895683,370.231903,0.7939972883664436
2022-10-28,120.307922,379.040009,0.7889497570882978
2022-10-31,120.117073,376.302094,0.803255993745628
2022-11-01,122.283142,374.655457,0.8270326811612942
2022-11-02,121.157173,365.253021,0.8143546989330335
2022-11-03,121.37664,361.492065,0.7575985454619
2022-11-04,124.697342,366.695068,0.6686389859795056
2022-11-07,125.355736,370.202728,0.5816294235975972
2022-11-08,125.432068,372.200104,0.5125295424779982
2022-11-09,123.800369,364.532013,0.4586100039595858
2022-11-10,128.895889,384.564575,0.3765190085317947
2022-11-11,129.10582,388.28653,0.379354951188757
2022-11-14,127.779465,384.983521,0.3900762917397072
2022-11-15,126.853874,388.26709,0.4106744474022454
2022-11-16,127.025642,385.305084,0.4383407895112959
2022-11-17,126.472191,384.126099,0.4401905931670992
2022-11-18,127.712646,385.870178,0.4419352049389254
2022-11-21,126.958824,384.467163,0.4485771177316709
2022-11-22,128.857712,389.640869,0.4677614949135229
2022-11-23,130.231796,392.096313,0.4893697468483524
2022-11-25,130.479904,392.008606,0.5063555678701954
2022-11-28,128.199326,385.753296,0.5343252379471324
2022-11-29,130.308136,385.090759,0.5664467907160855
2022-11-30,131.853943,397.221313,0.5785629176024489
2022-12-01,130.002777,396.929016,0.5971019184302311
2022-12-02,128.972244,396.47113,0.6285739404638887
2022-12-05,125.355736,389.338867,0.6518957361373399
2022-12-06,125.565666,383.726624,0.7008186822767329
2022-12-07,125.479805,383.073853,0.7278848933211889
2022-12-08,126.7966,386.074799,0.75953922982298
2022-12-09,126.109589,383.190735,0.7815839517156971
2022-12-12,128.065735,388.71524,0.7928138227650218
2022-12-13,127.941673,391.657806,0.8078386692623846
2022-12-14,127.302345,389.153748,0.8329963143800085
2022-12-15,124.143883,379.634399,0.8552313187387817
2022-12-16,123.370956,375.152344,0.8715401211803425
2022-12-19,124.105713,371.971161,0.878091525388155
2022-12-20,124.706886,372.480164,0.8759301820556684
2022-12-21,126.109589,378.049713,0.8701058021247949
2022-12-22,124.678253,372.656372,0.8712007265358
2022-12-23,125.269867,374.800018,0.8667853576504727
2022-12-27,125.708809,373.321991,0.8573647793498034
2022-12-28,126.395836,368.682404,0.8366177271307628
2022-12-29,127.121048,375.318787,0.7815150335074212
2022-12-30,127.96077,374.330139,0.7367816340544427
2023-01-03,128.934052,372.754303,0.7022541928081724
2023-01-04,130.136383,375.631989,0.6568392270942619
2023-01-05,130.107544,371.344818,0.6208235181561881
2023-01-06,132.597229,379.860474,0.5681340350184902
2023-01-09,132.049301,379.645142,0.5536983374008098
2023-01-10,133.231659,382.307526,0.555484425118354
2023-01-11,134.221756,387.142914,0.6075811889827618
2023-01-12,134.087189,388.552429,0.6640199527830487
2023-01-13,137.470856,390.059814,0.6818833536021384
2023-01-17,135.346451,389.345276,0.7147914091867168
2023-01-18,131.280304,383.198242,0.712716201460506
2023-01-19,129.530777,380.40863,0.7071979428492589
2023-01-20,129.847992,387.49527,0.6905244583166755
2023-01-23,131.953171,392.144684,0.669837116252113
2023-01-24,133.087463,391.723846,0.6759217685577952
2023-01-25,133.731506,391.870605,0.6778410933492532
2023-01-26,134.558197,396.177429,0.6635724427680582
2023-01-27,134.88504,397.087708,0.6576206427185736
2023-01-30,133.74115,392.10556,0.6550952661103109
2023-01-31,134.538986,397.870819,0.6370521045033729
2023-02-01,134.183304,402.099304,0.6044285161105425
2023-02-02,133.558487,407.952667,0.5563623731643755
2023-02-03,135.625214,403.616425,0.5102888998791227
2023-02-06,136.423065,401.149811,0.4492297776480449
2023-02-07,138.08606,406.396301,0.3951606271276465
2023-02-08,137.115173,401.952484,0.3153082468437053
2023-02-09,134.981155,398.467865,0.2491290658483094
2023-02-10,135.577133,399.397736,0.2031960911628516
2023-02-13,137.047897,404.086243,0.1603595324218105
2023-02-14,137.653473,403.90033,0.0844604281325457
2023-02-15,138.23024,405.211945,0.0700989431167098
2023-02-16,136.326935,399.63266,0.0577493135238325
2023-02-17,136.730652,398.634308,0.0897139776869764
2023-02-21,134.221756,390.637299,0.1210518992348615
2023-02-22,133.193207,390.098969,0.1671089587677058
2023-02-23,134.260208,392.174042,0.2088582921879147
2023-02-24,135.47142,387.98468,0.2465715554915226
2023-02-27,136.653748,389.306152,0.2783419348602401
2023-02-28,137.797684,387.867249,0.3071744251753724
2023-03-01,137.028656,386.379456,0.3631441079232915
2023-03-02,135.606003,389.38443,0.4347906100171708
2023-03-03,138.095688,395.629303,0.494432780615303
2023-03-06,137.288223,395.903381,0.5252704662161671
2023-03-07,133.2509,389.834656,0.5477729724859308
2023-03-08,132.462646,390.470947,0.5739064026190682
2023-03-09,125.29158,383.266754,0.6023721851708835
2023-03-10,128.473373,377.73645,0.6084475535200867
2023-03-13,126.166344,377.19809,0.6523285902898232
2023-03-14,129.405807,383.433197,0.684010640173196
2023-03-15,123.29216,381.035065,0.7274381286301342
2023-03-16,125.685715,387.720367,0.7295485272276839
2023-03-17,120.937035,383.18692,0.7350777827735798
2023-03-20,122.215538,386.87146,0.7187019074505162
2023-03-21,125.493439,391.951324,0.7109165158516773
2023-03-22,122.253998,385.269897,0.7169284909563455
2023-03-23,121.927155,386.311462,0.7110597051280073
2023-03-24,120.071915,388.846436,0.6928532465962324
2023-03-27,123.51326,389.573486,0.6504877401009549
2023-03-28,123.888145,388.699036,0.6265238536289854
2023-03-29,124.138077,394.348785,0.6061280210146429
2023-03-30,123.763176,396.657776,0.5567621695053763
2023-03-31,125.262756,402.248474,0.5053437834634456
2023-04-03,125.118568,403.781342,0.4811421729462341
2023-04-04,123.445961,401.541046,0.4713016862000926
2023-04-05,123.630035,400.489716,0.4677057493134217
2023-04-06,123.4944,402.051971,0.4380123263804134
2023-04-10,123.901291,402.464661,0.4275399802010349
2023-04-11,124.51165,402.572723,0.441787575464032
2023-04-12,124.492279,400.931854,0.4581672706532546
2023-04-13,124.966988,406.257324,0.4646051887810595
2023-04-14,134.403214,405.264954,0.5487700264423366
2023-04-17,135.468918,406.719116,0.597493536280595
2023-04-18,136.989944,406.984375,0.6340096389693972
2023-04-19,136.815552,406.915649,0.7049813431720594
2023-04-20,136.418335,404.695038,0.7635340974737574
2023-04-21,136.156754,405.009491,0.811480534160442
2023-04-24,136.340851,405.431946,0.849301803413836
2023-04-25,133.376266,398.996216,0.8665486149534377
2023-04-26,131.01236,397.306213,0.8661273329818838
2023-04-27,132.775604,405.21582,0.8554385130809218
2023-04-28,133.928513,408.674438,0.8417084286427663
2023-05-01,136.796158,408.261719,0.8249314605416311
2023-05-02,134.587296,403.673218,0.8677672434876578
2023-05-03,131.738968,400.902405,0.8940909754919318
2023-05-04,129.936981,398.062775,0.8966805035190748
2023-05-05,132.475281,405.431946,0.8957407499368095
2023-05-08,132.794983,405.540039,0.8988191270354641
2023-05-09,132.155579,403.761627,0.8988896732273296
2023-05-10,132.223389,405.648163,0.8968469355573254
2023-05-11,131.806793,404.940735,0.8906571588707147
2023-05-12,129.917618,404.410095,0.8903954238037312
2023-05-15,131.01236,405.805389,0.8907289124111238
2023-05-16,130.130768,403.093506,0.8898495988685555
2023-05-17,134.131943,407.986633,0.8785071191849357
2023-05-18,135.1492,411.91684,0.8907259646307129
2023-05-19,134.839157,411.317444,0.9024099852799008
2023-05-22,133.725052,411.484528,0.902833678187272
2023-05-23,132.329956,406.866486,0.9051912172375216
2023-05-24,131.118942,403.918854,0.90656003114003
2023-05-25,131.438629,407.416718,0.9147449352363912
2023-05-26,132.669037,412.693054,0.9201055668977738
2023-05-30,133.172821,412.850281,0.9219409821497976
2023-05-31,131.477432,410.560913,0.9289820544660448
2023-06-01,133.289063,414.4617,0.9351973667548256
2023-06-02,136.088943,420.455231,0.941411105008694
2023-06-05,134.751984,419.649567,0.9429497940507348
2023-06-06,134.994186,420.563324,0.9394329454364928
2023-06-07,136.302094,419.109131,0.9325153006353408
2023-06-08,136.340851,421.644165,0.939752899556498
2023-06-09,136.612091,422.400696,0.9416879625356156
2023-06-12,136.602402,426.232666,0.9427580202344794
2023-06-13,137.590607,429.042816,0.9382463762824276
2023-06-14,137.077133,429.553711,0.9299975354046808
2023-06-15,138.627228,434.879181,0.9250356559090728
2023-06-16,138.791916,433.397888,0.9213645526736184
2023-06-20,138.084702,431.149353,0.9100713870597414
2023-06-21,137.881256,428.940247,0.8930515646582823
2023-06-22,135.226685,430.488617,0.8745134602063681
2023-06-23,134.51947,427.23407,0.8636260369581604
2023-06-26,134.848877,425.488556,0.8518414323729531
2023-06-27,134.858536,430.153259,0.8339370821061947
2023-06-28,134.267578,430.370239,0.8237718525138524
2023-06-29,138.956635,432.066498,0.8226634437255987
2023-06-30,140.903931,437.165161,0.8164262202706221
2023-07-03,142.037445,437.668182,0.811619235969079
2023-07-05,141.091248,437.017242,0.7926570993474708
2023-07-06,139.696335,433.595154,0.7636068620655202
2023-07-07,140.798599,432.500427,0.7199016811392829
2023-07-10,141.588715,433.595154,0.6681644188726217
2023-07-11,143.80304,436.356506,0.6381990157832691
2023-07-12,144.515121,439.867401,0.6236560284153574
2023-07-13,145.217453,443.358551,0.6152640947917553
2023-07-14,146.095398,443.082397,0.6005008971615272
2023-07-17,149.616806,444.620911,0.6030219535621946
2023-07-18,149.889938,447.924713,0.5978733506348975
2023-07-19,150.465454,448.920776,0.5872012715540349
2023-07-20,152.318832,445.942383,0.5839433068324824
2023-07-21,151.148285,445.942383,0.5761443181906835
2023-07-24,154.123444,447.93457,0.569971764541475
2023-07-25,152.972412,449.15744,0.5513349349282624
2023-07-26,153.889343,449.226501,0.5279740016875121
2023-07-27,152.192032,446.248169,0.5114011366178344
2023-07-28,153.060196,450.617035,0.5027505156430853
2023-07-31,154.084427,451.475006,0.4840503043432066
2023-08-01,153.323563,450.183105,0.438990519624785
2023-08-02,151.58725,443.920715,0.3762942859853413
2023-08-03,152.513962,442.648499,0.3764412424744759
2023-08-04,152.192032,440.646484,0.3900138114775876
2023-08-07,152.913879,444.492676,0.4342009750330772
2023-08-08,152.05545,442.559753,0.434982246196651
2023-08-09,150.016724,439.601135,0.4394047164468123
2023-08-10,149.792389,439.758911,0.4343485368261829
2023-08-11,150.660553,439.502502,0.4279268329641588
2023-08-14,150.972702,441.928558,0.4224309317924907
2023-08-15,147.129379,436.780579,0.3961134103248204
2023-08-16,146.505066,433.575409,0.3917513242943585
2023-08-17,144.983353,430.271637,0.3697761475932353
2023-08-18,145.315002,430.47876,0.3719975293584727
2023-08-21,145.812485,433.279541,0.379336567899222
2023-08-22,142.788559,432.105957,0.379918234745079
2023-08-23,143.754272,436.91864,0.3751581886618275
2023-08-24,143.617691,430.863373,0.4082373162141595
2023-08-25,143.442123,433.900848,0.4669231286269751
2023-08-28,143.93959,436.652405,0.498000832755386
2023-08-29,145.110153,442.964081,0.5431239208285963
2023-08-30,144.524872,444.788605,0.5713692826929685
2023-08-31,142.739777,444.137665,0.627101369528365
2023-09-01,143.217758,444.966095,0.6666899687554297
2023-09-05,141.637482,443.042969,0.6893975743612927
2023-09-06,141.403412,440.064636,0.7163465254036661
2023-09-07,140.193802,438.713562,0.7290413388890987
2023-09-08,140.301132,439.374268,0.7548857492040537
2023-09-11,140.915665,442.263885,0.7879615189313559
2023-09-12,142.749542,439.837799,0.8253474052280809
2023-09-13,142.817825,440.350616,0.8349917649910308
2023-09-14,145.588135,444.147491,0.8488655283548762
2023-09-15,145.158936,438.796295,0.8470747720176327
2023-09-18,145.461319,439.053619,0.838495404824783
2023-09-19,145.27597,438.143097,0.8372965375984585
2023-09-20,144.661438,434.115112,0.8460399323892965
2023-09-21,143.529907,426.93988,0.8621628761930649
2023-09-22,142.154495,425.979919,0.8805227897490991
2023-09-25,142.856842,427.77124,0.8966244105279432
2023-09-26,141.37413,421.486725,0.9075841661737648
2023-09-27,142.203278,421.654968,0.9178616744794904
2023-09-28,143.968857,424.099487,0.9279441246802608
2023-09-29,141.461914,423.070221,0.938705755764122
2023-10-02,140.242599,422.901947,0.943183191438787
2023-10-03,139.208603,417.240997,0.9458288023877278
2023-10-04,139.832886,420.279297,0.9471886505083998
2023-10-05,140.422485,420.120941,0.9496139165246996
2023-10-06,142.584351,425.108978,0.948273953003331
2023-10-09,142.260086,427.830597,0.9482639582372694
2023-10-10,143.124817,430.057404,0.9486972571860331
2023-10-11,143.616135,431.819061,0.950714041676344
2023-10-12,143.282028,429.186493,0.9524783380005194
2023-10-13,145.434082,427.048767,0.9544512906697178
2023-10-16,145.286667,431.541931,0.9595400884249056
2023-10-17,144.972214,431.522095,0.9630170310358716
2023-10-18,143.380325,425.772034,0.9656563101830984
2023-10-19,142.771057,422.031036,0.967024769808808
2023-10-20,140.471619,416.845093,0.9700565036382264
2023-10-23,138.55542,416.12262,0.9725555869550314
2023-10-24,138.722488,419.259918,0.971358308884747
2023-10-25,137.965836,413.242645,0.9713540373304318
2023-10-26,138.319595,408.294189,0.9733374177519952
2023-10-27,133.337509,406.443512,0.9814534483393748
2023-10-30,135.037506,411.302856,0.9831670228336112
2023-10-31,136.649078,413.885956,0.98482353971278
2023-11-01,136.531143,418.299957,0.9880895649604048
2023-11-02,138.968155,426.316406,0.9852500433678733
2023-11-03,140.520767,430.205841,0.978408543098648
2023-11-06,141.582031,431.195526,0.9670367305106604
2023-11-07,141.513245,432.422729,0.9556079865722522
2023-11-08,142.210938,432.739441,0.9530820991176238
2023-11-09,141.788391,429.364624,0.9510016123911188
2023-11-10,143.891281,436.064789,0.9513752249759364
2023-11-13,143.252563,435.649109,0.9497786321712144
2023-11-14,145.86644,444.101013,0.9457931629390164
2023-11-15,147.143921,445.041199,0.9425439423904924
2023-11-16,148.824265,445.585541,0.939079993479551
2023-11-17,150.170517,446.139771,0.9335022971681124
2023-11-20,150.632355,449.573975,0.9275859033603236
2023-11-21,150.317902,448.594177,0.920243287779968
2023-11-22,150.671661,450.326111,0.9060548805057814
2023-11-24,150.878021,450.60321,0.8976095039497707
2023-11-27,150.534103,449.791687,0.8933906730946671
2023-11-28,150.878021,450.237061,0.8866575446389384
2023-11-29,151.644516,449.920319,0.8768248683765377
2023-11-30,153.373993,451.691895,0.8753746717998223
2023-12-01,154.120804,454.364044,0.8679739136973307
2023-12-04,155.25087,451.978882,0.8635868040694786
2023-12-05,155.231216,451.889832,0.8551530198743535
2023-12-06,153.600006,450.068817,0.8451325572332846
2023-12-07,154.071671,453.503021,0.8283931758965153
2023-12-08,155.771683,455.452698,0.8129361827831861
2023-12-11,156.341644,457.224243,0.795852247534658
2023-12-12,157.73703,459.312439,0.7803867620629344
2023-12-13,158.267639,465.646454,0.7751388855144764
2023-12-14,161.146866,467.140869,0.79003660685354
2023-12-15,162.365341,466.371704,0.8040155741126052
2023-12-18,163.348007,468.995087,0.8173496897553089
2023-12-19,165.529526,471.847015,0.8265614945774593
2023-12-20,163.66246,465.308472,0.825980632896448
2023-12-21,164.595993,469.72049,0.8147332662600744
2023-12-22,164.497726,470.66449,0.829543882308777
2023-12-26,165.470566,472.651886,0.8413362258085177
2023-12-27,166.463043,473.5065,0.8490402422360223
2023-12-28,167.347458,473.685333,0.8562751150140185
2023-12-29,167.150925,472.314026,0.8596106759969215
2024-01-02,169.096588,469.670776,0.8616912402968556
2024-01-03,168.359604,465.835144,0.8741841774900591
2024-01-04,169.476852,464.334625,0.8854158365856435
2024-01-05,170.327148,464.970642,0.893466830608105
2024-01-08,170.079987,471.608521,0.9120345889782442
2024-01-09,168.735321,470.893066,0.9247594885873872
2024-01-10,169.091263,473.556152,0.9317206176303252
2024-01-11,168.379379,473.347504,0.9364207305478558
2024-01-12,167.143463,473.675385,0.9423057318022192
2024-01-16,166.095428,471.936401,0.9442424179384452
2024-01-17,165.205566,469.31308,0.9450567223587372
2024-01-18,165.53186,473.486603,0.9439281016167494
2024-01-19,168.389252,479.38916,0.9410411519628252
2024-01-22,168.191513,480.40274,0.9416732472318132
2024-01-23,167.084152,481.803833,0.9440113962912956
2024-01-24,168.577118,482.330505,0.9448959231384546
2024-01-25,170.989594,484.953857,0.9459603599225932
2024-01-26,170.337051,484.337769,0.9471908966084016
2024-01-29,170.781967,488.173401,0.9472544964207592
2024-01-30,174.282059,487.795837,0.9484409385213812
2024-01-31,172.393585,479.836304,0.9520354499317206
2024-02-01,171.770691,486.116516,0.9648489498021556
2024-02-02,172.759415,491.234039,0.964683453591237
2024-02-05,172.532013,489.445374,0.9635424260092312
2024-02-06,173.125244,490.866364,0.9563506824141907
2024-02-07,173.451508,494.960388,0.9542307436310714
2024-02-08,172.828629,495.179016,0.9511057763230364
2024-02-09,173.036255,498.040863,0.9493760800558818
2024-02-12,173.807449,497.822235,0.9468362810558516
2024-02-13,172.294708,490.965698,0.947060796929566
2024-02-14,174.044739,495.427429,0.9319198270140606
2024-02-15,177.841446,498.845764,0.926641396427908
2024-02-16,177.01091,496.361511,0.9244389722960022
2024-02-20,177.703018,493.628845,0.9223547441158622
2024-02-21,178.859833,494.075958,0.9214562469512092
2024-02-22,181.005356,504.301117,0.8871129423564914
2024-02-23,181.914993,504.648926,0.8563371644015829
2024-02-26,181.292084,502.800629,0.8373118856383678
2024-02-27,181.381073,503.734711,0.8104337489652578
2024-02-28,182.300583,503.06897,0.7761311246314592
2024-02-29,183.961624,504.877472,0.7581711328208183
2024-03-01,183.200302,509.617371,0.7483571048203614
2024-03-04,184.574631,509.070862,0.7391777179793063
2024-03-05,186.423553,503.983154,0.7214813843825623
2024-03-06,187.392502,506.536957,0.709702088808521
2024-03-07,185.751221,511.565033,0.7076019431102157
2024-03-08,186.097275,508.494537,0.717183517617592
2024-03-11,186.166473,508.057312,0.7151622311058621
2024-03-12,187.699005,513.522705,0.7193272389513626
2024-03-13,189.221634,512.717712,0.73755105083096
2024-03-14,185.850082,511.704193,0.7499276874417324
2024-03-15,188.153824,508.190521,0.7707069585774723
2024-03-18,190.487213,511.210754,0.7804067645449035
2024-03-19,191.604462,514.051636,0.7963874793190026
2024-03-20,194.115814,518.806274,0.8110663738206763
2024-03-21,196.815018,520.520752,0.8267791750063727
2024-03-22,194.402542,519.533936,0.8062021526735907
2024-03-25,192.622849,518.098572,0.8083767421329254
2024-03-26,193.522568,517.141663,0.8101625248750621
2024-03-27,197.269836,521.48761,0.8093412149844229
2024-03-28,198.041046,521.387939,0.8128939696221231
2024-04-01,196.696381,520.480835,0.8128528177376737
2024-04-02,196.617279,517.17157,0.8126844353522233
2024-04-03,196.063599,517.739685,0.8148256092096561
2024-04-04,194.571854,511.420105,0.8203224765126776
2024-04-05,196.361938,516.762878,0.8281674008340055
2024-04-08,197.386261,517.05188,0.8302468664707097
2024-04-09,196.063583,517.650024,0.8198328059233286
2024-04-10,194.392853,512.466736,0.8087530111881038
2024-04-11,194.353058,516.334229,0.8128516462531571
2024-04-12,181.782715,509.207245,0.8130818288855173
2024-04-15,181.882172,502.82785,0.7994646686190434
2024-04-16,179.803696,501.910797,0.7352348375058986
2024-04-17,179.087662,498.940369,0.68685342480097
2024-04-18,180.251205,497.913666,0.6255924867823548
2024-04-19,184.776138,493.567688,0.5488068660795611
2024-04-22,188.366241,498.113037,0.4675133669119158
2024-04-23,191.081192,504.023956,0.4237212375008801
2024-04-24,192.016022,503.784729,0.3784903225987643
2024-04-25,192.304413,501.870911,0.3621360691468273
2024-04-26,192.423767,506.62558,0.3357936453450621
2024-04-29,192.21492,508.419769,0.3043719590712039
2024-04-30,190.683411,500.365784,0.2857586250273088
2024-05-01,190.80275,498.741028,0.2503578543673209
2024-05-02,190.603851,503.405945,0.2216968719035282
2024-05-03,189.460175,509.645844,0.2256131863563437
2024-05-06,190.941971,514.908875,0.2310497302870892
2024-05-07,190.693344,515.477051,0.2416656790595496
2024-05-08,194.571854,515.526855,0.2454689018699756
2024-05-09,196.411667,518.497253,0.2934713470231285
2024-05-10,197.674667,519.165161,0.3627883231749185
2024-05-13,197.634888,519.234863,0.4118327154572681
2024-05-14,200.399567,521.617188,0.4432917900206851
2024-05-15,200.996262,528.076416,0.518826729676182
