Date,XOM,SPY,IC
2020-01-02,56.539871,303.135559,0.4591707011685951
2020-01-03,56.085304,300.840179,0.5407791530810335
2020-01-06,56.515934,301.987946,0.5868029168350527
2020-01-07,56.053417,301.138763,0.6508561924957262
2020-01-08,55.208107,302.743713,0.7177012307032665
2020-01-09,55.630756,304.796509,0.7938789232930495
2020-01-10,55.136333,303.919342,0.830971809539176
2020-01-13,55.662655,306.009521,0.8657295602651832
2020-01-14,55.184185,305.542999,0.8954344470239355
2020-01-15,55.096462,306.233582,0.9163394688263434
2020-01-16,54.881149,308.780853,0.9343432379194228
2020-01-17,54.673805,309.741943,0.945683111210568
2020-01-21,53.892292,309.135437,0.9560656158806028
2020-01-22,53.581287,309.172668,0.9626988839040692
2020-01-23,53.246346,309.527313,0.9678953304780832
2020-01-24,52.887497,306.774597,0.9722093892366658
2020-01-27,51.627514,301.857269,0.9765926195294536
2020-01-28,51.555733,305.020477,0.9806392309153038
2020-01-29,51.125114,304.768494,0.9832352023332352
2020-01-30,51.667385,305.757538,0.9857746461584356
2020-01-31,49.538162,300.205688,0.988130124360724
2020-02-03,48.429695,302.435822,0.990444293352231
2020-02-04,47.823631,307.045258,0.9909523153490696
2020-02-05,50.02462,310.591064,0.9898788771314164
2020-02-06,49.346779,311.636108,0.989513561000248
2020-02-07,49.019817,309.975189,0.9893639165697776
2020-02-10,48.502117,312.289307,0.989293658211454
2020-02-11,48.963188,312.830505,0.9887812617973524
2020-02-12,49.56179,314.845978,0.9879036471385036
2020-02-13,49.286762,314.510101,0.9870233343222078
2020-02-14,49.060265,315.013947,0.9840530764741888
2020-02-18,48.437405,314.202148,0.980145039182686
2020-02-19,48.809505,315.704437,0.9726304266949564
2020-02-20,48.42123,314.407471,0.9671024986139278
2020-02-21,47.830727,311.169525,0.9590372623778022
2020-02-24,45.590046,300.849487,0.9522587627597258
2020-02-25,43.842812,291.733154,0.9457235089933792
2020-02-26,42.880207,290.660034,0.941921682384043
2020-02-27,40.299793,277.606049,0.9368411654263408
2020-02-28,41.610222,276.439636,0.934437696404229
2020-03-02,43.583954,288.411316,0.9386080092948744
2020-03-03,41.496967,280.153442,0.9403791056685118
2020-03-04,42.402946,291.929016,0.9443340260907368
2020-03-05,40.534374,282.224854,0.9393806479255826
2020-03-06,38.576813,277.559357,0.938357617811506
2020-03-09,33.860889,255.883514,0.9368755789453016
2020-03-10,35.114689,269.124176,0.9381394325015886
2020-03-11,33.957954,256.004791,0.9392624282239675
2020-03-12,30.075197,231.510986,0.9418746481675648
2020-03-13,30.835573,251.302017,0.9437368908564008
2020-03-16,27.899233,223.803604,0.9489274570786204
2020-03-17,29.775906,235.887207,0.9456191560702348
2020-03-18,26.791027,223.943558,0.9439822365791872
2020-03-19,27.8507,224.419403,0.9387982299216544
2020-03-20,26.483644,214.74823,0.9358039520801916
2020-03-23,25.440157,209.257538,0.9253350078111536
2020-03-24,28.6677,228.216934,0.9056564418377996
2020-03-25,30.164175,231.633392,0.8944389545256755
2020-03-26,31.401808,245.158432,0.8865224145943527
2020-03-27,29.889153,237.856201,0.8869130715313325
2020-03-30,30.334044,245.58078,0.8815448112220209
2020-03-31,30.714231,241.920288,0.8793363890507256
2020-04-01,30.358313,231.032669,0.8715842792634061
2020-04-02,32.679886,236.363876,0.8533626333072668
2020-04-03,31.717278,232.947418,0.8656210792750157
2020-04-06,32.7365,248.593613,0.8760448787893984
2020-04-07,33.359364,248.847061,0.8822319941690621
2020-04-08,35.470612,257.200439,0.9001166085168899
2020-04-09,34.888199,261.11438,0.9262283321137308
2020-04-13,34.588898,258.730316,0.9367716177171348
2020-04-14,34.32196,266.361084,0.9427340362974254
2020-04-15,32.744591,260.701324,0.9419770463512994
2020-04-16,31.668739,261.959015,0.9402113732473464
2020-04-17,34.961006,269.036041,0.9426252770263212
2020-04-20,33.310825,264.296112,0.9409084355543736
2020-04-21,33.13287,256.271179,0.932559182714238
2020-04-22,34.079288,261.959015,0.9210069147758574
2020-04-23,35.147053,261.940277,0.906913392947547
2020-04-24,35.373539,265.5914,0.8963896759239843
2020-04-27,35.543411,269.420837,0.8849180477562175
2020-04-28,36.376587,268.181976,0.8702642747584176
2020-04-29,38.390766,275.202484,0.8590711384104432
2020-04-30,37.589947,272.640167,0.8581130988684803
2020-05-01,34.896286,265.422516,0.8528482264809246
2020-05-04,36.303787,266.154602,0.8308096751378751
2020-05-05,36.263348,268.613708,0.8036295926507998
2020-05-06,35.583855,266.792877,0.7741070496962076
2020-05-07,35.786087,270.012085,0.728090200155871
2020-05-08,37.355366,274.479767,0.6782804984133449
2020-05-11,36.999451,274.536133,0.633189024069077
2020-05-12,36.381001,269.064209,0.5712114394572951
2020-05-13,34.575146,264.305542,0.518179888879353
2020-05-14,34.880241,267.468567,0.4459369563834856
2020-05-15,34.632866,268.69809,0.3760334922216973
2020-05-18,37.387005,276.882538,0.2899802714857511
2020-05-19,36.232574,274.038666,0.2589329546659255
2020-05-20,37.411743,278.69397,0.1919150059928582
2020-05-21,36.743816,276.769958,0.125868112077102
2020-05-22,36.776802,277.295593,0.0823133160015093
2020-05-26,37.857025,280.712006,0.0185444344923659
2020-05-27,38.129143,284.888702,-0.0072644384878193
2020-05-28,37.139629,284.363129,-0.0244296074707104
2020-05-29,37.494198,285.630249,-0.0533321287808348
2020-06-01,38.162121,286.784637,-0.0756298664897787
2020-06-02,39.011452,289.159302,-0.0890185232571764
2020-06-03,40.602917,293.007477,-0.1107808235181822
2020-06-04,40.487469,292.237823,-0.1329634865951825
2020-06-05,43.769356,299.727722,-0.1504305551427784
2020-06-08,45.138172,303.350739,-0.201980358073107
2020-06-09,44.13216,301.088623,-0.3240988743992758
2020-06-10,41.765594,299.40863,-0.449967168464824
2020-06-11,38.079662,282.148041,-0.5401448550919987
2020-06-12,38.896004,285.526886,-0.4829724357864209
2020-06-15,38.871269,288.192505,-0.4054331736560761
2020-06-16,39.745331,293.739532,-0.3163165633747942
2020-06-17,38.450737,292.51944,-0.2857163214684441
2020-06-18,38.689857,292.63205,-0.2395750131019317
2020-06-19,37.914734,290.959717,-0.2018157098590347
2020-06-22,38.277573,292.826202,-0.1678005503542309
2020-06-23,38.508453,294.174286,-0.1391739606197803
2020-06-24,36.694355,286.670258,-0.1260285483240867
2020-06-25,37.246826,289.743561,-0.1486111762491263
2020-06-26,35.968708,282.861755,-0.1013731362069078
2020-06-29,36.545918,287.019104,-0.177151106047863
2020-06-30,36.875763,290.695709,-0.2485660735505422
2020-07-01,36.042919,292.731934,-0.3003775336551593
2020-07-02,36.348026,294.344025,-0.3505610562816772
2020-07-06,36.603642,298.887878,-0.3963008793357155
2020-07-07,35.655361,295.805298,-0.4475566792292059
2020-07-08,35.572903,298.06778,-0.5270461217661879
2020-07-09,34.105129,296.37088,-0.5572889181750507
2020-07-10,35.168842,299.396942,-0.637491336541778
2020-07-13,35.177097,296.804474,-0.6069142274761141
2020-07-14,36.339771,300.650787,-0.6204705502759481
2020-07-15,36.801544,303.412964,-0.552583864804632
2020-07-16,36.512939,302.413605,-0.488737788139086
2020-07-17,35.886253,303.290405,-0.4561976408165744
2020-07-20,35.045174,305.741425,-0.4424234257579403
2020-07-21,36.818043,306.391968,-0.4425250970366313
2020-07-22,35.960461,308.135956,-0.4069621618243761
2020-07-23,36.034679,304.459381,-0.358331540658221
2020-07-24,35.812038,302.498505,-0.2739051751094767
2020-07-27,36.339771,304.704498,-0.2007333998463291
2020-07-28,35.910984,302.771851,-0.0539029585721592
2020-07-29,36.306786,306.495605,0.0750727273915903
2020-07-30,34.525669,305.402069,0.1608712586204291
2020-07-31,34.698833,307.815399,0.191567301347034
2020-08-03,34.839016,309.955414,0.2332659694018793
2020-08-04,35.845024,311.152649,0.2595104382879296
2020-08-05,36.158363,313.085175,0.2817967913247303
2020-08-06,35.985199,315.178009,0.3219293951119808
2020-08-07,35.820282,315.404297,0.3206019247389393
2020-08-10,36.702595,316.346985,0.3452661733420322
2020-08-11,37.081905,313.735657,0.3444541249549975
2020-08-12,37.073494,318.109894,0.3739239900185512
2020-08-13,36.165359,317.53479,0.3581649960879851
2020-08-14,36.32513,317.544189,0.3175229662690005
2020-08-17,35.854256,318.552948,0.2952229004135274
2020-08-18,35.67767,319.241119,0.2800463940783034
2020-08-19,35.282463,317.911926,0.2712043929461112
2020-08-20,34.744316,318.901703,0.2710697971804559
2020-08-21,34.48365,320.03302,0.2803027175619964
2020-08-24,35.501087,323.275909,0.2813737839977989
2020-08-25,34.374348,324.407135,0.2689663983565353
2020-08-26,33.642792,327.659546,0.2534977833104287
2020-08-27,33.41576,328.376038,0.2106056476931739
2020-08-28,34.214584,330.497131,0.177001578207532
2020-08-31,33.583931,329.299835,0.1176723457691977
2020-09-01,33.155094,332.401367,0.1275103995199489
2020-09-02,32.953281,337.20929,0.0784500355104816
2020-09-03,32.886017,325.604523,-0.0010897057590236
2020-09-04,32.860798,322.946014,-0.0420392230924726
2020-09-08,32.104019,314.122131,-0.0787323925112482
2020-09-09,31.910622,320.325226,-0.0629106032329313
2020-09-10,31.111803,314.763214,-0.1093583171837317
2020-09-11,31.027718,314.923553,-0.1241283638699048
2020-09-14,30.825914,319.07135,-0.0047112424116788
2020-09-15,30.497974,320.683533,0.100460362561966
2020-09-16,31.792896,319.410858,0.1850666102946533
2020-09-17,31.784491,316.601501,0.2426337348414131
2020-09-18,31.271563,312.956512,0.3562762463539236
2020-09-21,30.632515,309.473511,0.5191027332756983
2020-09-22,29.875736,312.625305,0.6357849767400797
2020-09-23,28.917162,305.375214,0.6848622630158802
2020-09-24,28.858295,306.189209,0.7316437130202019
2020-09-25,29.127373,311.139313,0.7700488011651259
2020-09-28,29.690752,316.307159,0.7934401649413021
2020-09-29,28.824663,314.584595,0.8141846919885953
2020-09-30,28.866713,316.969727,0.8330938418646169
2020-10-01,27.857677,319.004639,0.8498440440969409
2020-10-02,27.731544,315.975922,0.8533573897449666
2020-10-05,28.370605,321.579102,0.8572787428058747
2020-10-06,28.076296,317.007568,0.8654704263624263
2020-10-07,28.168797,322.525574,0.8728670696192422
2020-10-08,29.648712,325.384033,0.8808334681234823
2020-10-09,29.211466,328.289764,0.8886450601282414
2020-10-12,29.118967,333.571106,0.8951354892866327
2020-10-13,28.774214,331.394196,0.899957374634112
2020-10-14,28.715353,329.311951,0.8989403169209159
2020-10-15,28.967613,328.904938,0.8974241221442099
2020-10-16,28.673315,328.706238,0.8980792554079768
2020-10-19,28.10153,323.70871,0.9025415769287194
2020-10-20,28.336969,325.005402,0.9034465759794624
2020-10-21,27.882904,324.390198,0.9059829280447386
2020-10-22,29.312363,326.169495,0.9071976788229618
2020-10-23,28.723759,327.276947,0.9075893240985838
2020-10-26,28.042664,321.228912,0.9077706629805228
2020-10-27,27.597012,320.12149,0.9050580004392887
2020-10-28,26.545937,309.180084,0.9004943578849474
2020-10-29,27.723141,312.322449,0.8910895639832398
2020-10-30,27.428841,309.066528,0.8842048590194173
2020-11-02,28.580818,312.53067,0.8815170048707014
2020-11-03,28.093121,318.048676,0.8877534058228566
2020-11-04,27.941763,325.156891,0.8847960187357655
2020-11-05,27.891308,331.498322,0.8704899554206471
2020-11-06,27.563377,331.422607,0.8617811583546083
2020-11-09,31.052942,335.587097,0.8528907491357965
2020-11-10,31.741869,335.094971,0.853724438776243
2020-11-11,31.414616,337.584259,0.85836660662101
2020-11-12,30.33819,334.309357,0.8605713978718654
2020-11-13,31.070169,338.937744,0.8562290109058163
2020-11-16,32.861347,343.168549,0.846207604867631
2020-11-17,33.300537,341.322845,0.8448722596385989
2020-11-18,32.043262,337.215118,0.847296138831599
2020-11-19,32.206886,338.634796,0.852487805488078
2020-11-20,31.810751,336.315918,0.8506812068263748
2020-11-23,33.894726,338.332031,0.8410877709645546
2020-11-24,36.150928,343.783722,0.8385257347839485
2020-11-25,35.143391,343.253754,0.8380825950347747
2020-11-27,34.609474,344.209686,0.836934632828626
2020-11-30,32.835514,342.685822,0.8331333298967624
2020-12-01,33.15414,346.433838,0.8122482405368628
2020-12-02,34.394192,347.16272,0.8041653537582147
2020-12-03,34.626694,347.068115,0.7915206664198415
2020-12-04,35.892586,350.05896,0.7882509457126022
2020-12-07,35.220898,349.339569,0.7947050059869943
2020-12-08,36.374825,350.361908,0.8073410807847378
2020-12-09,36.857075,347.219513,0.8278766893676031
2020-12-10,37.899055,347.105957,0.8442136824850367
2020-12-11,37.71822,346.698883,0.8668183603547275
2020-12-14,36.357605,345.146698,0.8838535429584677
2020-12-15,37.063747,349.812744,0.8935624506428598
2020-12-16,37.632114,350.361908,0.9020432441200446
2020-12-17,37.44265,352.321106,0.9109691704480888
2020-12-18,36.796795,350.914307,0.9145185447105676
2020-12-21,36.125095,349.659576,0.9152535725753356
2020-12-22,35.513683,349.070221,0.8991718579511758
2020-12-23,35.970089,349.383942,0.880934181947716
2020-12-24,35.823696,350.743225,0.8749472754200582
2020-12-28,35.944256,353.756409,0.8287122709839322
2020-12-29,35.539513,353.081451,0.7852890632881306
2020-12-30,35.823696,353.585236,0.7744022688944517
2020-12-31,35.49646,355.381744,0.7509619054686587
2021-01-04,35.737572,350.543579,0.696300252276245
2021-01-05,37.459869,352.957947,0.5565404688701678
2021-01-06,38.415745,355.068115,0.482870097152373
2021-01-07,38.717155,360.343506,0.4032756557338001
2021-01-08,39.147724,362.396637,0.3960410530942977
2021-01-11,40.336102,359.953796,0.413880513020995
2021-01-12,41.231689,360.029755,0.442887259393059
2021-01-13,41.696712,360.999329,0.4718932418718044
2021-01-14,43.324284,359.735138,0.4985318437058986
2021-01-15,41.240299,357.111664,0.517647805470856
2021-01-19,42.058395,359.915771,0.5252918711457664
2021-01-20,42.652592,364.896545,0.5207856264086094
2021-01-21,41.42976,365.229218,0.522287993771395
2021-01-22,40.844181,363.936432,0.5234824904116766
2021-01-25,40.387772,365.371765,0.5178281206963589
2021-01-26,39.50079,364.801453,0.517208793910527
2021-01-27,39.053001,355.885559,0.516519088917644
2021-01-28,39.664406,358.946259,0.4761049269209578
2021-01-29,38.613811,351.760284,0.440272945443739
2021-02-01,38.682701,357.615479,0.3379346691641532
2021-02-02,39.294117,362.672241,0.2276229493435402
2021-02-03,40.835567,362.957428,0.1640015908751237
2021-02-04,41.619221,367.082611,0.0885027022758877
2021-02-05,43.014271,368.527496,0.0500017959271375
2021-02-08,44.865734,371.188995,0.028672940335437
2021-02-09,44.340271,370.941833,0.0148644409035699
2021-02-10,44.769398,370.780243,-0.0092019958357667
2021-02-11,43.648422,371.379059,-0.0441914192609571
2021-02-12,44.243938,373.213623,-0.08265807249217
2021-02-16,45.575108,372.890381,-0.0835810723273888
2021-02-17,46.284481,372.975983,-0.0925525512608722
2021-02-18,45.55759,371.388519,-0.1109220003027526
2021-02-19,45.864109,370.732727,-0.1539565826134832
2021-02-22,47.554352,367.881165,-0.2261768648820089
2021-02-23,48.211182,368.32785,-0.2829627481318516
2021-02-24,49.656204,372.386597,-0.3371228501958295
2021-02-25,48.832973,363.413666,-0.3623052574024037
2021-02-26,47.61565,361.541138,-0.4149789392727389
2021-03-01,49.393471,370.304962,-0.5021552662991043
2021-03-02,49.104465,367.415405,-0.4921541773755013
2021-03-03,49.498558,362.548737,-0.4750560289974759
2021-03-04,51.416492,358.062225,-0.506011758914387
2021-03-05,53.360718,364.649414,-0.4664271911446119
2021-03-08,53.308167,362.833862,-0.3872689758961131
2021-03-09,52.484943,368.014221,-0.2593553241759873
2021-03-10,54.096359,370.304962,-0.1343988310968132
2021-03-11,53.693501,374.05954,0.0422864198859428
2021-03-12,54.271511,374.563324,0.1638061090618916
2021-03-15,52.887794,376.797058,0.2701889226095578
2021-03-16,51.7668,376.321808,0.3049749640957902
2021-03-17,51.994503,377.605011,0.3388903114957608
2021-03-18,49.752533,372.111023,0.3929372835520072
2021-03-19,49.472286,371.422455,0.4016042526753919
2021-03-22,48.964344,374.388245,0.394175220567581
2021-03-23,48.360058,371.441559,0.3746142093883096
2021-03-24,49.340923,369.553314,0.3434016628564976
2021-03-25,49.200794,371.632294,0.3333825527423466
2021-03-26,50.540733,377.621094,0.3268658021074093
2021-03-29,50.269241,377.430328,0.3424179313091621
2021-03-30,49.647442,376.428986,0.3596851974524659
2021-03-31,48.894283,377.954895,0.3588465036101618
2021-04-01,50.260487,382.036407,0.3237831759857795
2021-04-05,49.481049,387.519836,0.3514737347175002
2021-04-06,49.340923,387.291016,0.3555418687620088
2021-04-07,49.559864,387.739136,0.3433987327789087
2021-04-08,49.043159,389.579681,0.3569040885747463
2021-04-09,48.929306,392.411926,0.3497579799257539
2021-04-12,48.605282,392.555084,0.3612046006804257
2021-04-13,48.789192,393.718384,0.3638209609356624
2021-04-14,50.199181,392.37384,0.3848176864086129
2021-04-15,49.901413,396.588928,0.4005268703203224
2021-04-16,49.621166,397.914459,0.4292470786540789
2021-04-19,49.463535,395.959534,0.4810345881993459
2021-04-20,48.42136,393.060455,0.4935268850747943
2021-04-21,49.043159,396.779663,0.4713052565062099
2021-04-22,48.403854,393.155823,0.4654639146941942
2021-04-23,48.666573,397.418549,0.4387389363859295
2021-04-26,48.762913,398.248199,0.4792408640055566
2021-04-27,49.402225,398.162445,0.530762894686526
2021-04-28,50.891033,398.047974,0.5894028329191063
2021-04-29,51.617928,400.584625,0.6324255765235614
2021-04-30,50.129116,397.952606,0.6631001492042583
2021-05-03,51.512833,398.810913,0.6858624639910256
2021-05-04,51.836864,396.350494,0.7056286769630133
2021-05-05,53.395737,396.474487,0.7066807819699703
2021-05-06,53.903679,399.640594,0.6987205543480793
2021-05-07,54.674362,402.549133,0.6559542327805572
2021-05-10,54.805729,398.562958,0.5847866211078745
2021-05-11,53.06295,395.005798,0.5424357165947361
2021-05-12,53.347279,386.613892,0.4967640613162636
2021-05-13,52.689766,391.258118,0.4522310101050819
2021-05-14,53.995903,397.265991,0.3873254571283852
2021-05-17,55.257614,396.255127,0.3121029849348842
2021-05-18,53.693806,392.841125,0.2636297596109412
2021-05-19,52.40543,391.811188,0.1821803773918544
2021-05-20,52.281044,396.026306,0.111504132656472
2021-05-21,52.352127,395.702026,0.0106935819400618
2021-05-24,52.96521,399.735901,-0.0840645356653124
2021-05-25,51.765694,398.84906,-0.1611148162705408
2021-05-26,52.369896,399.640594,-0.27609381378069
2021-05-27,52.032257,399.850372,-0.3464077084792611
2021-05-28,51.863434,400.565582,-0.4247450486243455
2021-06-01,53.720455,400.212769,-0.4966264359006577
2021-06-02,54.146954,400.842102,-0.5284732764829367
2021-06-03,54.360203,399.354492,-0.5607481523140397
2021-06-04,54.600098,403.006836,-0.5900166018335392
2021-06-07,54.24469,402.615906,-0.60594348875612
2021-06-08,55.204304,402.701721,-0.6303914485796925
2021-06-09,55.66634,402.100983,-0.6443389194854345
2021-06-10,55.755192,403.970032,-0.647407206153389
2021-06-11,55.239838,404.637634,-0.6521452722280283
2021-06-14,55.150993,405.543579,-0.651888602754697
2021-06-15,57.159073,404.799683,-0.6486752260033377
2021-06-16,56.954712,402.539581,-0.6323725987861394
2021-06-17,55.07991,402.406067,-0.614286370195369
2021-06-18,53.667149,396.977478,-0.6211712149256132
2021-06-21,55.613029,402.660553,-0.6764111694884158
2021-06-22,56.679268,404.813324,-0.6617848522981459
2021-06-23,57.096867,404.325348,-0.6262327163245275
2021-06-24,57.327888,406.717255,-0.6011913863542809
2021-06-25,57.452282,408.161926,-0.573771983441355
2021-06-28,55.986198,408.984802,-0.5388221674653634
2021-06-29,55.639683,409.204834,-0.5093548803995921
2021-06-30,56.048409,409.549225,-0.4834233944595964
2021-07-01,56.20834,411.816742,-0.4320318625251246
2021-07-02,56.128372,414.964508,-0.3968848501416374
2021-07-06,54.529018,414.208618,-0.3978429478435017
2021-07-07,53.676033,415.672455,-0.4046761411713282
2021-07-08,53.436123,412.285583,-0.3966178963347633
2021-07-09,54.404625,416.686646,-0.3749645082967172
2021-07-12,54.351318,418.179199,-0.3692279293300016
2021-07-13,54.093639,416.753632,-0.3787046755874141
2021-07-14,52.894131,417.375488,-0.364654569714864
2021-07-15,52.378777,415.949982,-0.3406305946646332
2021-07-16,50.930481,412.687378,-0.3061571501012957
2021-07-19,49.180073,406.592926,-0.2928930815616949
2021-07-20,49.722076,412.419556,-0.3992029958661395
2021-07-21,51.321434,415.758606,-0.4600849947178865
2021-07-22,50.743889,416.629242,-0.4364440438541612
2021-07-23,50.681694,420.915558,-0.3338106010251246
2021-07-26,51.96117,421.948792,-0.2356764102841856
2021-07-27,51.383629,420.025757,-0.2063993541788462
2021-07-28,51.730152,419.853485,-0.1785566073031128
2021-07-29,52.361012,421.594818,-0.1347297192751522
2021-07-30,51.152615,419.547394,-0.1020431112217151
2021-08-02,51.161499,418.667145,-0.2036616418014853
2021-08-03,51.712387,422.073242,-0.2748628839467246
2021-08-04,50.503979,419.997009,-0.3449267782155713
2021-08-05,50.823853,422.656891,-0.4108039709007327
2021-08-06,51.410286,423.355255,-0.5047919026074297
2021-08-09,50.823853,423.010803,-0.5451600531409281
2021-08-10,51.694611,423.537018,-0.5677229117641307
2021-08-11,51.845665,424.589508,-0.5688325731003938
2021-08-12,51.728405,425.861908,-0.5705074082932666
2021-08-13,51.205257,426.636902,-0.5931234491992676
2021-08-16,50.456615,427.64151,-0.6150511335492763
2021-08-17,50.113865,424.838226,-0.6266098806067466
2021-08-18,49.058548,420.188385,-0.5975868275519567
2021-08-19,47.561268,420.838959,-0.5624877925101162
2021-08-20,47.570301,424.187622,-0.5385072155483367
2021-08-23,49.527584,427.918976,-0.4611807285202224
2021-08-24,49.933475,428.598297,-0.3581363097367437
2021-08-25,50.023666,429.497589,-0.2773624691731074
2021-08-26,49.347187,426.962189,-0.2020213981219136
2021-08-27,50.303284,430.779694,-0.112316440882584
2021-08-30,49.753078,432.674072,-0.0096281402894871
2021-08-31,49.175812,432.03302,0.0621244305107487
2021-09-01,48.499336,432.262665,0.148248175643644
2021-09-02,49.68092,433.592499,0.2362513474988131
2021-09-03,49.491501,433.487244,0.3249556427958455
2021-09-07,49.202869,431.937347,0.4022968162509634
2021-09-08,48.751881,431.411163,0.4613106052414626
2021-09-09,48.787956,429.564606,0.5222425521701421
2021-09-10,48.688747,426.177734,0.5762388463526219
2021-09-13,49.942493,427.268372,0.6196745001070454
2021-09-14,49.229931,424.962585,0.6588093226149134
2021-09-15,50.889561,428.512177,0.6851624989998408
2021-09-16,50.348381,427.832916,0.7115620169935167
2021-09-17,49.753078,423.665283,0.7374011492947914
2021-09-20,48.427166,416.601074,0.759827682008338
2021-09-21,48.382072,416.20752,0.7765041345044992
2021-09-22,49.798176,420.267548,0.798195678262529
2021-09-23,51.484875,425.373779,0.8263114540706131
2021-09-24,51.944881,426.074493,0.8174111074956378
2021-09-27,53.487263,424.85556,0.8278442244990523
2021-09-28,54.046486,416.293915,0.8345042305800463
2021-09-29,54.010418,416.994598,0.8242764754826107
2021-09-30,53.054314,411.897919,0.8014893357308094
2021-10-01,54.957493,416.792999,0.7596853384703677
2021-10-04,55.670052,411.41803,0.7165882822690042
2021-10-05,55.579857,415.698822,0.7042731997993557
2021-10-06,54.560623,417.426483,0.6885719918822852
2021-10-07,54.713947,421.0354,0.6585640178437676
2021-10-08,56.084961,420.267548,0.6251241616339519
2021-10-11,55.525734,417.224915,0.603768682858881
2021-10-12,55.237099,416.197968,0.567774266267529
2021-10-13,55.083767,417.695221,0.5234255249383548
2021-10-14,55.922604,424.7211,0.4590023314916269
2021-10-15,56.454773,427.955688,0.4039850421642952
2021-10-18,56.427704,429.222656,0.3780525646586258
2021-10-19,57.27557,432.534088,0.3105362675526883
2021-10-20,57.591259,434.232971,0.2984384062393111
2021-10-21,56.544968,435.36554,0.316018721705034
2021-10-22,56.932812,434.914459,0.3441190009418185
2021-10-25,58.042252,437.246796,0.332636420422763
2021-10-26,59.386196,437.64032,0.3294808861898138
2021-10-27,57.843811,435.701508,0.355434529108904
2021-10-28,58.006161,439.905548,0.3432755818270366
2021-10-29,58.150486,440.798187,0.3196799286744039
2021-11-01,59.196785,441.556458,0.283157812496728
2021-11-02,58.466179,443.341675,0.2723310889721002
2021-11-03,57.663422,446.04837,0.2624782422709719
2021-11-04,58.096367,448.150391,0.2924497631168141
2021-11-05,58.646572,449.705292,0.3592183027065309
2021-11-08,59.277958,450.089264,0.3541939014491609
2021-11-09,59.855228,448.601532,0.3360925601057138
2021-11-10,58.676041,444.992584,0.3100553096373267
2021-11-11,58.785728,445.136566,0.2943141316051506
2021-11-12,58.337822,448.495911,0.3061998102139478
2021-11-15,58.840584,448.649445,0.3221437142902772
2021-11-16,59.434738,450.42514,0.2866130153011425
2021-11-17,58.785728,449.330994,0.249722887434575
2021-11-18,58.145863,450.857086,0.1410104309609417
2021-11-19,55.458401,450.050903,0.0199123341109967
2021-11-22,56.22625,448.783844,-0.1006313668226684
2021-11-23,57.707088,449.379028,-0.2134626375889413
2021-11-24,58.027027,450.578735,-0.2963246084189929
2021-11-26,55.988583,440.529419,-0.3895006032533566
2021-11-29,56.299381,445.933228,-0.4659654408382106
2021-11-30,54.699715,437.25647,-0.5242751731928259
2021-12-01,54.653999,432.399719,-0.5792504034457525
2021-12-02,56.016006,439.022461,-0.6307778873099618
2021-12-03,55.659508,435.202454,-0.6349320045971178
2021-12-06,56.290245,440.356659,-0.6407136105021302
2021-12-07,56.920967,449.465332,-0.6681269495985507
2021-12-08,57.085506,450.655518,-0.6712352350335054
2021-12-09,57.231766,447.612885,-0.6750184835595943
2021-12-10,57.597397,451.826508,-0.6760092815272096
2021-12-13,56.335945,447.824066,-0.658921768610587
2021-12-14,56.253677,444.743011,-0.6642557038153245
2021-12-15,56.006866,451.6922,-0.6855417732820035
2021-12-16,56.098278,447.708893,-0.6930125133671486
2021-12-17,54.873383,442.94397,-0.6991985001540467
2021-12-20,54.078121,438.233917,-0.7181792742899111
2021-12-21,55.303013,446.016541,-0.7600079315493968
2021-12-22,55.750916,450.476135,-0.7724798099313358
2021-12-23,55.778343,453.279053,-0.7680194708524956
2021-12-27,56.573612,459.693939,-0.7519374521219196
2021-12-28,56.390785,459.318237,-0.7289667762987206
2021-12-29,55.897179,459.905853,-0.7135268269154518
2021-12-30,55.568096,458.634399,-0.6933512774487098
2021-12-31,55.933743,457.478546,-0.6730507449916966
2022-01-03,58.081867,460.12735,-0.6463770419107258
2022-01-04,60.26656,459.973236,-0.607374045552834
2022-01-05,61.016132,451.140808,-0.5718016702011545
2022-01-06,62.451267,450.716949,-0.584847942667982
2022-01-07,62.963146,448.935059,-0.6031682995270397
2022-01-10,62.588387,448.376373,-0.5873639072747179
2022-01-11,65.220985,452.460358,-0.5729280469928258
2022-01-12,65.02903,453.683594,-0.567795248970045
2022-01-13,64.562828,447.432434,-0.5374702985448832
2022-01-14,65.696312,447.615509,-0.4752331734805314
2022-01-18,66.802383,439.688354,-0.4190116425795498
2022-01-19,66.829803,435.122833,-0.3782617068243658
2022-01-20,66.976059,430.306824,-0.3413459360405984
2022-01-21,65.970551,421.859619,-0.2958386461597796
2022-01-24,66.5373,423.651184,-0.2786215477210051
2022-01-25,68.493469,418.478821,-0.259816388625233
2022-01-26,67.798759,417.429016,-0.2375780864155929
2022-01-27,68.667145,415.367676,-0.2028342773652751
2022-01-28,68.8134,425.683563,-0.2013599169131397
2022-01-31,69.43499,433.350586,-0.1585926926417404
2022-02-01,73.886642,436.278687,-0.0795742463831998
2022-02-02,73.694687,440.516724,-0.0567084721868356
2022-02-03,72.835442,430.162384,-0.0230294225524289
2022-02-04,74.416832,432.185059,0.013098692297484
2022-02-07,75.312645,430.798065,0.0290755292256094
2022-02-08,73.365616,434.342621,0.039178226531745
2022-02-09,73.014412,440.699738,0.0735425023930409
2022-02-10,72.311981,432.782288,0.1251825708677365
2022-02-11,74.132721,424.248352,0.1459752036077416
2022-02-14,72.995941,422.861389,0.142692630408303
2022-02-15,72.08094,429.680786,0.1516337193520316
2022-02-16,72.413658,430.162384,0.1590093719917917
2022-02-17,72.302765,420.973541,0.1672732803417868
2022-02-18,71.498665,418.247681,0.1777393757730628
2022-02-22,70.666855,413.759216,0.1776566965145499
2022-02-23,70.953362,406.419678,0.1407742412240673
2022-02-24,70.05687,412.53595,0.059796423882662
2022-02-25,71.942284,421.638092,0.0105670254271878
2022-02-28,72.478355,420.559326,0.0172872304239432
2022-03-01,73.171532,414.154114,-0.0094945773858733
2022-03-02,74.42849,421.77298,-0.0634984961578222
2022-03-03,74.899849,419.673157,-0.087988410109565
2022-03-04,77.718765,416.263519,-0.1261323170850946
2022-03-07,80.519188,403.992401,-0.170360715555877
2022-03-08,81.129181,400.929443,-0.1652608159350356
2022-03-09,76.517242,411.678711,-0.1942996867851396
2022-03-10,78.892532,409.819763,-0.2795935415644144
2022-03-11,78.48587,404.608826,-0.2548160314262735
2022-03-14,75.676201,401.651825,-0.2474143395744177
2022-03-15,71.369278,410.484314,-0.2951336122787805
2022-03-16,71.10125,419.586517,-0.3677965170660344
2022-03-17,72.995941,424.835968,-0.4397124336988469
2022-03-18,72.709412,429.489044,-0.4954394247130649
2022-03-21,75.971947,429.363464,-0.5218972854619327
2022-03-22,75.639229,434.387604,-0.5547756376232439
2022-03-23,76.83149,428.793396,-0.5801354556729332
2022-03-24,77.062538,435.257172,-0.607907725198125
2022-03-25,78.744659,437.382813,-0.6197249816317836
2022-03-28,76.535736,440.493927,-0.6406490532739005
2022-03-29,76.129066,445.943176,-0.637578982944445
2022-03-30,77.432243,443.189575,-0.61424856455808
2022-03-31,76.332413,436.368317,-0.5740935515440033
2022-04-01,76.82225,437.605072,-0.5447597550275652
2022-04-04,76.859215,441.353821,-0.5168314667030262
2022-04-05,76.4618,435.778931,-0.4688361143088697
2022-04-06,77.312088,431.421417,-0.4306918051819314
2022-04-07,78.606018,433.595337,-0.39597599327661
2022-04-08,80.260384,432.435944,-0.3403488680334127
2022-04-11,77.496941,425.044617,-0.3121890711733205
2022-04-12,79.114349,423.469788,-0.3006146289804451
2022-04-13,80.232658,428.319946,-0.3141949617817518
2022-04-14,81.175392,422.986633,-0.3120044304540923
2022-04-18,81.840836,423.160522,-0.3159989301210615
2022-04-19,81.110695,429.991486,-0.3126226244778927
2022-04-20,81.295532,429.672638,-0.2664933437281709
2022-04-21,80.435989,423.247528,-0.173729000292017
2022-04-22,78.679955,411.633942,-0.1295073319521668
2022-04-25,76.027405,414.020447,-0.0593945604279288
2022-04-26,76.055138,402.03006,0.0503277680314416
2022-04-27,78.227089,403.160461,0.1099751938089089
2022-04-28,80.593109,413.344147,0.1641503432119156
2022-04-29,78.790863,398.068695,0.2273502676685475
2022-05-02,79.862976,400.464813,0.2860203328934129
2022-05-03,81.50811,402.300568,0.3591277568617582
2022-05-04,84.752159,414.551819,0.4159195164489608
2022-05-05,83.467476,399.817474,0.4759079232235432
2022-05-06,84.742935,397.430969,0.5144517998271304
2022-05-09,78.060722,384.706299,0.5308007794802972
2022-05-10,78.5783,385.595184,0.5577574627255807
2022-05-11,80.21418,379.469635,0.5926472584912433
2022-05-12,80.578331,379.073456,0.6090298449505777
2022-05-13,82.968597,388.136292,0.6260541163900369
2022-05-16,84.920029,386.561401,0.6506975535329571
2022-05-17,86.00312,394.513123,0.653262456575335
2022-05-18,84.639923,378.60965,0.667246088492468
2022-05-19,85.097443,376.290833,0.6614416660107791
2022-05-20,85.769691,376.455109,0.6546327521156586
2022-05-23,87.665108,383.498627,0.6371956611340588
2022-05-24,88.141296,380.571075,0.6231119215786813
2022-05-25,89.915329,383.93338,0.6186253384978616
2022-05-26,90.23278,391.604919,0.6148634462384058
2022-05-27,91.119797,401.218414,0.6019803238821821
2022-05-31,89.635216,398.967224,0.5820292667536866
2022-06-01,91.353218,395.740173,0.5863128615215608
2022-06-02,91.194496,403.276459,0.5729639605654235
2022-06-03,92.520348,396.658081,0.555728976712254
2022-06-06,92.286926,397.865784,0.5102746991227295
2022-06-07,96.516594,401.68222,0.4324295282421594
2022-06-08,97.655701,397.315094,0.3370291813073596
2022-06-09,95.54554,387.865753,0.2496274239176884
2022-06-10,93.799515,376.619324,0.2272389038979176
2022-06-13,89.495163,362.319824,0.2820738280837522
2022-06-14,89.728584,361.228058,0.4031564145199168
2022-06-15,88.598816,366.377838,0.5495298027023823
2022-06-16,85.330864,354.252167,0.6419990327868101
2022-06-17,80.410255,355.015839,0.7128645579723853
2022-06-21,85.414886,363.952881,0.7234500722783478
2022-06-22,82.034904,363.292999,0.7853571720897022
2022-06-23,79.560593,366.854187,0.8041437870452551
2022-06-24,81.138542,378.517914,0.7982349897520665
2022-06-27,83.127327,377.072083,0.7763138723702425
2022-06-28,85.433556,369.367401,0.7637259509125044
2022-06-29,82.277664,369.06662,0.7881499640298513
2022-06-30,79.96209,366.068207,0.7663741702306844
2022-07-01,81.745461,369.939972,0.7135709157747075
2022-07-05,79.187103,370.638641,0.6849021955823938
2022-07-06,77.758545,371.890411,0.6422066758658312
2022-07-07,80.242188,377.460236,0.6061325356784301
2022-07-08,80.37291,377.14978,0.5605860922604438
2022-07-11,79.96209,372.84137,0.516087298727893
2022-07-12,78.897659,369.542114,0.4801057276368929
2022-07-13,79.215118,367.601379,0.4289172925180849
2022-07-14,77.627838,366.708649,0.3712330308767493
2022-07-15,78.935028,373.714661,0.2870269331611997
2022-07-18,80.391571,370.628937,0.1884536015430916
2022-07-19,82.417702,380.643005,0.0592452748521469
2022-07-20,83.323402,383.068909,-0.0064591663904258
2022-07-21,81.93219,386.969757,-0.04115374781434
2022-07-22,81.30661,383.379486,-0.0723882825564868
2022-07-25,84.014343,383.845276,-0.1132719244554339
2022-07-26,83.687538,379.303955,-0.0950839406643677
2022-07-27,85.498932,389.153107,-0.0810411675854482
2022-07-28,86.497993,394.033997,0.0650346143546273
2022-07-29,90.503571,399.778503,0.2120992879106996
2022-08-01,88.215996,398.594666,0.2930149069661893
2022-08-02,87.833168,395.964996,0.3243919763349327
2022-08-03,84.985382,402.165588,0.3580493691304188
2022-08-04,81.409332,401.89389,0.4190081286637948
2022-08-05,82.585785,401.214661,0.4644646897337227
2022-08-08,83.052635,400.748901,0.4866047046230731
2022-08-09,84.5839,399.157501,0.4738356922741046
2022-08-10,85.386879,407.541412,0.4112860045064588
2022-08-11,87.856949,407.541412,0.3545134896937547
2022-08-12,88.62059,414.440643,0.3087569404832549
2022-08-15,87.036736,416.148529,0.2737557537826602
2022-08-16,86.225945,416.963593,0.2584986017268113
2022-08-17,86.923599,414.004028,0.2501047725820722
2022-08-18,88.978844,415.207275,0.2460700776972077
2022-08-19,88.696014,409.627716,0.2300837570520585
2022-08-22,88.630013,401.098206,0.2266824039857637
2022-08-23,92.391685,400.127838,0.2005883071932006
2022-08-24,92.938492,401.408722,0.1383489937911116
2022-08-25,93.419304,407.075623,0.0933037476164602
2022-08-26,92.269119,393.296509,0.057131407979721
2022-08-29,94.390358,390.695953,0.0619114931314947
2022-08-30,90.798386,386.406982,0.0476723702626727
2022-08-31,90.119598,383.466766,0.0550502725106142
2022-09-01,88.498032,384.670013,0.102339801247032
2022-09-02,90.119598,380.613892,0.1471179357024559
2022-09-06,89.516228,379.177795,0.1753591049831064
2022-09-07,88.752571,385.989777,0.1756989493705102
2022-09-08,89.478508,388.512634,0.1785464710309419
2022-09-09,90.977516,394.548279,0.203793570663825
2022-09-12,92.023994,398.788757,0.2496866568244637
2022-09-13,89.874474,381.448456,0.3208737293282658
2022-09-14,92.080559,382.903992,0.3535261308700985
2022-09-15,89.403091,378.556732,0.419480748159574
2022-09-16,87.875801,375.668823,0.5003555765357887
2022-09-19,87.866379,378.582092,0.5676172182334445
2022-09-20,87.149872,374.236481,0.6427447734481796
2022-09-21,85.745125,367.708374,0.6950810334743927
2022-09-22,85.386879,364.61972,0.7285611023283421
2022-09-23,80.842712,358.510559,0.7503800914423043
2022-09-26,79.174019,354.963898,0.7649238404284673
2022-09-27,80.83329,354.057831,0.780761379978093
2022-09-28,83.77475,361.024353,0.790138046717495
2022-09-29,83.605034,353.482941,0.8143811587749284
2022-09-30,82.313438,348.016846,0.816269842935441
2022-10-03,86.659622,357.204895,0.8114065352536928
2022-10-04,89.817909,368.273468,0.8151703551873416
2022-10-05,93.447578,367.416138,0.8430456397551583
2022-10-06,96.219337,363.625885,0.8462209473908682
2022-10-07,95.248283,353.482941,0.8294121775750067
2022-10-10,93.183601,350.783997,0.7973940849749807
2022-10-11,92.391685,348.5625,0.7575949020513728
2022-10-12,92.797073,347.412781,0.7038146101633891
2022-10-13,96.040215,356.58136,0.6373584712620765
2022-10-14,93.513573,348.455292,0.5902574405632445
2022-10-17,94.861748,357.409515,0.5032811966406568
2022-10-18,95.031448,361.608978,0.4257169996060361
2022-10-19,97.850342,359.046448,0.3631947498099402
2022-10-20,97.98233,356.035736,0.3134842328550333
2022-10-21,99.801857,364.687897,0.255950885812957
2022-10-24,100.499527,369.150421,0.2292161975768438
2022-10-25,99.820724,375.045227,0.2053875361352796
2022-10-26,101.008621,372.219635,0.207907045874027
2022-10-27,101.395149,370.231903,0.191622672069411
2022-10-28,104.364891,379.040009,0.16365196078435
2022-10-31,104.46859,376.302094,0.1710329851487927
2022-11-01,105.505646,374.655457,0.17393402630916
2022-11-02,103.337265,365.253021,0.1778821170456392
2022-11-03,104.741997,361.492065,0.193785027944307
2022-11-04,105.882751,366.695068,0.2348185758526897
2022-11-07,107.136635,370.202728,0.2717516616502111
2022-11-08,107.476036,372.200104,0.3198752354157381
2022-11-09,102.667885,364.532013,0.3738073815266611
2022-11-10,104.176331,384.564575,0.3808251403722854
2022-11-11,107.428894,388.28653,0.3865312764591619
2022-11-14,107.742516,384.983521,0.3877339264073011
2022-11-15,108.46479,388.26709,0.405693649397504
2022-11-16,107.305351,385.305084,0.4080236815623116
2022-11-17,107.447891,384.126099,0.406106211792516
2022-11-18,106.516548,385.870178,0.4002096390826576
2022-11-21,105.461655,384.467163,0.4055813841496489
2022-11-22,108.512314,389.640869,0.4259245258800141
2022-11-23,107.970604,392.096313,0.4331076413173099
2022-11-25,107.590462,392.008606,0.4308282061881398
2022-11-28,104.35923,385.753296,0.4654440841982849
2022-11-29,105.052994,385.090759,0.5054571388729737
2022-11-30,105.813278,397.221313,0.5197971896878399
2022-12-01,105.300087,396.929016,0.5526149780681887
2022-12-02,104.406746,396.47113,0.585592297386533
2022-12-05,101.546143,389.338867,0.5727606667496589
2022-12-06,98.723572,383.726624,0.5872582951067373
2022-12-07,98.504997,383.073853,0.6020144293876811
2022-12-08,99.236771,386.074799,0.6403001281882243
2022-12-09,98.400459,383.190735,0.6756710094705066
2022-12-12,100.823875,388.71524,0.7081378858534669
2022-12-13,101.926308,391.657806,0.7375865403057691
2022-12-14,101.175507,389.153748,0.7777690893332806
2022-12-15,100.206146,379.634399,0.8128860660938345
2022-12-16,99.502884,375.152344,0.827920338020207
2022-12-19,99.949539,371.971161,0.8316088514644617
2022-12-20,101.394104,372.480164,0.8160386305957553
2022-12-21,102.696083,378.049713,0.8050582284503198
2022-12-22,100.624306,372.656372,0.79589840984685
2022-12-23,103.285316,374.800018,0.7795738174404555
2022-12-27,104.72036,373.321991,0.769945538366346
2022-12-28,103.000206,368.682404,0.768291217973551
2022-12-29,103.779503,375.318787,0.75514878559416
2022-12-30,104.824913,374.330139,0.7453790869888909
2023-01-03,101.22303,372.754303,0.7445498576651735
2023-01-04,101.517647,375.631989,0.7116209012145633
2023-01-05,103.789017,371.344818,0.6772934382613205
2023-01-06,105.043488,379.860474,0.6519123100694013
2023-01-09,103.085739,379.645142,0.6390151027078692
2023-01-10,104.62532,382.307526,0.6213322195140832
2023-01-11,105.841789,387.142914,0.6414756543850753
2023-01-12,107.599953,388.552429,0.6790136871639214
2023-01-13,107.533432,390.059814,0.6986016485826411
2023-01-17,107.324356,389.345276,0.7059946370800567
2023-01-18,105.119514,383.198242,0.671536125414032
2023-01-19,105.794273,380.40863,0.674214253610578
2023-01-20,107.723511,387.49527,0.6863569929552747
2023-01-23,107.162788,392.144684,0.6937463202172729
2023-01-24,108.160667,391.723846,0.704527390268996
2023-01-25,107.590462,391.870605,0.7137880232304349
2023-01-26,111.914612,396.177429,0.7136029696080313
2023-01-27,109.87133,397.087708,0.7187386566757406
2023-01-30,107.92308,392.10556,0.7190244366454623
2023-01-31,110.251472,397.870819,0.7214139166401596
2023-02-01,109.04451,402.099304,0.715415499267094
2023-02-02,105.632713,407.952667,0.6951347278403627
2023-02-03,106.364487,403.616425,0.7364805337694719
2023-02-06,106.183929,401.149811,0.7545718348582579
2023-02-07,109.215576,406.396301,0.7682711849110978
2023-02-08,108.265205,401.952484,0.7759016387816117
2023-02-09,108.673859,398.467865,0.7808146858475677
2023-02-10,113.254608,399.397736,0.7850888375050691
2023-02-13,112.814079,404.086243,0.7896744959752967
2023-02-14,111.492485,403.90033,0.7855402543061704
2023-02-15,111.157303,405.211945,0.785194397445641
2023-02-16,110.831696,399.63266,0.7788113532933949
2023-02-17,106.570045,398.634308,0.7880414777438107
2023-02-21,106.464691,390.637299,0.7998544577256389
2023-02-22,105.08564,390.098969,0.8095809577244166
2023-02-23,106.052887,392.174042,0.8169322437326764
2023-02-24,106.062469,387.98468,0.8257953472663667
2023-02-27,105.870941,389.306152,0.8297919849520073
2023-02-28,105.258026,387.867249,0.8302873402947147
2023-03-01,106.196556,386.379456,0.8384034042005835
2023-03-02,106.684967,389.38443,0.8548447758730916
2023-03-03,108.035278,395.629303,0.8578574520022334
2023-03-06,108.99295,395.903381,0.8473162022677735
2023-03-07,106.88607,389.834656,0.8367052455816678
2023-03-08,105.325073,390.470947,0.8309018870471615
2023-03-09,104.51104,383.266754,0.8127749715691824
2023-03-10,103.218185,377.73645,0.8075336086520649
2023-03-13,102.03067,377.19809,0.8180443676404636
2023-03-14,102.413742,383.433197,0.814619699694618
2023-03-15,97.318916,381.035065,0.790469529644269
2023-03-16,96.753868,387.720367,0.7427017410948384
2023-03-17,95.614235,383.18692,0.6864029538138783
2023-03-20,98.11377,386.87146,0.6027986675634093
2023-03-21,102.509506,391.951324,0.5134139431844374
2023-03-22,100.1632,385.269897,0.4379606965173995
2023-03-23,99.033142,386.311462,0.3417091009784676
2023-03-24,99.148056,388.846436,0.2022341789930337
2023-03-27,101.321991,389.573486,0.0872828983000448
2023-03-28,102.586113,388.699036,-0.0009254524429646
2023-03-29,104.348236,394.348785,-0.1227528867535563
2023-03-30,104.855804,396.657776,-0.2298721038454858
2023-03-31,105.018608,402.248474,-0.3224092233311727
2023-04-03,111.21476,403.781342,-0.3719050183133186
2023-04-04,110.151749,401.541046,-0.4115006925710555
2023-04-05,112.038361,400.489716,-0.4083178686959967
2023-04-06,110.180481,402.051971,-0.4042018960217817
2023-04-10,109.692062,402.464661,-0.3987218328200187
2023-04-11,110.467773,402.572723,-0.3731490821021642
2023-04-12,110.352859,400.931854,-0.3445388671856912
2023-04-13,110.870003,406.257324,-0.3201452458775291
2023-04-14,111.138161,405.264954,-0.3209237692553564
2023-04-17,109.845291,406.719116,-0.3131158459102455
2023-04-18,111.990479,406.984375,-0.3263376983343461
2023-04-19,111.636131,406.915649,-0.3257361399541845
2023-04-20,110.745506,404.695038,-0.3347199129003271
2023-04-21,111.099838,405.009491,-0.3558719733282538
2023-04-24,113.197151,405.431946,-0.3612070138817129
2023-04-25,111.588249,398.996216,-0.3738795773164106
2023-04-26,110.563545,397.306213,-0.3510805258339686
2023-04-27,111.885132,405.21582,-0.2997808697484202
2023-04-28,113.331223,408.674438,-0.2782379076249005
2023-05-01,109.816559,408.261719,-0.2821729416003975
2023-05-02,105.439987,403.673218,-0.2396812688976636
2023-05-03,103.361832,400.902405,-0.1376660886578216
2023-05-04,101.551826,398.062775,-0.0544328928921609
2023-05-05,104.080086,405.431946,-0.0342361790130872
2023-05-08,104.49189,405.540039,-0.0429546946507969
2023-05-09,104.520622,403.761627,-0.0292261346071041
2023-05-10,103.179871,405.648163,0.0242252202798152
2023-05-11,101.312408,404.940735,0.0724071227862768
2023-05-12,101.302834,404.410095,0.0920378544560684
2023-05-15,101.496025,405.805389,0.0604042809495125
2023-05-16,99.032761,403.093506,-0.0497566494979445
2023-05-17,101.254524,407.986633,-0.209764435719004
2023-05-18,102.172211,411.91684,-0.3035387301879234
2023-05-19,102.645538,411.317444,-0.3531801022968034
2023-05-22,101.399429,411.484528,-0.3565531984299547
2023-05-23,102.780792,406.866486,-0.3714386617777829
2023-05-24,103.930298,403.918854,-0.3287892316250368
2023-05-25,102.065964,407.416718,-0.2459837683415724
2023-05-26,101.399429,412.693054,-0.2225638034951987
2023-05-30,100.501068,412.850281,-0.2124680929670525
2023-05-31,98.704338,410.560913,-0.2474927392353368
2023-06-01,99.844193,414.4617,-0.2854825790589486
2023-06-02,102.162552,420.455231,-0.3038241907094346
2023-06-05,101.708549,419.649567,-0.292533388865477
2023-06-06,102.539291,420.563324,-0.2747106582919962
2023-06-07,104.838341,419.109131,-0.2446593537012846
2023-06-08,104.509903,421.644165,-0.1450166230559304
2023-06-09,103.737114,422.400696,-0.0524137169718705
2023-06-12,102.800102,426.232666,0.0139246070901582
2023-06-13,102.81942,429.042816,0.044243021087231
2023-06-14,101.582962,429.553711,0.0598960739043527
2023-06-15,102.288132,434.879181,0.0731990062838162
2023-06-16,101.553978,433.397888,0.0603523321623946
2023-06-20,99.22596,431.149353,0.0431180452424817
2023-06-21,100.336845,428.940247,-0.0344952965675453
2023-06-22,99.786232,430.488617,-0.1196058004507382
2023-06-23,98.916847,427.23407,-0.1811505380908203
2023-06-26,100.742561,425.488556,-0.2782212443793341
2023-06-27,100.993713,430.153259,-0.3427153178022084
2023-06-28,101.814796,430.370239,-0.3821852181945231
2023-06-29,103.07058,432.066498,-0.4238679484903125
2023-06-30,103.601875,437.165161,-0.4398350816822224
2023-07-03,103.804726,437.668182,-0.4140109610062109
2023-07-05,103.273445,437.017242,-0.3690076073571876
2023-07-06,99.419159,433.595154,-0.3346784566295863
2023-07-07,99.651001,432.500427,-0.3275874129250267
2023-07-10,101.128952,433.595154,-0.3545779300516595
2023-07-11,102.36541,436.356506,-0.3850662674409484
2023-07-12,102.867722,439.867401,-0.4071913547808041
2023-07-13,100.984055,443.358551,-0.4089695361634858
2023-07-14,97.506508,443.082397,-0.3895694641267604
2023-07-17,97.931534,444.620911,-0.3868297514620614
2023-07-18,97.487183,447.924713,-0.3722964714934278
2023-07-19,98.163383,448.920776,-0.2887929646899097
2023-07-20,99.892494,445.942383,-0.2521249671485299
2023-07-21,100.356163,445.942383,-0.2343772309757658
2023-07-24,101.930717,447.93457,-0.2217405845648031
2023-07-25,102.085274,449.15744,-0.2238419653715412
2023-07-26,101.515343,449.226501,-0.22720151272103
2023-07-27,101.834114,446.248169,-0.2222084500796873
2023-07-28,100.616989,450.617035,-0.2341821026440394
2023-07-31,103.592216,451.475006,-0.2253425362304829
2023-08-01,102.993301,450.183105,-0.2761715695652756
2023-08-02,101.708549,443.920715,-0.2909567477635478
2023-08-03,103.476303,442.648499,-0.3012604258159695
2023-08-04,103.76609,440.646484,-0.2988652216638153
2023-08-07,103.553566,444.492676,-0.3055882628443682
2023-08-08,104.065544,442.559753,-0.2427749437873921
2023-08-09,105.833298,439.601135,-0.1579518283426241
2023-08-10,106.374252,439.758911,-0.0974406532333009
2023-08-11,108.026085,439.502502,-0.0719941473262092
2023-08-14,108.113014,441.928558,-0.0563688443873851
2023-08-15,105.337395,436.780579,-0.0365640067871901
2023-08-16,103.564888,433.575409,-0.0047681626949945
2023-08-17,105.571129,430.271637,0.011935793554097
2023-08-18,107.168335,430.47876,0.0062085395992636
2023-08-21,105.873047,433.279541,0.0025995206094706
2023-08-22,105.278961,432.105957,0.0046808390452954
2023-08-23,104.353745,436.91864,0.0037328911474647
2023-08-24,103.574631,430.863373,0.0511919003328223
2023-08-25,105.425049,433.900848,0.0920621119754042
2023-08-28,106.311295,436.652405,0.1447720972939264
2023-08-29,106.944328,442.964081,0.2155434372931503
2023-08-30,107.986412,444.788605,0.3170441913080412
2023-08-31,108.288322,444.137665,0.4240214302077233
2023-09-01,110.55751,444.966095,0.4972233749341975
2023-09-05,110.567253,443.042969,0.5365212360195311
2023-09-06,111.521675,440.064636,0.5585992973927787
2023-09-07,110.976288,438.713562,0.5538033684109583
2023-09-08,112.592979,439.374268,0.5351240911711543
2023-09-11,111.180817,442.263885,0.4902463902678238
2023-09-12,114.423912,439.837799,0.4384366046884594
2023-09-13,113.401314,440.350616,0.3514195157073834
2023-09-14,115.42704,444.147491,0.2888169570575916
2023-09-15,113.654526,438.796295,0.1613903404597715
2023-09-18,114.57,439.053619,0.0701772038150512
2023-09-19,114.268089,438.143097,-0.0577865759145271
2023-09-20,113.362358,434.115112,-0.1812794776467238
2023-09-21,111.76516,426.93988,-0.2813558217816574
2023-09-22,111.940453,425.979919,-0.3111555795244561
2023-09-25,113.196793,427.77124,-0.3389996656460816
2023-09-26,113.372101,421.486725,-0.3723767826227055
2023-09-27,117.063194,421.654968,-0.3847713671916509
2023-09-28,116.352249,424.099487,-0.3982260511156708
2023-09-29,114.511566,423.070221,-0.4328938200802497
2023-10-02,112.61245,422.901947,-0.4584089168609498
2023-10-03,112.807236,417.240997,-0.4890416181650836
2023-10-04,108.590233,420.279297,-0.4947149896265113
2023-10-05,106.145737,420.120941,-0.5007936610526819
2023-10-06,104.37323,425.108978,-0.5124817068750279
2023-10-09,108.025368,427.830597,-0.5392977786889954
2023-10-10,107.567627,430.057404,-0.5613166742051834
2023-10-11,103.710976,431.819061,-0.5912410331700645
2023-10-12,103.691498,429.186493,-0.6136719425760055
2023-10-13,107.002769,427.048767,-0.634299320331646
2023-10-16,107.080681,431.541931,-0.6552557837573593
2023-10-17,108.483101,431.522095,-0.6828446957050047
2023-10-18,110.002388,425.772034,-0.6973463224078801
2023-10-19,110.070564,422.031036,-0.717107381147375
2023-10-20,108.181198,416.845093,-0.7253339025937707
2023-10-23,106.593727,416.12262,-0.6913959736862015
2023-10-24,105.561394,419.259918,-0.6757964601193672
2023-10-25,105.756165,413.242645,-0.6565277836234465
2023-10-26,104.792007,408.294189,-0.6220555548940894
2023-10-27,102.795502,406.443512,-0.5798942559196494
2023-10-30,103.11689,411.302856,-0.5765300426175913
2023-10-31,103.087669,413.885956,-0.5796339875964625
2023-11-01,102.883156,418.299957,-0.5815050568061907
2023-11-02,106.262604,426.316406,-0.5581604585303135
2023-11-03,104.967308,430.205841,-0.4798359241969857
2023-11-06,103.107162,431.195526,-0.4166017544719859
2023-11-07,101.490479,432.422729,-0.3645337715113089
2023-11-08,100.243881,432.739441,-0.3621735488322689
2023-11-09,100.273094,429.364624,-0.4051613083774901
2023-11-10,101.04248,436.064789,-0.4689189736988435
2023-11-13,102.104034,435.649109,-0.4978917880433873
2023-11-14,102.497162,444.101013,-0.4891882895369598
2023-11-15,101.877991,445.041199,-0.4840130445148978
2023-11-16,100.698624,445.585541,-0.4734791222538383
2023-11-17,103.15564,446.139771,-0.496300566279352
2023-11-20,102.703552,449.573975,-0.4992741340583585
2023-11-21,102.664238,448.594177,-0.5103234334721268
2023-11-22,102.221977,450.326111,-0.5039739982222126
2023-11-24,102.772346,450.60321,-0.4750968493011661
2023-11-27,102.172829,449.791687,-0.3762391124034971
2023-11-28,102.113869,450.237061,-0.2575969784527102
2023-11-29,100.580681,449.920319,-0.1196069187967944
2023-11-30,100.973808,451.691895,0.0218927436586957
2023-12-01,101.219505,454.364044,0.0967925210428405
2023-12-04,100.669136,451.978882,0.1793131252689024
2023-12-05,98.713348,451.889832,0.2575212996253405
2023-12-06,97.406212,450.068817,0.2790287556047551
2023-12-07,96.728073,453.503021,0.2809037794173248
2023-12-08,97.838654,455.452698,0.2650314999625525
2023-12-11,97.90744,457.224243,0.3069822468272785
2023-12-12,96.364433,459.312439,0.2985161063326484
2023-12-13,97.219475,465.646454,0.2912448903061003
2023-12-14,99.833755,467.140869,0.2815233245986804
2023-12-15,99.165443,466.371704,0.2958054134832653
2023-12-18,99.902542,468.995087,0.3520376908543675
2023-12-19,101.219505,471.847015,0.4004848551115119
2023-12-20,99.529076,465.308472,0.4415029254795799
2023-12-21,99.981178,469.72049,0.4814293685493911
2023-12-22,100.158081,470.66449,0.5372884250000509
2023-12-26,100.384125,472.651886,0.5752755823458549
2023-12-27,99.912376,473.5065,0.6106904361921348
2023-12-28,98.467644,473.685333,0.6355797629610467
2023-12-29,98.261261,472.314026,0.648979633673281
2024-01-02,100.600334,469.670776,0.6608608086555969
2024-01-03,101.445564,465.835144,0.705436119634282
2024-01-04,100.561028,464.334625,0.7603466993833631
2024-01-05,100.8657,464.970642,0.8084830125461278
2024-01-08,99.185089,471.608521,0.865014196320902
2024-01-09,97.956581,470.893066,0.8853073947418209
2024-01-10,96.993431,473.556152,0.8912884131788305
2024-01-11,96.97377,473.347504,0.8878772753440466
2024-01-12,98.231766,473.675385,0.8917248406033748
2024-01-16,96.010628,471.936401,0.8998268012603379
2024-01-17,95.312836,469.31308,0.8915920763704697
2024-01-18,95.135925,473.486603,0.8754831101076367
2024-01-19,95.28334,479.38916,0.8613565461373301
2024-01-22,95.155579,480.40274,0.8550765100818241
2024-01-23,96.226845,481.803833,0.8571252818045607
2024-01-24,97.887787,482.330505,0.8606549177964764
2024-01-25,100.37429,484.953857,0.8629913105821981
2024-01-26,101.22934,484.337769,0.8678957293151297
2024-01-29,101.357101,488.173401,0.8772914865937022
2024-01-30,103.047531,487.795837,0.88660387460196
2024-01-31,101.042603,479.836304,0.9023462134517448
2024-02-01,100.629822,486.116516,0.9234252177711448
2024-02-02,100.217041,491.234039,0.9163919586075588
2024-02-05,99.804268,489.445374,0.9075447775559192
2024-02-06,100.492233,490.866364,0.8772459516640867
2024-02-07,100.462746,494.960388,0.864856986253746
2024-02-08,102.182663,495.179016,0.8558231495674594
2024-02-09,100.020485,498.040863,0.8512647172646115
2024-02-12,101.396416,497.822235,0.8213742281729103
2024-02-13,100.523499,490.965698,0.8102398953674178
2024-02-14,100.027527,495.427429,0.7752909310403149
2024-02-15,102.894249,498.845764,0.6997833422389441
2024-02-16,102.894249,496.361511,0.6326973794214076
2024-02-20,101.922142,493.628845,0.5432214009677954
2024-02-21,104.005219,494.075958,0.4334880138613022
2024-02-22,103.915955,504.301117,0.290536570606192
2024-02-23,103.003357,504.648926,0.2039488005926755
2024-02-26,103.410057,502.800629,0.1468775299859492
2024-02-27,103.191826,503.734711,0.0790766056570403
2024-02-28,103.479492,503.06897,0.0043139670157199
2024-02-29,103.677879,504.877472,-0.0513875668256497
2024-03-01,104.987244,509.617371,-0.0999158302739213
2024-03-04,103.519173,509.070862,-0.125578456230258
2024-03-05,104.788857,503.983154,-0.1415466479479646
2024-03-06,105.909752,506.536957,-0.1977738869396271
2024-03-07,106.504921,511.565033,-0.237450872883337
2024-03-08,107.506783,508.494537,-0.2419562000369418
2024-03-11,108.141624,508.057312,-0.2720617108875158
2024-03-12,107.447266,513.522705,-0.3093082556922875
2024-03-13,108.647514,512.717712,-0.2995978393397764
2024-03-14,110.571884,511.704193,-0.3003963443461651
2024-03-15,110.373497,508.190521,-0.3061819969350534
2024-03-18,111.395203,511.210754,-0.3345207755261407
2024-03-19,112.178833,514.051636,-0.3107235451417016
2024-03-20,112.079636,518.806274,-0.2917890227163671
2024-03-21,112.575607,520.520752,-0.2169025556294847
2024-03-22,112.575607,519.533936,-0.1544191750015054
2024-03-25,113.726265,518.098572,-0.1136699084217522
2024-03-26,112.873192,517.141663,-0.1315503143077889
2024-03-27,114.043686,521.48761,-0.1670929162656466
2024-03-28,115.303452,521.387939,-0.2007226994958812
2024-04-01,116.047409,520.480835,-0.2228720061295056
2024-04-02,118.318962,517.17157,-0.2488179128770253
2024-04-03,118.338806,517.739685,-0.2698794153790898
2024-04-04,118.755417,511.420105,-0.2735812613136365
2024-04-05,120.392128,516.762878,-0.2982236510114928
2024-04-08,119.578735,517.05188,-0.3478415023230199
2024-04-09,120.203651,517.650024,-0.4021737065717447
2024-04-10,121.215431,512.466736,-0.4476806721239983
2024-04-11,120.808739,516.334229,-0.4879897376380283
2024-04-12,119.400185,509.207245,-0.5368944826394476
2024-04-15,118.715736,502.82785,-0.5615138281406555
2024-04-16,117.733719,501.910797,-0.5887181683170474
2024-04-17,117.674194,498.940369,-0.620628479929837
2024-04-18,117.565079,497.913666,-0.6497187161725967
2024-04-19,118.914124,493.567688,-0.685822493942364
2024-04-22,119.588646,498.113037,-0.7047910784450778
2024-04-23,120.054863,504.023956,-0.6985977016271918
2024-04-24,120.074707,503.784729,-0.6960785112988778
2024-04-25,120.352448,501.870911,-0.6662931443182525
2024-04-26,117.009598,506.62558,-0.6206137056629086
2024-04-29,118.676064,508.419769,-0.5974951116074955
2024-04-30,117.317093,500.365784,-0.5525830503377444
2024-05-01,115.095146,498.741028,-0.5162217413134886
2024-05-02,115.303452,503.405945,-0.5280003113217592
2024-05-03,115.065392,509.645844,-0.5350526912371638
2024-05-06,115.809349,514.908875,-0.5232170822514994
2024-05-07,115.234016,515.477051,-0.5119638651394541
2024-05-08,115.21418,515.526855,-0.5259135104056746
2024-05-09,117.485733,518.497253,-0.5541490007341668
2024-05-10,117.009598,519.165161,-0.5378311482340791
2024-05-13,116.960007,519.234863,-0.5095960412272574
2024-05-14,117.669998,521.617188,-0.4746859984958166
2024-05-15,118.580002,528.076416,-0.3952358897662329
