,UNDCON5MUNSA,NHFSEPC,HOUST2FNSA,UNRATENSA,POPTHM
1860-01-01,,,,,
1860-02-01,0.0,0.0,0.0,0.0,0.0
1860-03-01,0.0,0.0,0.0,0.0,0.0
1860-04-01,0.0,0.0,0.0,0.0,0.0
1860-05-01,0.0,0.0,0.0,0.0,0.0
1860-06-01,0.0,0.0,0.0,0.0,0.0
1860-07-01,0.0,0.0,0.0,0.0,0.0
1860-08-01,0.0,0.0,0.0,0.0,0.0
1860-09-01,0.0,0.0,0.0,0.0,0.0
1860-10-01,0.0,0.0,0.0,0.0,0.0
1860-11-01,0.0,0.0,0.0,0.0,0.0
1860-12-01,0.0,0.0,0.0,0.0,0.0
1861-01-01,0.0,0.0,0.0,0.0,0.0
1861-02-01,0.0,0.0,0.0,0.0,0.0
1861-03-01,0.0,0.0,0.0,0.0,0.0
1861-04-01,0.0,0.0,0.0,0.0,0.0
1861-05-01,0.0,0.0,0.0,0.0,0.0
1861-06-01,0.0,0.0,0.0,0.0,0.0
1861-07-01,0.0,0.0,0.0,0.0,0.0
1861-08-01,0.0,0.0,0.0,0.0,0.0
1861-09-01,0.0,0.0,0.0,0.0,0.0
1861-10-01,0.0,0.0,0.0,0.0,0.0
1861-11-01,0.0,0.0,0.0,0.0,0.0
1861-12-01,0.0,0.0,0.0,0.0,0.0
1862-01-01,0.0,0.0,0.0,0.0,0.0
1862-02-01,0.0,0.0,0.0,0.0,0.0
1862-03-01,0.0,0.0,0.0,0.0,0.0
1862-04-01,0.0,0.0,0.0,0.0,0.0
1862-05-01,0.0,0.0,0.0,0.0,0.0
1862-06-01,0.0,0.0,0.0,0.0,0.0
1862-07-01,0.0,0.0,0.0,0.0,0.0
1862-08-01,0.0,0.0,0.0,0.0,0.0
1862-09-01,0.0,0.0,0.0,0.0,0.0
1862-10-01,0.0,0.0,0.0,0.0,0.0
1862-11-01,0.0,0.0,0.0,0.0,0.0
1862-12-01,0.0,0.0,0.0,0.0,0.0
1863-01-01,0.0,0.0,0.0,0.0,0.0
1863-02-01,0.0,0.0,0.0,0.0,0.0
1863-03-01,0.0,0.0,0.0,0.0,0.0
1863-04-01,0.0,0.0,0.0,0.0,0.0
1863-05-01,0.0,0.0,0.0,0.0,0.0
1863-06-01,0.0,0.0,0.0,0.0,0.0
1863-07-01,0.0,0.0,0.0,0.0,0.0
1863-08-01,0.0,0.0,0.0,0.0,0.0
1863-09-01,0.0,0.0,0.0,0.0,0.0
1863-10-01,0.0,0.0,0.0,0.0,0.0
1863-11-01,0.0,0.0,0.0,0.0,0.0
1863-12-01,0.0,0.0,0.0,0.0,0.0
1864-01-01,0.0,0.0,0.0,0.0,0.0
1864-02-01,0.0,0.0,0.0,0.0,0.0
1864-03-01,0.0,0.0,0.0,0.0,0.0
1864-04-01,0.0,0.0,0.0,0.0,0.0
1864-05-01,0.0,0.0,0.0,0.0,0.0
1864-06-01,0.0,0.0,0.0,0.0,0.0
1864-07-01,0.0,0.0,0.0,0.0,0.0
1864-08-01,0.0,0.0,0.0,0.0,0.0
1864-09-01,0.0,0.0,0.0,0.0,0.0
1864-10-01,0.0,0.0,0.0,0.0,0.0
1864-11-01,0.0,0.0,0.0,0.0,0.0
1864-12-01,0.0,0.0,0.0,0.0,0.0
1865-01-01,0.0,0.0,0.0,0.0,0.0
1865-02-01,0.0,0.0,0.0,0.0,0.0
1865-03-01,0.0,0.0,0.0,0.0,0.0
1865-04-01,0.0,0.0,0.0,0.0,0.0
1865-05-01,0.0,0.0,0.0,0.0,0.0
1865-06-01,0.0,0.0,0.0,0.0,0.0
1865-07-01,0.0,0.0,0.0,0.0,0.0
1865-08-01,0.0,0.0,0.0,0.0,0.0
1865-09-01,0.0,0.0,0.0,0.0,0.0
1865-10-01,0.0,0.0,0.0,0.0,0.0
1865-11-01,0.0,0.0,0.0,0.0,0.0
1865-12-01,0.0,0.0,0.0,0.0,0.0
1866-01-01,0.0,0.0,0.0,0.0,0.0
1866-02-01,0.0,0.0,0.0,0.0,0.0
1866-03-01,0.0,0.0,0.0,0.0,0.0
1866-04-01,0.0,0.0,0.0,0.0,0.0
1866-05-01,0.0,0.0,0.0,0.0,0.0
1866-06-01,0.0,0.0,0.0,0.0,0.0
1866-07-01,0.0,0.0,0.0,0.0,0.0
1866-08-01,0.0,0.0,0.0,0.0,0.0
1866-09-01,0.0,0.0,0.0,0.0,0.0
1866-10-01,0.0,0.0,0.0,0.0,0.0
1866-11-01,0.0,0.0,0.0,0.0,0.0
1866-12-01,0.0,0.0,0.0,0.0,0.0
1867-01-01,0.0,0.0,0.0,0.0,0.0
1867-02-01,0.0,0.0,0.0,0.0,0.0
1867-03-01,0.0,0.0,0.0,0.0,0.0
1867-04-01,0.0,0.0,0.0,0.0,0.0
1867-05-01,0.0,0.0,0.0,0.0,0.0
1867-06-01,0.0,0.0,0.0,0.0,0.0
1867-07-01,0.0,0.0,0.0,0.0,0.0
1867-08-01,0.0,0.0,0.0,0.0,0.0
1867-09-01,0.0,0.0,0.0,0.0,0.0
1867-10-01,0.0,0.0,0.0,0.0,0.0
1867-11-01,0.0,0.0,0.0,0.0,0.0
1867-12-01,0.0,0.0,0.0,0.0,0.0
1868-01-01,0.0,0.0,0.0,0.0,0.0
1868-02-01,0.0,0.0,0.0,0.0,0.0
1868-03-01,0.0,0.0,0.0,0.0,0.0
1868-04-01,0.0,0.0,0.0,0.0,0.0
1868-05-01,0.0,0.0,0.0,0.0,0.0
1868-06-01,0.0,0.0,0.0,0.0,0.0
1868-07-01,0.0,0.0,0.0,0.0,0.0
1868-08-01,0.0,0.0,0.0,0.0,0.0
1868-09-01,0.0,0.0,0.0,0.0,0.0
1868-10-01,0.0,0.0,0.0,0.0,0.0
1868-11-01,0.0,0.0,0.0,0.0,0.0
1868-12-01,0.0,0.0,0.0,0.0,0.0
1869-01-01,0.0,0.0,0.0,0.0,0.0
1869-02-01,0.0,0.0,0.0,0.0,0.0
1869-03-01,0.0,0.0,0.0,0.0,0.0
1869-04-01,0.0,0.0,0.0,0.0,0.0
1869-05-01,0.0,0.0,0.0,0.0,0.0
1869-06-01,0.0,0.0,0.0,0.0,0.0
1869-07-01,0.0,0.0,0.0,0.0,0.0
1869-08-01,0.0,0.0,0.0,0.0,0.0
1869-09-01,0.0,0.0,0.0,0.0,0.0
1869-10-01,0.0,0.0,0.0,0.0,0.0
1869-11-01,0.0,0.0,0.0,0.0,0.0
1869-12-01,0.0,0.0,0.0,0.0,0.0
1870-01-01,0.0,0.0,0.0,0.0,0.0
1870-02-01,0.0,0.0,0.0,0.0,0.0
1870-03-01,0.0,0.0,0.0,0.0,0.0
1870-04-01,0.0,0.0,0.0,0.0,0.0
1870-05-01,0.0,0.0,0.0,0.0,0.0
1870-06-01,0.0,0.0,0.0,0.0,0.0
1870-07-01,0.0,0.0,0.0,0.0,0.0
1870-08-01,0.0,0.0,0.0,0.0,0.0
1870-09-01,0.0,0.0,0.0,0.0,0.0
1870-10-01,0.0,0.0,0.0,0.0,0.0
1870-11-01,0.0,0.0,0.0,0.0,0.0
1870-12-01,0.0,0.0,0.0,0.0,0.0
1871-01-01,0.0,0.0,0.0,0.0,0.0
1871-02-01,0.0,0.0,0.0,0.0,0.0
1871-03-01,0.0,0.0,0.0,0.0,0.0
1871-04-01,0.0,0.0,0.0,0.0,0.0
1871-05-01,0.0,0.0,0.0,0.0,0.0
1871-06-01,0.0,0.0,0.0,0.0,0.0
1871-07-01,0.0,0.0,0.0,0.0,0.0
1871-08-01,0.0,0.0,0.0,0.0,0.0
1871-09-01,0.0,0.0,0.0,0.0,0.0
1871-10-01,0.0,0.0,0.0,0.0,0.0
1871-11-01,0.0,0.0,0.0,0.0,0.0
1871-12-01,0.0,0.0,0.0,0.0,0.0
1872-01-01,0.0,0.0,0.0,0.0,0.0
1872-02-01,0.0,0.0,0.0,0.0,0.0
1872-03-01,0.0,0.0,0.0,0.0,0.0
1872-04-01,0.0,0.0,0.0,0.0,0.0
1872-05-01,0.0,0.0,0.0,0.0,0.0
1872-06-01,0.0,0.0,0.0,0.0,0.0
1872-07-01,0.0,0.0,0.0,0.0,0.0
1872-08-01,0.0,0.0,0.0,0.0,0.0
1872-09-01,0.0,0.0,0.0,0.0,0.0
1872-10-01,0.0,0.0,0.0,0.0,0.0
1872-11-01,0.0,0.0,0.0,0.0,0.0
1872-12-01,0.0,0.0,0.0,0.0,0.0
1873-01-01,0.0,0.0,0.0,0.0,0.0
1873-02-01,0.0,0.0,0.0,0.0,0.0
1873-03-01,0.0,0.0,0.0,0.0,0.0
1873-04-01,0.0,0.0,0.0,0.0,0.0
1873-05-01,0.0,0.0,0.0,0.0,0.0
1873-06-01,0.0,0.0,0.0,0.0,0.0
1873-07-01,0.0,0.0,0.0,0.0,0.0
1873-08-01,0.0,0.0,0.0,0.0,0.0
1873-09-01,0.0,0.0,0.0,0.0,0.0
1873-10-01,0.0,0.0,0.0,0.0,0.0
1873-11-01,0.0,0.0,0.0,0.0,0.0
1873-12-01,0.0,0.0,0.0,0.0,0.0
1874-01-01,0.0,0.0,0.0,0.0,0.0
1874-02-01,0.0,0.0,0.0,0.0,0.0
1874-03-01,0.0,0.0,0.0,0.0,0.0
1874-04-01,0.0,0.0,0.0,0.0,0.0
1874-05-01,0.0,0.0,0.0,0.0,0.0
1874-06-01,0.0,0.0,0.0,0.0,0.0
1874-07-01,0.0,0.0,0.0,0.0,0.0
1874-08-01,0.0,0.0,0.0,0.0,0.0
1874-09-01,0.0,0.0,0.0,0.0,0.0
1874-10-01,0.0,0.0,0.0,0.0,0.0
1874-11-01,0.0,0.0,0.0,0.0,0.0
1874-12-01,0.0,0.0,0.0,0.0,0.0
1875-01-01,0.0,0.0,0.0,0.0,0.0
1875-02-01,0.0,0.0,0.0,0.0,0.0
1875-03-01,0.0,0.0,0.0,0.0,0.0
1875-04-01,0.0,0.0,0.0,0.0,0.0
1875-05-01,0.0,0.0,0.0,0.0,0.0
1875-06-01,0.0,0.0,0.0,0.0,0.0
1875-07-01,0.0,0.0,0.0,0.0,0.0
1875-08-01,0.0,0.0,0.0,0.0,0.0
1875-09-01,0.0,0.0,0.0,0.0,0.0
1875-10-01,0.0,0.0,0.0,0.0,0.0
1875-11-01,0.0,0.0,0.0,0.0,0.0
1875-12-01,0.0,0.0,0.0,0.0,0.0
1876-01-01,0.0,0.0,0.0,0.0,0.0
1876-02-01,0.0,0.0,0.0,0.0,0.0
1876-03-01,0.0,0.0,0.0,0.0,0.0
1876-04-01,0.0,0.0,0.0,0.0,0.0
1876-05-01,0.0,0.0,0.0,0.0,0.0
1876-06-01,0.0,0.0,0.0,0.0,0.0
1876-07-01,0.0,0.0,0.0,0.0,0.0
1876-08-01,0.0,0.0,0.0,0.0,0.0
1876-09-01,0.0,0.0,0.0,0.0,0.0
1876-10-01,0.0,0.0,0.0,0.0,0.0
1876-11-01,0.0,0.0,0.0,0.0,0.0
1876-12-01,0.0,0.0,0.0,0.0,0.0
1877-01-01,0.0,0.0,0.0,0.0,0.0
1877-02-01,0.0,0.0,0.0,0.0,0.0
1877-03-01,0.0,0.0,0.0,0.0,0.0
1877-04-01,0.0,0.0,0.0,0.0,0.0
1877-05-01,0.0,0.0,0.0,0.0,0.0
1877-06-01,0.0,0.0,0.0,0.0,0.0
1877-07-01,0.0,0.0,0.0,0.0,0.0
1877-08-01,0.0,0.0,0.0,0.0,0.0
1877-09-01,0.0,0.0,0.0,0.0,0.0
1877-10-01,0.0,0.0,0.0,0.0,0.0
1877-11-01,0.0,0.0,0.0,0.0,0.0
1877-12-01,0.0,0.0,0.0,0.0,0.0
1878-01-01,0.0,0.0,0.0,0.0,0.0
1878-02-01,0.0,0.0,0.0,0.0,0.0
1878-03-01,0.0,0.0,0.0,0.0,0.0
1878-04-01,0.0,0.0,0.0,0.0,0.0
1878-05-01,0.0,0.0,0.0,0.0,0.0
1878-06-01,0.0,0.0,0.0,0.0,0.0
1878-07-01,0.0,0.0,0.0,0.0,0.0
1878-08-01,0.0,0.0,0.0,0.0,0.0
1878-09-01,0.0,0.0,0.0,0.0,0.0
1878-10-01,0.0,0.0,0.0,0.0,0.0
1878-11-01,0.0,0.0,0.0,0.0,0.0
1878-12-01,0.0,0.0,0.0,0.0,0.0
1879-01-01,0.0,0.0,0.0,0.0,0.0
1879-02-01,0.0,0.0,0.0,0.0,0.0
1879-03-01,0.0,0.0,0.0,0.0,0.0
1879-04-01,0.0,0.0,0.0,0.0,0.0
1879-05-01,0.0,0.0,0.0,0.0,0.0
1879-06-01,0.0,0.0,0.0,0.0,0.0
1879-07-01,0.0,0.0,0.0,0.0,0.0
1879-08-01,0.0,0.0,0.0,0.0,0.0
1879-09-01,0.0,0.0,0.0,0.0,0.0
1879-10-01,0.0,0.0,0.0,0.0,0.0
1879-11-01,0.0,0.0,0.0,0.0,0.0
1879-12-01,0.0,0.0,0.0,0.0,0.0
1880-01-01,0.0,0.0,0.0,0.0,0.0
1880-02-01,0.0,0.0,0.0,0.0,0.0
1880-03-01,0.0,0.0,0.0,0.0,0.0
1880-04-01,0.0,0.0,0.0,0.0,0.0
1880-05-01,0.0,0.0,0.0,0.0,0.0
1880-06-01,0.0,0.0,0.0,0.0,0.0
1880-07-01,0.0,0.0,0.0,0.0,0.0
1880-08-01,0.0,0.0,0.0,0.0,0.0
1880-09-01,0.0,0.0,0.0,0.0,0.0
1880-10-01,0.0,0.0,0.0,0.0,0.0
1880-11-01,0.0,0.0,0.0,0.0,0.0
1880-12-01,0.0,0.0,0.0,0.0,0.0
1881-01-01,0.0,0.0,0.0,0.0,0.0
1881-02-01,0.0,0.0,0.0,0.0,0.0
1881-03-01,0.0,0.0,0.0,0.0,0.0
1881-04-01,0.0,0.0,0.0,0.0,0.0
1881-05-01,0.0,0.0,0.0,0.0,0.0
1881-06-01,0.0,0.0,0.0,0.0,0.0
1881-07-01,0.0,0.0,0.0,0.0,0.0
1881-08-01,0.0,0.0,0.0,0.0,0.0
1881-09-01,0.0,0.0,0.0,0.0,0.0
1881-10-01,0.0,0.0,0.0,0.0,0.0
1881-11-01,0.0,0.0,0.0,0.0,0.0
1881-12-01,0.0,0.0,0.0,0.0,0.0
1882-01-01,0.0,0.0,0.0,0.0,0.0
1882-02-01,0.0,0.0,0.0,0.0,0.0
1882-03-01,0.0,0.0,0.0,0.0,0.0
1882-04-01,0.0,0.0,0.0,0.0,0.0
1882-05-01,0.0,0.0,0.0,0.0,0.0
1882-06-01,0.0,0.0,0.0,0.0,0.0
1882-07-01,0.0,0.0,0.0,0.0,0.0
1882-08-01,0.0,0.0,0.0,0.0,0.0
1882-09-01,0.0,0.0,0.0,0.0,0.0
1882-10-01,0.0,0.0,0.0,0.0,0.0
1882-11-01,0.0,0.0,0.0,0.0,0.0
1882-12-01,0.0,0.0,0.0,0.0,0.0
1883-01-01,0.0,0.0,0.0,0.0,0.0
1883-02-01,0.0,0.0,0.0,0.0,0.0
1883-03-01,0.0,0.0,0.0,0.0,0.0
1883-04-01,0.0,0.0,0.0,0.0,0.0
1883-05-01,0.0,0.0,0.0,0.0,0.0
1883-06-01,0.0,0.0,0.0,0.0,0.0
1883-07-01,0.0,0.0,0.0,0.0,0.0
1883-08-01,0.0,0.0,0.0,0.0,0.0
1883-09-01,0.0,0.0,0.0,0.0,0.0
1883-10-01,0.0,0.0,0.0,0.0,0.0
1883-11-01,0.0,0.0,0.0,0.0,0.0
1883-12-01,0.0,0.0,0.0,0.0,0.0
1884-01-01,0.0,0.0,0.0,0.0,0.0
1884-02-01,0.0,0.0,0.0,0.0,0.0
1884-03-01,0.0,0.0,0.0,0.0,0.0
1884-04-01,0.0,0.0,0.0,0.0,0.0
1884-05-01,0.0,0.0,0.0,0.0,0.0
1884-06-01,0.0,0.0,0.0,0.0,0.0
1884-07-01,0.0,0.0,0.0,0.0,0.0
1884-08-01,0.0,0.0,0.0,0.0,0.0
1884-09-01,0.0,0.0,0.0,0.0,0.0
1884-10-01,0.0,0.0,0.0,0.0,0.0
1884-11-01,0.0,0.0,0.0,0.0,0.0
1884-12-01,0.0,0.0,0.0,0.0,0.0
1885-01-01,0.0,0.0,0.0,0.0,0.0
1885-02-01,0.0,0.0,0.0,0.0,0.0
1885-03-01,0.0,0.0,0.0,0.0,0.0
1885-04-01,0.0,0.0,0.0,0.0,0.0
1885-05-01,0.0,0.0,0.0,0.0,0.0
1885-06-01,0.0,0.0,0.0,0.0,0.0
1885-07-01,0.0,0.0,0.0,0.0,0.0
1885-08-01,0.0,0.0,0.0,0.0,0.0
1885-09-01,0.0,0.0,0.0,0.0,0.0
1885-10-01,0.0,0.0,0.0,0.0,0.0
1885-11-01,0.0,0.0,0.0,0.0,0.0
1885-12-01,0.0,0.0,0.0,0.0,0.0
1886-01-01,0.0,0.0,0.0,0.0,0.0
1886-02-01,0.0,0.0,0.0,0.0,0.0
1886-03-01,0.0,0.0,0.0,0.0,0.0
1886-04-01,0.0,0.0,0.0,0.0,0.0
1886-05-01,0.0,0.0,0.0,0.0,0.0
1886-06-01,0.0,0.0,0.0,0.0,0.0
1886-07-01,0.0,0.0,0.0,0.0,0.0
1886-08-01,0.0,0.0,0.0,0.0,0.0
1886-09-01,0.0,0.0,0.0,0.0,0.0
1886-10-01,0.0,0.0,0.0,0.0,0.0
1886-11-01,0.0,0.0,0.0,0.0,0.0
1886-12-01,0.0,0.0,0.0,0.0,0.0
1887-01-01,0.0,0.0,0.0,0.0,0.0
1887-02-01,0.0,0.0,0.0,0.0,0.0
1887-03-01,0.0,0.0,0.0,0.0,0.0
1887-04-01,0.0,0.0,0.0,0.0,0.0
1887-05-01,0.0,0.0,0.0,0.0,0.0
1887-06-01,0.0,0.0,0.0,0.0,0.0
1887-07-01,0.0,0.0,0.0,0.0,0.0
1887-08-01,0.0,0.0,0.0,0.0,0.0
1887-09-01,0.0,0.0,0.0,0.0,0.0
1887-10-01,0.0,0.0,0.0,0.0,0.0
1887-11-01,0.0,0.0,0.0,0.0,0.0
1887-12-01,0.0,0.0,0.0,0.0,0.0
1888-01-01,0.0,0.0,0.0,0.0,0.0
1888-02-01,0.0,0.0,0.0,0.0,0.0
1888-03-01,0.0,0.0,0.0,0.0,0.0
1888-04-01,0.0,0.0,0.0,0.0,0.0
1888-05-01,0.0,0.0,0.0,0.0,0.0
1888-06-01,0.0,0.0,0.0,0.0,0.0
1888-07-01,0.0,0.0,0.0,0.0,0.0
1888-08-01,0.0,0.0,0.0,0.0,0.0
1888-09-01,0.0,0.0,0.0,0.0,0.0
1888-10-01,0.0,0.0,0.0,0.0,0.0
1888-11-01,0.0,0.0,0.0,0.0,0.0
1888-12-01,0.0,0.0,0.0,0.0,0.0
1889-01-01,0.0,0.0,0.0,0.0,0.0
1889-02-01,0.0,0.0,0.0,0.0,0.0
1889-03-01,0.0,0.0,0.0,0.0,0.0
1889-04-01,0.0,0.0,0.0,0.0,0.0
1889-05-01,0.0,0.0,0.0,0.0,0.0
1889-06-01,0.0,0.0,0.0,0.0,0.0
1889-07-01,0.0,0.0,0.0,0.0,0.0
1889-08-01,0.0,0.0,0.0,0.0,0.0
1889-09-01,0.0,0.0,0.0,0.0,0.0
1889-10-01,0.0,0.0,0.0,0.0,0.0
1889-11-01,0.0,0.0,0.0,0.0,0.0
1889-12-01,0.0,0.0,0.0,0.0,0.0
1890-01-01,0.0,0.0,0.0,0.0,0.0
1890-02-01,0.0,0.0,0.0,0.0,0.0
1890-03-01,0.0,0.0,0.0,0.0,0.0
1890-04-01,0.0,0.0,0.0,0.0,0.0
1890-05-01,0.0,0.0,0.0,0.0,0.0
1890-06-01,0.0,0.0,0.0,0.0,0.0
1890-07-01,0.0,0.0,0.0,0.0,0.0
1890-08-01,0.0,0.0,0.0,0.0,0.0
1890-09-01,0.0,0.0,0.0,0.0,0.0
1890-10-01,0.0,0.0,0.0,0.0,0.0
1890-11-01,0.0,0.0,0.0,0.0,0.0
1890-12-01,0.0,0.0,0.0,0.0,0.0
1891-01-01,0.0,0.0,0.0,0.0,0.0
1891-02-01,0.0,0.0,0.0,0.0,0.0
1891-03-01,0.0,0.0,0.0,0.0,0.0
1891-04-01,0.0,0.0,0.0,0.0,0.0
1891-05-01,0.0,0.0,0.0,0.0,0.0
1891-06-01,0.0,0.0,0.0,0.0,0.0
1891-07-01,0.0,0.0,0.0,0.0,0.0
1891-08-01,0.0,0.0,0.0,0.0,0.0
1891-09-01,0.0,0.0,0.0,0.0,0.0
1891-10-01,0.0,0.0,0.0,0.0,0.0
1891-11-01,0.0,0.0,0.0,0.0,0.0
1891-12-01,0.0,0.0,0.0,0.0,0.0
1892-01-01,0.0,0.0,0.0,0.0,0.0
1892-02-01,0.0,0.0,0.0,0.0,0.0
1892-03-01,0.0,0.0,0.0,0.0,0.0
1892-04-01,0.0,0.0,0.0,0.0,0.0
1892-05-01,0.0,0.0,0.0,0.0,0.0
1892-06-01,0.0,0.0,0.0,0.0,0.0
1892-07-01,0.0,0.0,0.0,0.0,0.0
1892-08-01,0.0,0.0,0.0,0.0,0.0
1892-09-01,0.0,0.0,0.0,0.0,0.0
1892-10-01,0.0,0.0,0.0,0.0,0.0
1892-11-01,0.0,0.0,0.0,0.0,0.0
1892-12-01,0.0,0.0,0.0,0.0,0.0
1893-01-01,0.0,0.0,0.0,0.0,0.0
1893-02-01,0.0,0.0,0.0,0.0,0.0
1893-03-01,0.0,0.0,0.0,0.0,0.0
1893-04-01,0.0,0.0,0.0,0.0,0.0
1893-05-01,0.0,0.0,0.0,0.0,0.0
1893-06-01,0.0,0.0,0.0,0.0,0.0
1893-07-01,0.0,0.0,0.0,0.0,0.0
1893-08-01,0.0,0.0,0.0,0.0,0.0
1893-09-01,0.0,0.0,0.0,0.0,0.0
1893-10-01,0.0,0.0,0.0,0.0,0.0
1893-11-01,0.0,0.0,0.0,0.0,0.0
1893-12-01,0.0,0.0,0.0,0.0,0.0
1894-01-01,0.0,0.0,0.0,0.0,0.0
1894-02-01,0.0,0.0,0.0,0.0,0.0
1894-03-01,0.0,0.0,0.0,0.0,0.0
1894-04-01,0.0,0.0,0.0,0.0,0.0
1894-05-01,0.0,0.0,0.0,0.0,0.0
1894-06-01,0.0,0.0,0.0,0.0,0.0
1894-07-01,0.0,0.0,0.0,0.0,0.0
1894-08-01,0.0,0.0,0.0,0.0,0.0
1894-09-01,0.0,0.0,0.0,0.0,0.0
1894-10-01,0.0,0.0,0.0,0.0,0.0
1894-11-01,0.0,0.0,0.0,0.0,0.0
1894-12-01,0.0,0.0,0.0,0.0,0.0
1895-01-01,0.0,0.0,0.0,0.0,0.0
1895-02-01,0.0,0.0,0.0,0.0,0.0
1895-03-01,0.0,0.0,0.0,0.0,0.0
1895-04-01,0.0,0.0,0.0,0.0,0.0
1895-05-01,0.0,0.0,0.0,0.0,0.0
1895-06-01,0.0,0.0,0.0,0.0,0.0
1895-07-01,0.0,0.0,0.0,0.0,0.0
1895-08-01,0.0,0.0,0.0,0.0,0.0
1895-09-01,0.0,0.0,0.0,0.0,0.0
1895-10-01,0.0,0.0,0.0,0.0,0.0
1895-11-01,0.0,0.0,0.0,0.0,0.0
1895-12-01,0.0,0.0,0.0,0.0,0.0
1896-01-01,0.0,0.0,0.0,0.0,0.0
1896-02-01,0.0,0.0,0.0,0.0,0.0
1896-03-01,0.0,0.0,0.0,0.0,0.0
1896-04-01,0.0,0.0,0.0,0.0,0.0
1896-05-01,0.0,0.0,0.0,0.0,0.0
1896-06-01,0.0,0.0,0.0,0.0,0.0
1896-07-01,0.0,0.0,0.0,0.0,0.0
1896-08-01,0.0,0.0,0.0,0.0,0.0
1896-09-01,0.0,0.0,0.0,0.0,0.0
1896-10-01,0.0,0.0,0.0,0.0,0.0
1896-11-01,0.0,0.0,0.0,0.0,0.0
1896-12-01,0.0,0.0,0.0,0.0,0.0
1897-01-01,0.0,0.0,0.0,0.0,0.0
1897-02-01,0.0,0.0,0.0,0.0,0.0
1897-03-01,0.0,0.0,0.0,0.0,0.0
1897-04-01,0.0,0.0,0.0,0.0,0.0
1897-05-01,0.0,0.0,0.0,0.0,0.0
1897-06-01,0.0,0.0,0.0,0.0,0.0
1897-07-01,0.0,0.0,0.0,0.0,0.0
1897-08-01,0.0,0.0,0.0,0.0,0.0
1897-09-01,0.0,0.0,0.0,0.0,0.0
1897-10-01,0.0,0.0,0.0,0.0,0.0
1897-11-01,0.0,0.0,0.0,0.0,0.0
1897-12-01,0.0,0.0,0.0,0.0,0.0
1898-01-01,0.0,0.0,0.0,0.0,0.0
1898-02-01,0.0,0.0,0.0,0.0,0.0
1898-03-01,0.0,0.0,0.0,0.0,0.0
1898-04-01,0.0,0.0,0.0,0.0,0.0
1898-05-01,0.0,0.0,0.0,0.0,0.0
1898-06-01,0.0,0.0,0.0,0.0,0.0
1898-07-01,0.0,0.0,0.0,0.0,0.0
1898-08-01,0.0,0.0,0.0,0.0,0.0
1898-09-01,0.0,0.0,0.0,0.0,0.0
1898-10-01,0.0,0.0,0.0,0.0,0.0
1898-11-01,0.0,0.0,0.0,0.0,0.0
1898-12-01,0.0,0.0,0.0,0.0,0.0
1899-01-01,0.0,0.0,0.0,0.0,0.0
1899-02-01,0.0,0.0,0.0,0.0,0.0
1899-03-01,0.0,0.0,0.0,0.0,0.0
1899-04-01,0.0,0.0,0.0,0.0,0.0
1899-05-01,0.0,0.0,0.0,0.0,0.0
1899-06-01,0.0,0.0,0.0,0.0,0.0
1899-07-01,0.0,0.0,0.0,0.0,0.0
1899-08-01,0.0,0.0,0.0,0.0,0.0
1899-09-01,0.0,0.0,0.0,0.0,0.0
1899-10-01,0.0,0.0,0.0,0.0,0.0
1899-11-01,0.0,0.0,0.0,0.0,0.0
1899-12-01,0.0,0.0,0.0,0.0,0.0
1900-01-01,0.0,0.0,0.0,0.0,0.0
1900-02-01,0.0,0.0,0.0,0.0,0.0
1900-03-01,0.0,0.0,0.0,0.0,0.0
1900-04-01,0.0,0.0,0.0,0.0,0.0
1900-05-01,0.0,0.0,0.0,0.0,0.0
1900-06-01,0.0,0.0,0.0,0.0,0.0
1900-07-01,0.0,0.0,0.0,0.0,0.0
1900-08-01,0.0,0.0,0.0,0.0,0.0
1900-09-01,0.0,0.0,0.0,0.0,0.0
1900-10-01,0.0,0.0,0.0,0.0,0.0
1900-11-01,0.0,0.0,0.0,0.0,0.0
1900-12-01,0.0,0.0,0.0,0.0,0.0
1901-01-01,0.0,0.0,0.0,0.0,0.0
1901-02-01,0.0,0.0,0.0,0.0,0.0
1901-03-01,0.0,0.0,0.0,0.0,0.0
1901-04-01,0.0,0.0,0.0,0.0,0.0
1901-05-01,0.0,0.0,0.0,0.0,0.0
1901-06-01,0.0,0.0,0.0,0.0,0.0
1901-07-01,0.0,0.0,0.0,0.0,0.0
1901-08-01,0.0,0.0,0.0,0.0,0.0
1901-09-01,0.0,0.0,0.0,0.0,0.0
1901-10-01,0.0,0.0,0.0,0.0,0.0
1901-11-01,0.0,0.0,0.0,0.0,0.0
1901-12-01,0.0,0.0,0.0,0.0,0.0
1902-01-01,0.0,0.0,0.0,0.0,0.0
1902-02-01,0.0,0.0,0.0,0.0,0.0
1902-03-01,0.0,0.0,0.0,0.0,0.0
1902-04-01,0.0,0.0,0.0,0.0,0.0
1902-05-01,0.0,0.0,0.0,0.0,0.0
1902-06-01,0.0,0.0,0.0,0.0,0.0
1902-07-01,0.0,0.0,0.0,0.0,0.0
1902-08-01,0.0,0.0,0.0,0.0,0.0
1902-09-01,0.0,0.0,0.0,0.0,0.0
1902-10-01,0.0,0.0,0.0,0.0,0.0
1902-11-01,0.0,0.0,0.0,0.0,0.0
1902-12-01,0.0,0.0,0.0,0.0,0.0
1903-01-01,0.0,0.0,0.0,0.0,0.0
1903-02-01,0.0,0.0,0.0,0.0,0.0
1903-03-01,0.0,0.0,0.0,0.0,0.0
1903-04-01,0.0,0.0,0.0,0.0,0.0
1903-05-01,0.0,0.0,0.0,0.0,0.0
1903-06-01,0.0,0.0,0.0,0.0,0.0
1903-07-01,0.0,0.0,0.0,0.0,0.0
1903-08-01,0.0,0.0,0.0,0.0,0.0
1903-09-01,0.0,0.0,0.0,0.0,0.0
1903-10-01,0.0,0.0,0.0,0.0,0.0
1903-11-01,0.0,0.0,0.0,0.0,0.0
1903-12-01,0.0,0.0,0.0,0.0,0.0
1904-01-01,0.0,0.0,0.0,0.0,0.0
1904-02-01,0.0,0.0,0.0,0.0,0.0
1904-03-01,0.0,0.0,0.0,0.0,0.0
1904-04-01,0.0,0.0,0.0,0.0,0.0
1904-05-01,0.0,0.0,0.0,0.0,0.0
1904-06-01,0.0,0.0,0.0,0.0,0.0
1904-07-01,0.0,0.0,0.0,0.0,0.0
1904-08-01,0.0,0.0,0.0,0.0,0.0
1904-09-01,0.0,0.0,0.0,0.0,0.0
1904-10-01,0.0,0.0,0.0,0.0,0.0
1904-11-01,0.0,0.0,0.0,0.0,0.0
1904-12-01,0.0,0.0,0.0,0.0,0.0
1905-01-01,0.0,0.0,0.0,0.0,0.0
1905-02-01,0.0,0.0,0.0,0.0,0.0
1905-03-01,0.0,0.0,0.0,0.0,0.0
1905-04-01,0.0,0.0,0.0,0.0,0.0
1905-05-01,0.0,0.0,0.0,0.0,0.0
1905-06-01,0.0,0.0,0.0,0.0,0.0
1905-07-01,0.0,0.0,0.0,0.0,0.0
1905-08-01,0.0,0.0,0.0,0.0,0.0
1905-09-01,0.0,0.0,0.0,0.0,0.0
1905-10-01,0.0,0.0,0.0,0.0,0.0
1905-11-01,0.0,0.0,0.0,0.0,0.0
1905-12-01,0.0,0.0,0.0,0.0,0.0
1906-01-01,0.0,0.0,0.0,0.0,0.0
1906-02-01,0.0,0.0,0.0,0.0,0.0
1906-03-01,0.0,0.0,0.0,0.0,0.0
1906-04-01,0.0,0.0,0.0,0.0,0.0
1906-05-01,0.0,0.0,0.0,0.0,0.0
1906-06-01,0.0,0.0,0.0,0.0,0.0
1906-07-01,0.0,0.0,0.0,0.0,0.0
1906-08-01,0.0,0.0,0.0,0.0,0.0
1906-09-01,0.0,0.0,0.0,0.0,0.0
1906-10-01,0.0,0.0,0.0,0.0,0.0
1906-11-01,0.0,0.0,0.0,0.0,0.0
1906-12-01,0.0,0.0,0.0,0.0,0.0
1907-01-01,0.0,0.0,0.0,0.0,0.0
1907-02-01,0.0,0.0,0.0,0.0,0.0
1907-03-01,0.0,0.0,0.0,0.0,0.0
1907-04-01,0.0,0.0,0.0,0.0,0.0
1907-05-01,0.0,0.0,0.0,0.0,0.0
1907-06-01,0.0,0.0,0.0,0.0,0.0
1907-07-01,0.0,0.0,0.0,0.0,0.0
1907-08-01,0.0,0.0,0.0,0.0,0.0
1907-09-01,0.0,0.0,0.0,0.0,0.0
1907-10-01,0.0,0.0,0.0,0.0,0.0
1907-11-01,0.0,0.0,0.0,0.0,0.0
1907-12-01,0.0,0.0,0.0,0.0,0.0
1908-01-01,0.0,0.0,0.0,0.0,0.0
1908-02-01,0.0,0.0,0.0,0.0,0.0
1908-03-01,0.0,0.0,0.0,0.0,0.0
1908-04-01,0.0,0.0,0.0,0.0,0.0
1908-05-01,0.0,0.0,0.0,0.0,0.0
1908-06-01,0.0,0.0,0.0,0.0,0.0
1908-07-01,0.0,0.0,0.0,0.0,0.0
1908-08-01,0.0,0.0,0.0,0.0,0.0
1908-09-01,0.0,0.0,0.0,0.0,0.0
1908-10-01,0.0,0.0,0.0,0.0,0.0
1908-11-01,0.0,0.0,0.0,0.0,0.0
1908-12-01,0.0,0.0,0.0,0.0,0.0
1909-01-01,0.0,0.0,0.0,0.0,0.0
1909-02-01,0.0,0.0,0.0,0.0,0.0
1909-03-01,0.0,0.0,0.0,0.0,0.0
1909-04-01,0.0,0.0,0.0,0.0,0.0
1909-05-01,0.0,0.0,0.0,0.0,0.0
1909-06-01,0.0,0.0,0.0,0.0,0.0
1909-07-01,0.0,0.0,0.0,0.0,0.0
1909-08-01,0.0,0.0,0.0,0.0,0.0
1909-09-01,0.0,0.0,0.0,0.0,0.0
1909-10-01,0.0,0.0,0.0,0.0,0.0
1909-11-01,0.0,0.0,0.0,0.0,0.0
1909-12-01,0.0,0.0,0.0,0.0,0.0
1910-01-01,0.0,0.0,0.0,0.0,0.0
1910-02-01,0.0,0.0,0.0,0.0,0.0
1910-03-01,0.0,0.0,0.0,0.0,0.0
1910-04-01,0.0,0.0,0.0,0.0,0.0
1910-05-01,0.0,0.0,0.0,0.0,0.0
1910-06-01,0.0,0.0,0.0,0.0,0.0
1910-07-01,0.0,0.0,0.0,0.0,0.0
1910-08-01,0.0,0.0,0.0,0.0,0.0
1910-09-01,0.0,0.0,0.0,0.0,0.0
1910-10-01,0.0,0.0,0.0,0.0,0.0
1910-11-01,0.0,0.0,0.0,0.0,0.0
1910-12-01,0.0,0.0,0.0,0.0,0.0
1911-01-01,0.0,0.0,0.0,0.0,0.0
1911-02-01,0.0,0.0,0.0,0.0,0.0
1911-03-01,0.0,0.0,0.0,0.0,0.0
1911-04-01,0.0,0.0,0.0,0.0,0.0
1911-05-01,0.0,0.0,0.0,0.0,0.0
1911-06-01,0.0,0.0,0.0,0.0,0.0
1911-07-01,0.0,0.0,0.0,0.0,0.0
1911-08-01,0.0,0.0,0.0,0.0,0.0
1911-09-01,0.0,0.0,0.0,0.0,0.0
1911-10-01,0.0,0.0,0.0,0.0,0.0
1911-11-01,0.0,0.0,0.0,0.0,0.0
1911-12-01,0.0,0.0,0.0,0.0,0.0
1912-01-01,0.0,0.0,0.0,0.0,0.0
1912-02-01,0.0,0.0,0.0,0.0,0.0
1912-03-01,0.0,0.0,0.0,0.0,0.0
1912-04-01,0.0,0.0,0.0,0.0,0.0
1912-05-01,0.0,0.0,0.0,0.0,0.0
1912-06-01,0.0,0.0,0.0,0.0,0.0
1912-07-01,0.0,0.0,0.0,0.0,0.0
1912-08-01,0.0,0.0,0.0,0.0,0.0
1912-09-01,0.0,0.0,0.0,0.0,0.0
1912-10-01,0.0,0.0,0.0,0.0,0.0
1912-11-01,0.0,0.0,0.0,0.0,0.0
1912-12-01,0.0,0.0,0.0,0.0,0.0
1913-01-01,0.0,0.0,0.0,0.0,0.0
1913-02-01,0.0,0.0,0.0,0.0,0.0
1913-03-01,0.0,0.0,0.0,0.0,0.0
1913-04-01,0.0,0.0,0.0,0.0,0.0
1913-05-01,0.0,0.0,0.0,0.0,0.0
1913-06-01,0.0,0.0,0.0,0.0,0.0
1913-07-01,0.0,0.0,0.0,0.0,0.0
1913-08-01,0.0,0.0,0.0,0.0,0.0
1913-09-01,0.0,0.0,0.0,0.0,0.0
1913-10-01,0.0,0.0,0.0,0.0,0.0
1913-11-01,0.0,0.0,0.0,0.0,0.0
1913-12-01,0.0,0.0,0.0,0.0,0.0
1914-01-01,0.0,0.0,0.0,0.0,0.0
1914-02-01,0.0,0.0,0.0,0.0,0.0
1914-03-01,0.0,0.0,0.0,0.0,0.0
1914-04-01,0.0,0.0,0.0,0.0,0.0
1914-05-01,0.0,0.0,0.0,0.0,0.0
1914-06-01,0.0,0.0,0.0,0.0,0.0
1914-07-01,0.0,0.0,0.0,0.0,0.0
1914-08-01,0.0,0.0,0.0,0.0,0.0
1914-09-01,0.0,0.0,0.0,0.0,0.0
1914-10-01,0.0,0.0,0.0,0.0,0.0
1914-11-01,0.0,0.0,0.0,0.0,0.0
1914-12-01,0.0,0.0,0.0,0.0,0.0
1915-01-01,0.0,0.0,0.0,0.0,0.0
1915-02-01,0.0,0.0,0.0,0.0,0.0
1915-03-01,0.0,0.0,0.0,0.0,0.0
1915-04-01,0.0,0.0,0.0,0.0,0.0
1915-05-01,0.0,0.0,0.0,0.0,0.0
1915-06-01,0.0,0.0,0.0,0.0,0.0
1915-07-01,0.0,0.0,0.0,0.0,0.0
1915-08-01,0.0,0.0,0.0,0.0,0.0
1915-09-01,0.0,0.0,0.0,0.0,0.0
1915-10-01,0.0,0.0,0.0,0.0,0.0
1915-11-01,0.0,0.0,0.0,0.0,0.0
1915-12-01,0.0,0.0,0.0,0.0,0.0
1916-01-01,0.0,0.0,0.0,0.0,0.0
1916-02-01,0.0,0.0,0.0,0.0,0.0
1916-03-01,0.0,0.0,0.0,0.0,0.0
1916-04-01,0.0,0.0,0.0,0.0,0.0
1916-05-01,0.0,0.0,0.0,0.0,0.0
1916-06-01,0.0,0.0,0.0,0.0,0.0
1916-07-01,0.0,0.0,0.0,0.0,0.0
1916-08-01,0.0,0.0,0.0,0.0,0.0
1916-09-01,0.0,0.0,0.0,0.0,0.0
1916-10-01,0.0,0.0,0.0,0.0,0.0
1916-11-01,0.0,0.0,0.0,0.0,0.0
1916-12-01,0.0,0.0,0.0,0.0,0.0
1917-01-01,0.0,0.0,0.0,0.0,0.0
1917-02-01,0.0,0.0,0.0,0.0,0.0
1917-03-01,0.0,0.0,0.0,0.0,0.0
1917-04-01,0.0,0.0,0.0,0.0,0.0
1917-05-01,0.0,0.0,0.0,0.0,0.0
1917-06-01,0.0,0.0,0.0,0.0,0.0
1917-07-01,0.0,0.0,0.0,0.0,0.0
1917-08-01,0.0,0.0,0.0,0.0,0.0
1917-09-01,0.0,0.0,0.0,0.0,0.0
1917-10-01,0.0,0.0,0.0,0.0,0.0
1917-11-01,0.0,0.0,0.0,0.0,0.0
1917-12-01,0.0,0.0,0.0,0.0,0.0
1918-01-01,0.0,0.0,0.0,0.0,0.0
1918-02-01,0.0,0.0,0.0,0.0,0.0
1918-03-01,0.0,0.0,0.0,0.0,0.0
1918-04-01,0.0,0.0,0.0,0.0,0.0
1918-05-01,0.0,0.0,0.0,0.0,0.0
1918-06-01,0.0,0.0,0.0,0.0,0.0
1918-07-01,0.0,0.0,0.0,0.0,0.0
1918-08-01,0.0,0.0,0.0,0.0,0.0
1918-09-01,0.0,0.0,0.0,0.0,0.0
1918-10-01,0.0,0.0,0.0,0.0,0.0
1918-11-01,0.0,0.0,0.0,0.0,0.0
1918-12-01,0.0,0.0,0.0,0.0,0.0
1919-01-01,0.0,0.0,0.0,0.0,0.0
1919-02-01,0.0,0.0,0.0,0.0,0.0
1919-03-01,0.0,0.0,0.0,0.0,0.0
1919-04-01,0.0,0.0,0.0,0.0,0.0
1919-05-01,0.0,0.0,0.0,0.0,0.0
1919-06-01,0.0,0.0,0.0,0.0,0.0
1919-07-01,0.0,0.0,0.0,0.0,0.0
1919-08-01,0.0,0.0,0.0,0.0,0.0
1919-09-01,0.0,0.0,0.0,0.0,0.0
1919-10-01,0.0,0.0,0.0,0.0,0.0
1919-11-01,0.0,0.0,0.0,0.0,0.0
1919-12-01,0.0,0.0,0.0,0.0,0.0
1920-01-01,0.0,0.0,0.0,0.0,0.0
1920-02-01,0.0,0.0,0.0,0.0,0.0
1920-03-01,0.0,0.0,0.0,0.0,0.0
1920-04-01,0.0,0.0,0.0,0.0,0.0
1920-05-01,0.0,0.0,0.0,0.0,0.0
1920-06-01,0.0,0.0,0.0,0.0,0.0
1920-07-01,0.0,0.0,0.0,0.0,0.0
1920-08-01,0.0,0.0,0.0,0.0,0.0
1920-09-01,0.0,0.0,0.0,0.0,0.0
1920-10-01,0.0,0.0,0.0,0.0,0.0
1920-11-01,0.0,0.0,0.0,0.0,0.0
1920-12-01,0.0,0.0,0.0,0.0,0.0
1921-01-01,0.0,0.0,0.0,0.0,0.0
1921-02-01,0.0,0.0,0.0,0.0,0.0
1921-03-01,0.0,0.0,0.0,0.0,0.0
1921-04-01,0.0,0.0,0.0,0.0,0.0
1921-05-01,0.0,0.0,0.0,0.0,0.0
1921-06-01,0.0,0.0,0.0,0.0,0.0
1921-07-01,0.0,0.0,0.0,0.0,0.0
1921-08-01,0.0,0.0,0.0,0.0,0.0
1921-09-01,0.0,0.0,0.0,0.0,0.0
1921-10-01,0.0,0.0,0.0,0.0,0.0
1921-11-01,0.0,0.0,0.0,0.0,0.0
1921-12-01,0.0,0.0,0.0,0.0,0.0
1922-01-01,0.0,0.0,0.0,0.0,0.0
1922-02-01,0.0,0.0,0.0,0.0,0.0
1922-03-01,0.0,0.0,0.0,0.0,0.0
1922-04-01,0.0,0.0,0.0,0.0,0.0
1922-05-01,0.0,0.0,0.0,0.0,0.0
1922-06-01,0.0,0.0,0.0,0.0,0.0
1922-07-01,0.0,0.0,0.0,0.0,0.0
1922-08-01,0.0,0.0,0.0,0.0,0.0
1922-09-01,0.0,0.0,0.0,0.0,0.0
1922-10-01,0.0,0.0,0.0,0.0,0.0
1922-11-01,0.0,0.0,0.0,0.0,0.0
1922-12-01,0.0,0.0,0.0,0.0,0.0
1923-01-01,0.0,0.0,0.0,0.0,0.0
1923-02-01,0.0,0.0,0.0,0.0,0.0
1923-03-01,0.0,0.0,0.0,0.0,0.0
1923-04-01,0.0,0.0,0.0,0.0,0.0
1923-05-01,0.0,0.0,0.0,0.0,0.0
1923-06-01,0.0,0.0,0.0,0.0,0.0
1923-07-01,0.0,0.0,0.0,0.0,0.0
1923-08-01,0.0,0.0,0.0,0.0,0.0
1923-09-01,0.0,0.0,0.0,0.0,0.0
1923-10-01,0.0,0.0,0.0,0.0,0.0
1923-11-01,0.0,0.0,0.0,0.0,0.0
1923-12-01,0.0,0.0,0.0,0.0,0.0
1924-01-01,0.0,0.0,0.0,0.0,0.0
1924-02-01,0.0,0.0,0.0,0.0,0.0
1924-03-01,0.0,0.0,0.0,0.0,0.0
1924-04-01,0.0,0.0,0.0,0.0,0.0
1924-05-01,0.0,0.0,0.0,0.0,0.0
1924-06-01,0.0,0.0,0.0,0.0,0.0
1924-07-01,0.0,0.0,0.0,0.0,0.0
1924-08-01,0.0,0.0,0.0,0.0,0.0
1924-09-01,0.0,0.0,0.0,0.0,0.0
1924-10-01,0.0,0.0,0.0,0.0,0.0
1924-11-01,0.0,0.0,0.0,0.0,0.0
1924-12-01,0.0,0.0,0.0,0.0,0.0
1925-01-01,0.0,0.0,0.0,0.0,0.0
1925-02-01,0.0,0.0,0.0,0.0,0.0
1925-03-01,0.0,0.0,0.0,0.0,0.0
1925-04-01,0.0,0.0,0.0,0.0,0.0
1925-05-01,0.0,0.0,0.0,0.0,0.0
1925-06-01,0.0,0.0,0.0,0.0,0.0
1925-07-01,0.0,0.0,0.0,0.0,0.0
1925-08-01,0.0,0.0,0.0,0.0,0.0
1925-09-01,0.0,0.0,0.0,0.0,0.0
1925-10-01,0.0,0.0,0.0,0.0,0.0
1925-11-01,0.0,0.0,0.0,0.0,0.0
1925-12-01,0.0,0.0,0.0,0.0,0.0
1926-01-01,0.0,0.0,0.0,0.0,0.0
1926-02-01,0.0,0.0,0.0,0.0,0.0
1926-03-01,0.0,0.0,0.0,0.0,0.0
1926-04-01,0.0,0.0,0.0,0.0,0.0
1926-05-01,0.0,0.0,0.0,0.0,0.0
1926-06-01,0.0,0.0,0.0,0.0,0.0
1926-07-01,0.0,0.0,0.0,0.0,0.0
1926-08-01,0.0,0.0,0.0,0.0,0.0
1926-09-01,0.0,0.0,0.0,0.0,0.0
1926-10-01,0.0,0.0,0.0,0.0,0.0
1926-11-01,0.0,0.0,0.0,0.0,0.0
1926-12-01,0.0,0.0,0.0,0.0,0.0
1927-01-01,0.0,0.0,0.0,0.0,0.0
1927-02-01,0.0,0.0,0.0,0.0,0.0
1927-03-01,0.0,0.0,0.0,0.0,0.0
1927-04-01,0.0,0.0,0.0,0.0,0.0
1927-05-01,0.0,0.0,0.0,0.0,0.0
1927-06-01,0.0,0.0,0.0,0.0,0.0
1927-07-01,0.0,0.0,0.0,0.0,0.0
1927-08-01,0.0,0.0,0.0,0.0,0.0
1927-09-01,0.0,0.0,0.0,0.0,0.0
1927-10-01,0.0,0.0,0.0,0.0,0.0
1927-11-01,0.0,0.0,0.0,0.0,0.0
1927-12-01,0.0,0.0,0.0,0.0,0.0
1928-01-01,0.0,0.0,0.0,0.0,0.0
1928-02-01,0.0,0.0,0.0,0.0,0.0
1928-03-01,0.0,0.0,0.0,0.0,0.0
1928-04-01,0.0,0.0,0.0,0.0,0.0
1928-05-01,0.0,0.0,0.0,0.0,0.0
1928-06-01,0.0,0.0,0.0,0.0,0.0
1928-07-01,0.0,0.0,0.0,0.0,0.0
1928-08-01,0.0,0.0,0.0,0.0,0.0
1928-09-01,0.0,0.0,0.0,0.0,0.0
1928-10-01,0.0,0.0,0.0,0.0,0.0
1928-11-01,0.0,0.0,0.0,0.0,0.0
1928-12-01,0.0,0.0,0.0,0.0,0.0
1929-01-01,0.0,0.0,0.0,0.0,0.0
1929-02-01,0.0,0.0,0.0,0.0,0.0
1929-03-01,0.0,0.0,0.0,0.0,0.0
1929-04-01,0.0,0.0,0.0,0.0,0.0
1929-05-01,0.0,0.0,0.0,0.0,0.0
1929-06-01,0.0,0.0,0.0,0.0,0.0
1929-07-01,0.0,0.0,0.0,0.0,0.0
1929-08-01,0.0,0.0,0.0,0.0,0.0
1929-09-01,0.0,0.0,0.0,0.0,0.0
1929-10-01,0.0,0.0,0.0,0.0,0.0
1929-11-01,0.0,0.0,0.0,0.0,0.0
1929-12-01,0.0,0.0,0.0,0.0,0.0
1930-01-01,0.0,0.0,0.0,0.0,0.0
1930-02-01,0.0,0.0,0.0,0.0,0.0
1930-03-01,0.0,0.0,0.0,0.0,0.0
1930-04-01,0.0,0.0,0.0,0.0,0.0
1930-05-01,0.0,0.0,0.0,0.0,0.0
1930-06-01,0.0,0.0,0.0,0.0,0.0
1930-07-01,0.0,0.0,0.0,0.0,0.0
1930-08-01,0.0,0.0,0.0,0.0,0.0
1930-09-01,0.0,0.0,0.0,0.0,0.0
1930-10-01,0.0,0.0,0.0,0.0,0.0
1930-11-01,0.0,0.0,0.0,0.0,0.0
1930-12-01,0.0,0.0,0.0,0.0,0.0
1931-01-01,0.0,0.0,0.0,0.0,0.0
1931-02-01,0.0,0.0,0.0,0.0,0.0
1931-03-01,0.0,0.0,0.0,0.0,0.0
1931-04-01,0.0,0.0,0.0,0.0,0.0
1931-05-01,0.0,0.0,0.0,0.0,0.0
1931-06-01,0.0,0.0,0.0,0.0,0.0
1931-07-01,0.0,0.0,0.0,0.0,0.0
1931-08-01,0.0,0.0,0.0,0.0,0.0
1931-09-01,0.0,0.0,0.0,0.0,0.0
1931-10-01,0.0,0.0,0.0,0.0,0.0
1931-11-01,0.0,0.0,0.0,0.0,0.0
1931-12-01,0.0,0.0,0.0,0.0,0.0
1932-01-01,0.0,0.0,0.0,0.0,0.0
1932-02-01,0.0,0.0,0.0,0.0,0.0
1932-03-01,0.0,0.0,0.0,0.0,0.0
1932-04-01,0.0,0.0,0.0,0.0,0.0
1932-05-01,0.0,0.0,0.0,0.0,0.0
1932-06-01,0.0,0.0,0.0,0.0,0.0
1932-07-01,0.0,0.0,0.0,0.0,0.0
1932-08-01,0.0,0.0,0.0,0.0,0.0
1932-09-01,0.0,0.0,0.0,0.0,0.0
1932-10-01,0.0,0.0,0.0,0.0,0.0
1932-11-01,0.0,0.0,0.0,0.0,0.0
1932-12-01,0.0,0.0,0.0,0.0,0.0
1933-01-01,0.0,0.0,0.0,0.0,0.0
1933-02-01,0.0,0.0,0.0,0.0,0.0
1933-03-01,0.0,0.0,0.0,0.0,0.0
1933-04-01,0.0,0.0,0.0,0.0,0.0
1933-05-01,0.0,0.0,0.0,0.0,0.0
1933-06-01,0.0,0.0,0.0,0.0,0.0
1933-07-01,0.0,0.0,0.0,0.0,0.0
1933-08-01,0.0,0.0,0.0,0.0,0.0
1933-09-01,0.0,0.0,0.0,0.0,0.0
1933-10-01,0.0,0.0,0.0,0.0,0.0
1933-11-01,0.0,0.0,0.0,0.0,0.0
1933-12-01,0.0,0.0,0.0,0.0,0.0
1934-01-01,0.0,0.0,0.0,0.0,0.0
1934-02-01,0.0,0.0,0.0,0.0,0.0
1934-03-01,0.0,0.0,0.0,0.0,0.0
1934-04-01,0.0,0.0,0.0,0.0,0.0
1934-05-01,0.0,0.0,0.0,0.0,0.0
1934-06-01,0.0,0.0,0.0,0.0,0.0
1934-07-01,0.0,0.0,0.0,0.0,0.0
1934-08-01,0.0,0.0,0.0,0.0,0.0
1934-09-01,0.0,0.0,0.0,0.0,0.0
1934-10-01,0.0,0.0,0.0,0.0,0.0
1934-11-01,0.0,0.0,0.0,0.0,0.0
1934-12-01,0.0,0.0,0.0,0.0,0.0
1935-01-01,0.0,0.0,0.0,0.0,0.0
1935-02-01,0.0,0.0,0.0,0.0,0.0
1935-03-01,0.0,0.0,0.0,0.0,0.0
1935-04-01,0.0,0.0,0.0,0.0,0.0
1935-05-01,0.0,0.0,0.0,0.0,0.0
1935-06-01,0.0,0.0,0.0,0.0,0.0
1935-07-01,0.0,0.0,0.0,0.0,0.0
1935-08-01,0.0,0.0,0.0,0.0,0.0
1935-09-01,0.0,0.0,0.0,0.0,0.0
1935-10-01,0.0,0.0,0.0,0.0,0.0
1935-11-01,0.0,0.0,0.0,0.0,0.0
1935-12-01,0.0,0.0,0.0,0.0,0.0
1936-01-01,0.0,0.0,0.0,0.0,0.0
1936-02-01,0.0,0.0,0.0,0.0,0.0
1936-03-01,0.0,0.0,0.0,0.0,0.0
1936-04-01,0.0,0.0,0.0,0.0,0.0
1936-05-01,0.0,0.0,0.0,0.0,0.0
1936-06-01,0.0,0.0,0.0,0.0,0.0
1936-07-01,0.0,0.0,0.0,0.0,0.0
1936-08-01,0.0,0.0,0.0,0.0,0.0
1936-09-01,0.0,0.0,0.0,0.0,0.0
1936-10-01,0.0,0.0,0.0,0.0,0.0
1936-11-01,0.0,0.0,0.0,0.0,0.0
1936-12-01,0.0,0.0,0.0,0.0,0.0
1937-01-01,0.0,0.0,0.0,0.0,0.0
1937-02-01,0.0,0.0,0.0,0.0,0.0
1937-03-01,0.0,0.0,0.0,0.0,0.0
1937-04-01,0.0,0.0,0.0,0.0,0.0
1937-05-01,0.0,0.0,0.0,0.0,0.0
1937-06-01,0.0,0.0,0.0,0.0,0.0
1937-07-01,0.0,0.0,0.0,0.0,0.0
1937-08-01,0.0,0.0,0.0,0.0,0.0
1937-09-01,0.0,0.0,0.0,0.0,0.0
1937-10-01,0.0,0.0,0.0,0.0,0.0
1937-11-01,0.0,0.0,0.0,0.0,0.0
1937-12-01,0.0,0.0,0.0,0.0,0.0
1938-01-01,0.0,0.0,0.0,0.0,0.0
1938-02-01,0.0,0.0,0.0,0.0,0.0
1938-03-01,0.0,0.0,0.0,0.0,0.0
1938-04-01,0.0,0.0,0.0,0.0,0.0
1938-05-01,0.0,0.0,0.0,0.0,0.0
1938-06-01,0.0,0.0,0.0,0.0,0.0
1938-07-01,0.0,0.0,0.0,0.0,0.0
1938-08-01,0.0,0.0,0.0,0.0,0.0
1938-09-01,0.0,0.0,0.0,0.0,0.0
1938-10-01,0.0,0.0,0.0,0.0,0.0
1938-11-01,0.0,0.0,0.0,0.0,0.0
1938-12-01,0.0,0.0,0.0,0.0,0.0
1939-01-01,0.0,0.0,0.0,0.0,0.0
1939-02-01,0.0,0.0,0.0,0.0,0.0
1939-03-01,0.0,0.0,0.0,0.0,0.0
1939-04-01,0.0,0.0,0.0,0.0,0.0
1939-05-01,0.0,0.0,0.0,0.0,0.0
1939-06-01,0.0,0.0,0.0,0.0,0.0
1939-07-01,0.0,0.0,0.0,0.0,0.0
1939-08-01,0.0,0.0,0.0,0.0,0.0
1939-09-01,0.0,0.0,0.0,0.0,0.0
1939-10-01,0.0,0.0,0.0,0.0,0.0
1939-11-01,0.0,0.0,0.0,0.0,0.0
1939-12-01,0.0,0.0,0.0,0.0,0.0
1940-01-01,0.0,0.0,0.0,0.0,0.0
1940-02-01,0.0,0.0,0.0,0.0,0.0
1940-03-01,0.0,0.0,0.0,0.0,0.0
1940-04-01,0.0,0.0,0.0,0.0,0.0
1940-05-01,0.0,0.0,0.0,0.0,0.0
1940-06-01,0.0,0.0,0.0,0.0,0.0
1940-07-01,0.0,0.0,0.0,0.0,0.0
1940-08-01,0.0,0.0,0.0,0.0,0.0
1940-09-01,0.0,0.0,0.0,0.0,0.0
1940-10-01,0.0,0.0,0.0,0.0,0.0
1940-11-01,0.0,0.0,0.0,0.0,0.0
1940-12-01,0.0,0.0,0.0,0.0,0.0
1941-01-01,0.0,0.0,0.0,0.0,0.0
1941-02-01,0.0,0.0,0.0,0.0,0.0
1941-03-01,0.0,0.0,0.0,0.0,0.0
1941-04-01,0.0,0.0,0.0,0.0,0.0
1941-05-01,0.0,0.0,0.0,0.0,0.0
1941-06-01,0.0,0.0,0.0,0.0,0.0
1941-07-01,0.0,0.0,0.0,0.0,0.0
1941-08-01,0.0,0.0,0.0,0.0,0.0
1941-09-01,0.0,0.0,0.0,0.0,0.0
1941-10-01,0.0,0.0,0.0,0.0,0.0
1941-11-01,0.0,0.0,0.0,0.0,0.0
1941-12-01,0.0,0.0,0.0,0.0,0.0
1942-01-01,0.0,0.0,0.0,0.0,0.0
1942-02-01,0.0,0.0,0.0,0.0,0.0
1942-03-01,0.0,0.0,0.0,0.0,0.0
1942-04-01,0.0,0.0,0.0,0.0,0.0
1942-05-01,0.0,0.0,0.0,0.0,0.0
1942-06-01,0.0,0.0,0.0,0.0,0.0
1942-07-01,0.0,0.0,0.0,0.0,0.0
1942-08-01,0.0,0.0,0.0,0.0,0.0
1942-09-01,0.0,0.0,0.0,0.0,0.0
1942-10-01,0.0,0.0,0.0,0.0,0.0
1942-11-01,0.0,0.0,0.0,0.0,0.0
1942-12-01,0.0,0.0,0.0,0.0,0.0
1943-01-01,0.0,0.0,0.0,0.0,0.0
1943-02-01,0.0,0.0,0.0,0.0,0.0
1943-03-01,0.0,0.0,0.0,0.0,0.0
1943-04-01,0.0,0.0,0.0,0.0,0.0
1943-05-01,0.0,0.0,0.0,0.0,0.0
1943-06-01,0.0,0.0,0.0,0.0,0.0
1943-07-01,0.0,0.0,0.0,0.0,0.0
1943-08-01,0.0,0.0,0.0,0.0,0.0
1943-09-01,0.0,0.0,0.0,0.0,0.0
1943-10-01,0.0,0.0,0.0,0.0,0.0
1943-11-01,0.0,0.0,0.0,0.0,0.0
1943-12-01,0.0,0.0,0.0,0.0,0.0
1944-01-01,0.0,0.0,0.0,0.0,0.0
1944-02-01,0.0,0.0,0.0,0.0,0.0
1944-03-01,0.0,0.0,0.0,0.0,0.0
1944-04-01,0.0,0.0,0.0,0.0,0.0
1944-05-01,0.0,0.0,0.0,0.0,0.0
1944-06-01,0.0,0.0,0.0,0.0,0.0
1944-07-01,0.0,0.0,0.0,0.0,0.0
1944-08-01,0.0,0.0,0.0,0.0,0.0
1944-09-01,0.0,0.0,0.0,0.0,0.0
1944-10-01,0.0,0.0,0.0,0.0,0.0
1944-11-01,0.0,0.0,0.0,0.0,0.0
1944-12-01,0.0,0.0,0.0,0.0,0.0
1945-01-01,0.0,0.0,0.0,0.0,0.0
1945-02-01,0.0,0.0,0.0,0.0,0.0
1945-03-01,0.0,0.0,0.0,0.0,0.0
1945-04-01,0.0,0.0,0.0,0.0,0.0
1945-05-01,0.0,0.0,0.0,0.0,0.0
1945-06-01,0.0,0.0,0.0,0.0,0.0
1945-07-01,0.0,0.0,0.0,0.0,0.0
1945-08-01,0.0,0.0,0.0,0.0,0.0
1945-09-01,0.0,0.0,0.0,0.0,0.0
1945-10-01,0.0,0.0,0.0,0.0,0.0
1945-11-01,0.0,0.0,0.0,0.0,0.0
1945-12-01,0.0,0.0,0.0,0.0,0.0
1946-01-01,0.0,0.0,0.0,0.0,0.0
1946-02-01,0.0,0.0,0.0,0.0,0.0
1946-03-01,0.0,0.0,0.0,0.0,0.0
1946-04-01,0.0,0.0,0.0,0.0,0.0
1946-05-01,0.0,0.0,0.0,0.0,0.0
1946-06-01,0.0,0.0,0.0,0.0,0.0
1946-07-01,0.0,0.0,0.0,0.0,0.0
1946-08-01,0.0,0.0,0.0,0.0,0.0
1946-09-01,0.0,0.0,0.0,0.0,0.0
1946-10-01,0.0,0.0,0.0,0.0,0.0
1946-11-01,0.0,0.0,0.0,0.0,0.0
1946-12-01,0.0,0.0,0.0,0.0,0.0
1947-01-01,0.0,0.0,0.0,0.0,0.0
1947-02-01,0.0,0.0,0.0,0.0,0.0
1947-03-01,0.0,0.0,0.0,0.0,0.0
1947-04-01,0.0,0.0,0.0,0.0,0.0
1947-05-01,0.0,0.0,0.0,0.0,0.0
1947-06-01,0.0,0.0,0.0,0.0,0.0
1947-07-01,0.0,0.0,0.0,0.0,0.0
1947-08-01,0.0,0.0,0.0,0.0,0.0
1947-09-01,0.0,0.0,0.0,0.0,0.0
1947-10-01,0.0,0.0,0.0,0.0,0.0
1947-11-01,0.0,0.0,0.0,0.0,0.0
1947-12-01,0.0,0.0,0.0,0.0,0.0
1948-01-01,0.0,0.0,0.0,0.0,0.0
1948-02-01,0.0,0.0,0.0,1.081081081081081,0.0
1948-03-01,0.0,0.0,0.0,1.2702702702702702,0.0
1948-04-01,0.0,0.0,0.0,1.2162162162162162,0.0
1948-05-01,0.0,0.0,0.0,1.081081081081081,0.0
1948-06-01,0.0,0.0,0.0,0.9189189189189189,0.0
1948-07-01,0.0,0.0,0.0,1.054054054054054,0.0
1948-08-01,0.0,0.0,0.0,1.054054054054054,0.0
1948-09-01,0.0,0.0,0.0,0.9729729729729729,0.0
1948-10-01,0.0,0.0,0.0,0.9189189189189189,0.0
1948-11-01,0.0,0.0,0.0,0.7837837837837838,0.0
1948-12-01,0.0,0.0,0.0,0.8918918918918918,0.0
1949-01-01,0.0,0.0,0.0,0.9729729729729729,0.0
1949-02-01,0.0,0.0,0.0,1.3513513513513513,0.0
1949-03-01,0.0,0.0,0.0,1.5675675675675675,0.0
1949-04-01,0.0,0.0,0.0,1.5135135135135134,0.0
1949-05-01,0.0,0.0,0.0,1.4594594594594594,0.0
1949-06-01,0.0,0.0,0.0,1.5405405405405406,0.0
1949-07-01,0.0,0.0,0.0,1.7297297297297298,0.0
1949-08-01,0.0,0.0,0.0,1.8918918918918919,0.0
1949-09-01,0.0,0.0,0.0,1.7027027027027026,0.0
1949-10-01,0.0,0.0,0.0,1.5945945945945945,0.0
1949-11-01,0.0,0.0,0.0,1.6486486486486485,0.0
1949-12-01,0.0,0.0,0.0,1.5405405405405406,0.0
1950-01-01,0.0,0.0,0.0,1.6216216216216215,0.0
1950-02-01,0.0,0.0,0.0,2.054054054054054,0.0
1950-03-01,0.0,0.0,0.0,2.135135135135135,0.0
1950-04-01,0.0,0.0,0.0,1.9189189189189186,0.0
1950-05-01,0.0,0.0,0.0,1.6216216216216215,0.0
1950-06-01,0.0,0.0,0.0,1.4324324324324322,0.0
1950-07-01,0.0,0.0,0.0,1.5135135135135134,0.0
1950-08-01,0.0,0.0,0.0,1.4324324324324322,0.0
1950-09-01,0.0,0.0,0.0,1.108108108108108,0.0
1950-10-01,0.0,0.0,0.0,1.081081081081081,0.0
1950-11-01,0.0,0.0,0.0,0.8918918918918918,0.0
1950-12-01,0.0,0.0,0.0,1.027027027027027,0.0
1951-01-01,0.0,0.0,0.0,1.054054054054054,0.0
1951-02-01,0.0,0.0,0.0,1.1891891891891893,0.0
1951-03-01,0.0,0.0,0.0,1.135135135135135,0.0
1951-04-01,0.0,0.0,0.0,1.027027027027027,0.0
1951-05-01,0.0,0.0,0.0,0.8648648648648649,0.0
1951-06-01,0.0,0.0,0.0,0.7837837837837838,0.0
1951-07-01,0.0,0.0,0.0,0.9189189189189189,0.0
1951-08-01,0.0,0.0,0.0,0.8918918918918918,0.0
1951-09-01,0.0,0.0,0.0,0.7837837837837838,0.0
1951-10-01,0.0,0.0,0.0,0.8108108108108107,0.0
1951-11-01,0.0,0.0,0.0,0.7567567567567567,0.0
1951-12-01,0.0,0.0,0.0,0.8648648648648649,0.0
1952-01-01,0.0,0.0,0.0,0.7837837837837838,0.0
1952-02-01,0.0,0.0,0.0,1.0,0.0
1952-03-01,0.0,0.0,0.0,1.027027027027027,0.0
1952-04-01,0.0,0.0,0.0,0.8918918918918918,0.0
1952-05-01,0.0,0.0,0.0,0.8108108108108107,0.0
1952-06-01,0.0,0.0,0.0,0.7837837837837838,0.0
1952-07-01,0.0,0.0,0.0,0.8648648648648649,0.0
1952-08-01,0.0,0.0,0.0,0.8918918918918918,0.0
1952-09-01,0.0,0.0,0.0,0.8378378378378378,0.0
1952-10-01,0.0,0.0,0.0,0.7297297297297297,0.0
1952-11-01,0.0,0.0,0.0,0.6486486486486486,0.0
1952-12-01,0.0,0.0,0.0,0.6756756756756757,0.0
1953-01-01,0.0,0.0,0.0,0.6756756756756757,0.0
1953-02-01,0.0,0.0,0.0,0.9189189189189189,0.0
1953-03-01,0.0,0.0,0.0,0.8648648648648649,0.0
1953-04-01,0.0,0.0,0.0,0.7837837837837838,0.0
1953-05-01,0.0,0.0,0.0,0.7567567567567567,0.0
1953-06-01,0.0,0.0,0.0,0.6756756756756757,0.0
1953-07-01,0.0,0.0,0.0,0.7297297297297297,0.0
1953-08-01,0.0,0.0,0.0,0.7297297297297297,0.0
1953-09-01,0.0,0.0,0.0,0.6486486486486486,0.0
1953-10-01,0.0,0.0,0.0,0.7027027027027027,0.0
1953-11-01,0.0,0.0,0.0,0.6756756756756757,0.0
1953-12-01,0.0,0.0,0.0,0.8648648648648649,0.0
1954-01-01,0.0,0.0,0.0,1.135135135135135,0.0
1954-02-01,0.0,0.0,0.0,1.5405405405405406,0.0
1954-03-01,0.0,0.0,0.0,1.7027027027027026,0.0
1954-04-01,0.0,0.0,0.0,1.7297297297297298,0.0
1954-05-01,0.0,0.0,0.0,1.6486486486486485,0.0
1954-06-01,0.0,0.0,0.0,1.5405405405405406,0.0
1954-07-01,0.0,0.0,0.0,1.5405405405405406,0.0
1954-08-01,0.0,0.0,0.0,1.5405405405405406,0.0
1954-09-01,0.0,0.0,0.0,1.4594594594594594,0.0
1954-10-01,0.0,0.0,0.0,1.4324324324324322,0.0
1954-11-01,0.0,0.0,0.0,1.243243243243243,0.0
1954-12-01,0.0,0.0,0.0,1.3243243243243243,0.0
1955-01-01,0.0,0.0,0.0,1.2972972972972971,0.0
1955-02-01,0.0,0.0,0.0,1.5675675675675675,0.0
1955-03-01,0.0,0.0,0.0,1.5405405405405406,0.0
1955-04-01,0.0,0.0,0.0,1.4054054054054055,0.0
1955-05-01,0.0,0.0,0.0,1.3243243243243243,0.0
1955-06-01,0.0,0.0,0.0,1.135135135135135,0.0
1955-07-01,0.0,0.0,0.0,1.1891891891891893,0.0
1955-08-01,0.0,0.0,0.0,1.081081081081081,0.0
1955-09-01,0.0,0.0,0.0,1.027027027027027,0.0
1955-10-01,0.0,0.0,0.0,0.9459459459459459,0.0
1955-11-01,0.0,0.0,0.0,0.9189189189189189,0.0
1955-12-01,0.0,0.0,0.0,1.027027027027027,0.0
1956-01-01,0.0,0.0,0.0,1.054054054054054,0.0
1956-02-01,0.0,0.0,0.0,1.2702702702702702,0.0
1956-03-01,0.0,0.0,0.0,1.2972972972972971,0.0
1956-04-01,0.0,0.0,0.0,1.2702702702702702,0.0
1956-05-01,0.0,0.0,0.0,1.108108108108108,0.0
1956-06-01,0.0,0.0,0.0,1.135135135135135,0.0
1956-07-01,0.0,0.0,0.0,1.2702702702702702,0.0
1956-08-01,0.0,0.0,0.0,1.1891891891891893,0.0
1956-09-01,0.0,0.0,0.0,1.0,0.0
1956-10-01,0.0,0.0,0.0,0.9189189189189189,0.0
1956-11-01,0.0,0.0,0.0,0.8378378378378378,0.0
1956-12-01,0.0,0.0,0.0,1.054054054054054,0.0
1957-01-01,0.0,0.0,0.0,1.081081081081081,0.0
1957-02-01,0.0,0.0,0.0,1.3243243243243243,0.0
1957-03-01,0.0,0.0,0.0,1.2702702702702702,0.0
1957-04-01,0.0,0.0,0.0,1.162162162162162,0.0
1957-05-01,0.0,0.0,0.0,1.081081081081081,0.0
1957-06-01,0.0,0.0,0.0,1.054054054054054,0.0
1957-07-01,0.0,0.0,0.0,1.243243243243243,0.0
1957-08-01,0.0,0.0,0.0,1.108108108108108,0.0
1957-09-01,0.0,0.0,0.0,1.0,0.0
1957-10-01,0.0,0.0,0.0,1.0,0.0
1957-11-01,0.0,0.0,0.0,0.9729729729729729,0.0
1957-12-01,0.0,0.0,0.0,1.243243243243243,0.0
1958-01-01,0.0,0.0,0.0,1.3513513513513513,0.0
1958-02-01,0.0,0.0,0.0,1.8378378378378377,0.0
1958-03-01,0.0,0.0,0.0,2.081081081081081,0.0
1958-04-01,0.0,0.0,0.0,2.081081081081081,0.0
1958-05-01,0.0,0.0,0.0,2.0270270270270268,0.0
1958-06-01,0.0,0.0,0.0,1.9189189189189186,0.0
1958-07-01,0.0,0.0,0.0,2.054054054054054,0.0
1958-08-01,0.0,0.0,0.0,2.0,0.0
1958-09-01,0.0,0.0,0.0,1.8108108108108107,0.0
1958-10-01,0.0,0.0,0.0,1.6216216216216215,0.0
1958-11-01,0.0,0.0,0.0,1.4864864864864864,0.0
1958-12-01,0.0,0.0,0.0,1.5135135135135134,0.0
1959-01-01,0.0,0.0,0.0,1.6216216216216215,0.0
1959-02-01,0.0,0.0,0.0,1.8918918918918919,0.6260299238728698
1959-03-01,0.0,0.0,0.0,1.8918918918918919,0.6268346353517587
1959-04-01,0.0,0.0,0.0,1.7297297297297298,0.6276535895116897
1959-05-01,0.0,0.0,0.0,1.4054054054054055,0.6284689830013602
1959-06-01,0.0,0.0,0.0,1.3243243243243243,0.6292523304586856
1959-07-01,0.0,0.0,0.0,1.4594594594594594,0.6300748452888771
1959-08-01,0.0,0.0,0.0,1.4054054054054055,0.630979255535062
1959-09-01,0.0,0.0,0.0,1.2972972972972971,0.6319441971756764
1959-10-01,0.0,0.0,0.0,1.2702702702702702,0.6329269421675936
1959-11-01,0.0,0.0,0.0,1.2702702702702702,0.633891883808208
1959-12-01,0.0,0.0,0.0,1.4324324324324322,0.6347713693625688
1960-01-01,0.0,0.0,0.0,1.3783783783783783,0.6355938841927604
1960-02-01,0.0,0.0,0.0,1.6486486486486485,0.6370929263724604
1960-03-01,0.0,0.0,0.0,1.5405405405405406,0.6385207551469488
1960-04-01,0.0,0.0,0.0,1.6486486486486485,0.639877370516226
1960-05-01,0.0,0.0,0.0,1.4054054054054055,0.6411592118100311
1960-06-01,0.0,0.0,0.0,1.2972972972972971,0.6423734003688855
1960-07-01,0.0,0.0,0.0,1.5675675675675675,0.6435128148522677
1960-08-01,0.0,0.0,0.0,1.4864864864864864,0.6445810159304387
1960-09-01,0.0,0.0,0.0,1.4054054054054055,0.6455780036033983
1960-10-01,0.0,0.0,0.0,1.2702702702702702,0.6465002172008859
1960-11-01,0.0,0.0,0.0,1.3513513513513513,0.6473547780634227
1960-12-01,0.0,0.0,0.0,1.5135135135135134,0.6481345648504875
1961-01-01,0.0,0.0,0.0,1.7297297297297298,0.6488431382323409
1961-02-01,0.0,0.0,0.0,2.081081081081081,0.6494804982089829
1961-03-01,0.0,0.0,0.0,2.189189189189189,0.6502887703581323
1961-04-01,0.0,0.0,0.0,2.081081081081081,0.6511290885396267
1961-05-01,0.0,0.0,0.0,1.8918918918918919,0.6519765280616423
1961-06-01,0.0,0.0,0.0,1.7837837837837835,0.6527954822215734
1961-07-01,0.0,0.0,0.0,1.9729729729729728,0.6536393610733284
1961-08-01,0.0,0.0,0.0,1.864864864864865,0.6545402106492526
1961-09-01,0.0,0.0,0.0,1.6756756756756757,0.6555229556411699
1961-10-01,0.0,0.0,0.0,1.5675675675675675,0.6565306253249111
1961-11-01,0.0,0.0,0.0,1.4864864864864864,0.657492006295265
1961-12-01,0.0,0.0,0.0,1.5135135135135134,0.6583679311793652
1962-01-01,0.0,0.0,0.0,1.5675675675675675,0.6591833246690357
1962-02-01,0.0,0.0,0.0,1.8108108108108107,0.6599595507858399
1962-03-01,0.0,0.0,0.0,1.7567567567567566,0.6606859275189961
1962-04-01,0.0,0.0,0.0,1.6756756756756757,0.6614372289439764
1962-05-01,0.0,0.0,0.0,1.4864864864864864,0.6622170157310412
1962-06-01,0.0,0.0,0.0,1.3783783783783783,0.6630003631883665
1962-07-01,0.0,0.0,0.0,1.5945945945945945,0.6638015139969948
1962-08-01,0.0,0.0,0.0,1.4324324324324322,0.6646489535190104
1962-09-01,0.0,0.0,0.0,1.4324324324324322,0.6655747277867585
1962-10-01,0.0,0.0,0.0,1.3243243243243243,0.6665254267463308
1962-11-01,0.0,0.0,0.0,1.2162162162162162,0.6674440796735578
1962-12-01,0.0,0.0,0.0,1.4324324324324322,0.6682843978550522
1963-01-01,0.0,0.0,0.0,1.4324324324324322,0.6690677453123776
1963-02-01,0.0,0.0,0.0,1.7837837837837835,0.6698083647265761
1963-03-01,0.0,0.0,0.0,1.864864864864865,0.6704742100653027
1963-04-01,0.0,0.0,0.0,1.7027027027027026,0.6711293733932475
1963-05-01,0.0,0.0,0.0,1.5135135135135134,0.6718450681156221
1963-06-01,0.0,0.0,0.0,1.4864864864864864,0.6726248549026869
1963-07-01,0.0,0.0,0.0,1.6756756756756757,0.6734295663815757
1963-08-01,0.0,0.0,0.0,1.5135135135135134,0.6742805665738518
1963-09-01,0.0,0.0,4.0,1.4054054054054055,0.6752063408416
1963-10-01,0.0,0.0,4.619047619047619,1.2972972972972971,0.6761534791309116
1963-11-01,0.0,0.0,5.9523809523809526,1.2702702702702702,0.6770507680365752
1963-12-01,0.0,0.0,5.095238095238095,1.4324324324324322,0.6778412368344217
1964-01-01,0.0,0.0,4.142857142857142,1.4324324324324322,0.6785569315567963
1964-02-01,0.0,0.0,4.3809523809523805,1.7297297297297298,0.6792441409170862
1964-03-01,0.0,0.0,5.0476190476190474,1.6756756756756757,0.6799206682665945
1964-04-01,0.0,0.0,4.619047619047619,1.5945945945945945,0.6806078776268845
1964-05-01,0.0,0.0,4.809523809523809,1.4324324324324322,0.6813200116789985
1964-06-01,0.0,0.0,3.9523809523809526,1.2972972972972971,0.6820713131039787
1964-07-01,0.0,0.0,5.380952380952381,1.5945945945945945,0.6828582212315646
1964-08-01,0.0,0.0,4.666666666666667,1.3243243243243243,0.6836842967320168
1964-09-01,0.0,0.0,4.0476190476190474,1.2972972972972971,0.6845531002755959
1964-10-01,0.0,0.0,3.1428571428571423,1.2162162162162162,0.6854432678407384
1964-11-01,0.0,0.0,5.095238095238095,1.1891891891891893,0.6862800253519723
1964-12-01,0.0,0.0,3.571428571428571,1.2162162162162162,0.6870064020851285
1965-01-01,0.0,0.0,2.9523809523809526,1.2702702702702702,0.6876758080941157
1965-02-01,0.0,0.0,2.4761904761904763,1.4864864864864864,0.6883060467302365
1965-03-01,0.0,0.0,2.5238095238095237,1.5405405405405406,0.6888721933016672
1965-04-01,0.0,0.0,3.2857142857142856,1.3783783783783783,0.6894347792028371
1965-05-01,0.0,0.0,4.238095238095238,1.2702702702702702,0.6900543358281763
1965-06-01,0.0,0.0,5.0,1.162162162162162,0.690727302507424
1965-07-01,0.0,0.0,3.9523809523809526,1.4324324324324322,0.6914643612513619
1965-08-01,0.0,0.0,3.3809523809523805,1.2162162162162162,0.6922512693789479
1965-09-01,0.0,0.0,3.6666666666666665,1.135135135135135,0.6930666628686184
1965-10-01,0.0,0.0,3.1904761904761902,1.027027027027027,0.6938998597095918
1965-11-01,0.0,0.0,2.761904761904762,0.9729729729729729,0.6946725251561354
1965-12-01,0.0,0.0,3.714285714285714,1.054054054054054,0.6953419311651226
1966-01-01,0.0,0.0,3.095238095238095,1.0,0.6959543664499406
1966-02-01,0.0,0.0,2.0,1.1891891891891893,0.6965169523511106
1966-03-01,0.0,0.0,1.8095238095238093,1.135135135135135,0.6970368102091538
1966-04-01,0.0,0.0,3.095238095238095,1.081081081081081,0.6975887140995422
1966-05-01,0.0,0.0,3.571428571428571,0.9729729729729729,0.6982082707248812
1966-06-01,0.0,0.0,2.9523809523809526,1.0,0.6988705553933472
1966-07-01,0.0,0.0,2.857142857142857,1.243243243243243,0.6995506434131161
1966-08-01,0.0,0.0,2.4285714285714284,1.054054054054054,0.7002449741139272
1966-09-01,0.0,0.0,2.2857142857142856,0.9729729729729729,0.7009998362091681
1966-10-01,0.0,0.0,1.8095238095238093,0.8918918918918918,0.7017938656772751
1966-11-01,0.0,0.0,2.5714285714285716,0.8648648648648649,0.702530924421213
1966-12-01,0.0,0.0,1.8095238095238093,0.9189189189189189,0.7031789664086368
1967-01-01,0.0,0.0,1.952380952380952,0.9459459459459459,0.7037807196826731
1967-02-01,0.0,0.0,1.2857142857142858,1.135135135135135,0.7043504269243642
1967-03-01,0.0,0.0,1.6666666666666665,1.135135135135135,0.7048880881337103
1967-04-01,0.0,0.0,1.6190476190476188,1.054054054054054,0.7054471133646197
1967-05-01,0.0,0.0,2.5238095238095237,0.9459459459459459,0.7060346239576137
1967-06-01,0.0,0.0,3.6666666666666665,0.8648648648648649,0.7066221345506078
1967-07-01,0.0,0.0,2.9523809523809526,1.243243243243243,0.7072452518462076
1967-08-01,0.0,0.0,3.5238095238095237,1.108108108108108,0.707903975844413
1967-09-01,0.0,0.0,3.761904761904762,1.0,0.7086161098965269
1967-10-01,0.0,0.0,2.857142857142857,1.0,0.7093282439486409
1967-11-01,0.0,0.0,4.238095238095238,1.027027027027027,0.7100154533089309
1967-12-01,0.0,0.0,3.1904761904761902,1.0,0.7106314492640095
1968-01-01,0.0,0.0,2.8095238095238098,0.9459459459459459,0.7111833531543977
1968-02-01,0.0,0.0,2.3333333333333335,1.081081081081081,0.7116498009585325
1968-03-01,0.0,0.0,2.4761904761904763,1.135135135135135,0.7120913240708431
1968-04-01,0.0,0.0,3.6190476190476186,1.027027027027027,0.7126040605883651
1968-05-01,0.0,0.0,3.333333333333333,0.8648648648648649,0.7131488431382323
1968-06-01,0.0,0.0,3.8571428571428568,0.7837837837837838,0.7137327930609658
1968-07-01,0.0,0.0,4.238095238095238,1.2162162162162162,0.7143452283457838
1968-08-01,0.0,0.0,3.2857142857142856,1.081081081081081,0.714989709662947
1968-09-01,0.0,0.0,3.1904761904761902,0.9459459459459459,0.7156840403637581
1968-10-01,0.0,0.0,3.0476190476190474,0.8918918918918918,0.7163819317348298
1968-11-01,0.0,0.0,3.5238095238095237,0.8648648648648649,0.7170406557330352
1968-12-01,0.0,0.0,3.2380952380952377,0.8918918918918918,0.7176317269962897
1969-01-01,0.0,0.0,2.4761904761904763,0.8378378378378378,0.7181551455245936
1969-02-01,0.0,0.0,2.5238095238095237,1.0,0.7186180326584676
1969-03-01,0.0,0.0,3.2380952380952377,1.0,0.7190844804626023
1969-04-01,0.0,0.0,3.761904761904762,0.9459459459459459,0.719582974299082
1969-05-01,0.0,0.0,4.142857142857142,0.8648648648648649,0.7201313175192098
1969-06-01,0.0,0.0,3.714285714285714,0.7837837837837838,0.7207473134742884
1969-07-01,0.0,0.0,3.5238095238095237,1.108108108108108,0.721363309429367
1969-08-01,0.0,0.0,2.619047619047619,1.027027027027027,0.7220220334275724
1969-09-01,0.0,0.0,2.7142857142857144,0.9459459459459459,0.7227590921715104
1969-10-01,0.0,0.0,3.476190476190476,1.0,0.7235139542667511
1969-11-01,0.0,0.0,4.285714285714286,0.9459459459459459,0.724243891670168
1969-12-01,0.0,0.0,3.1428571428571423,0.8918918918918918,0.7249097370088946
1970-01-01,1.710665258711721,0.0,3.4285714285714284,0.8648648648648649,0.7255292936342337
1970-02-01,1.675114396339317,0.0,1.8095238095238093,1.135135135135135,0.7261239255677489
1970-03-01,1.6388595564941921,0.0,2.142857142857143,1.2702702702702702,0.7266687081176161
1970-04-01,1.665610700457585,0.0,2.9047619047619047,1.243243243243243,0.7272526580403496
1970-05-01,1.695881731784583,0.0,2.5238095238095237,1.162162162162162,0.7281713109675766
1970-06-01,1.6997536078845474,0.0,3.8571428571428568,1.108108108108108,0.7289368550735991
1970-07-01,1.6772263287574796,0.0,3.761904761904762,1.5135135135135134,0.7297273238714456
1970-08-01,1.7184090109116505,0.0,3.714285714285714,1.4324324324324322,0.7305569600421583
1970-09-01,1.667722632875748,0.0,3.761904761904762,1.3513513513513513,0.7314257635857374
1970-10-01,1.6891939457937344,0.0,4.285714285714286,1.4054054054054055,0.7323016884698376
1970-11-01,1.6814501935938049,0.0,3.9523809523809526,1.3783783783783783,0.7331633706728955
1970-12-01,1.7096092925026398,0.0,4.3809523809523805,1.4864864864864864,0.7339645214815237
1971-01-01,1.727560718057022,0.0,3.2857142857142856,1.5135135135135134,0.7347514296091097
1971-02-01,1.7472720872932064,0.0,3.1428571428571423,1.7837837837837835,0.7355169737151321
1971-03-01,1.755719816965857,0.0,3.3809523809523805,1.7837837837837835,0.7362113044159433
1971-04-01,1.8616684266103483,0.0,4.9523809523809526,1.7027027027027026,0.7369163171275361
1971-05-01,1.9619852164730727,0.0,4.904761904761905,1.5405405405405406,0.7376391331904317
1971-06-01,2.0520943329813446,0.0,5.190476190476191,1.4324324324324322,0.7383441459020246
1971-07-01,2.098908834917282,0.0,5.809523809523809,1.7567567567567566,0.7390598406243991
1971-08-01,2.2108412530799013,0.0,5.333333333333333,1.6756756756756757,0.7398040207088582
1971-09-01,2.2569517775431187,0.0,5.857142857142858,1.5945945945945945,0.7406122928580076
1971-10-01,2.2611756423794436,0.0,6.095238095238095,1.5675675675675675,0.7414383683584598
1971-11-01,2.2745512143611406,0.0,4.666666666666667,1.4594594594594594,0.7422217158157851
1971-12-01,2.372052094332981,0.0,4.0476190476190474,1.5405405405405406,0.742926728527378
1972-01-01,2.409714889123548,0.0,3.904761904761904,1.4864864864864864,0.7435712098445412
1972-02-01,2.423442449841605,0.0,5.238095238095238,1.7567567567567566,0.7441409170862323
1972-03-01,2.434706089405139,0.0,6.285714285714285,1.7297297297297298,0.7446678962847967
1972-04-01,2.5160154875043994,0.0,6.0,1.6486486486486485,0.745244724867009
1972-05-01,2.5990848292854625,0.0,5.9523809523809526,1.4864864864864864,0.7458393568005242
1972-06-01,2.6898979232664555,0.0,5.476190476190476,1.3783783783783783,0.7464411100745605
1972-07-01,2.7296726504751847,0.0,6.238095238095237,1.6756756756756757,0.7470677880404207
1972-08-01,2.8102780711017243,0.0,4.476190476190476,1.5945945945945945,0.7476909053360205
1972-09-01,2.8746920098556847,0.0,5.904761904761905,1.4864864864864864,0.7483709933557893
1972-10-01,2.8613164378739877,0.0,5.428571428571429,1.4594594594594594,0.7490902487484244
1972-11-01,2.9222104892643435,0.0,6.761904761904761,1.3783783783783783,0.7497632154276721
1972-12-01,3.0126715945089755,0.0,5.190476190476191,1.3243243243243243,0.7503720900422296
1973-01-01,2.980640619500176,0.0,4.142857142857142,1.2972972972972971,0.750956039964963
1973-02-01,2.9725448785638857,1.2125,4.9523809523809526,1.4864864864864864,0.7514901405040485
1973-03-01,3.013727560718057,1.1,3.9523809523809526,1.5135135135135134,0.7519672703189648
1973-04-01,3.091869060190074,1.0375,5.238095238095238,1.4054054054054055,0.7525013708580504
1973-05-01,3.1263639563533965,1.0375,5.190476190476191,1.2972972972972971,0.7530781994402627
1973-06-01,3.20168954593453,1.0,7.238095238095237,1.1891891891891893,0.7536585886927355
1973-07-01,3.178458289334741,1.025,5.9523809523809526,1.4594594594594594,0.7542496599559901
1973-08-01,3.225272791270679,1.05,5.857142857142858,1.3513513513513513,0.7548656559110687
1973-09-01,3.237240408306934,1.0875,4.714285714285714,1.2702702702702702,0.755542183260577
1973-10-01,3.1964097148891235,1.1375,4.190476190476191,1.2702702702702702,0.7562222712803458
1973-11-01,3.117212249208025,1.175,3.3809523809523805,1.135135135135135,0.7568382672354244
1973-12-01,3.1094684970080952,1.2375,3.333333333333333,1.243243243243243,0.7573901711258128
1974-01-01,3.0045758535726854,1.3,2.2857142857142856,1.243243243243243,0.7579207109946376
1974-02-01,2.902499120028159,1.275,2.8095238095238098,1.5405405405405406,0.7584334475121597
1974-03-01,2.8722280887011613,1.25,2.619047619047619,1.5675675675675675,0.7589319413486395
1974-04-01,2.7863428370292147,1.1625,3.476190476190476,1.4324324324324322,0.7594411171959009
1974-05-01,2.7335445265751495,1.1375,3.6666666666666665,1.2972972972972971,0.759978778405247
1974-06-01,2.688137979584653,1.0875,4.285714285714286,1.243243243243243,0.7605591676577199
1974-07-01,2.607180570221753,1.1125,3.3809523809523805,1.5675675675675675,0.7611644816020168
1974-08-01,2.5146075325589576,1.1,3.1904761904761902,1.5405405405405406,0.7617982809083982
1974-09-01,2.4167546638507567,1.1,2.2857142857142856,1.4324324324324322,0.7624961722794699
1974-10-01,2.2551918338613164,1.0875,1.952380952380952,1.5405405405405406,0.7632261096828867
1974-11-01,2.1256599788806754,1.15,1.952380952380952,1.4864864864864864,0.7638990763621344
1974-12-01,1.9637451601548748,1.175,1.7142857142857142,1.6756756756756757,0.764490147625389
1987-01-01,1.7997184090109115,1.2625,1.1428571428571428,1.8108108108108107,0.7650349301752561
1987-02-01,1.5047518479408657,1.275,2.5714285714285716,1.9729729729729728,0.8611730272106422
1987-03-01,1.455121436114044,1.2125,2.0476190476190474,1.9459459459459458,0.8617000064092065
1987-04-01,1.4156986976416752,1.1625,3.2857142857142856,1.864864864864865,0.8622732743211582
1987-05-01,1.3850756775783173,1.1625,3.0,1.6756756756756757,0.8628857096059762
1987-06-01,1.3783878915874692,1.1625,2.9523809523809526,1.6486486486486485,0.8635195089123576
1987-07-01,1.3794438577965502,1.1625,3.571428571428571,1.7027027027027026,0.8641960362618659
1987-08-01,1.3558606124604011,1.15,2.9523809523809526,1.6486486486486485,0.8649152916545011
1987-09-01,1.3266455473424847,1.175,2.619047619047619,1.5675675675675675,0.8656630324092207
1987-10-01,1.337909186906019,1.2,1.952380952380952,1.5405405405405406,0.8664356978557644
1987-11-01,1.342837029215065,1.2,2.857142857142857,1.5405405405405406,0.8671763172699629
1987-12-01,1.3445969728968672,1.2,1.857142857142857,1.5135135135135134,0.867820798587126
1988-01-01,1.2562478000703976,1.25,1.5714285714285712,1.4594594594594594,0.8684296732016835
1988-02-01,1.2287926786342838,1.3125,1.7142857142857142,1.7027027027027026,0.8690029411136352
1988-03-01,1.212249208025343,1.275,1.7619047619047619,1.6756756756756757,0.8695334809824601
1988-04-01,1.1696585709257303,1.2375,2.4285714285714284,1.5945945945945945,0.8700925062133696
1988-05-01,1.1745864132347763,1.2375,2.5714285714285716,1.4324324324324322,0.8706835774766242
1988-06-01,1.1893699401619147,1.25,2.2857142857142856,1.4594594594594594,0.8713244981235267
1988-07-01,1.1798662442801828,1.225,2.857142857142857,1.4864864864864864,0.8720579961972041
1988-08-01,1.1721224920802533,1.2375,2.238095238095238,1.4864864864864864,0.8728306616437478
1988-09-01,1.1393875395987327,1.2375,2.761904761904762,1.4594594594594594,0.8736175697713338
1988-10-01,1.1422034494896163,1.2625,2.380952380952381,1.4054054054054055,0.8744258419204831
1988-11-01,1.127419922562478,1.3125,2.6666666666666665,1.3513513513513513,0.8751735826752027
1988-12-01,1.129883843717001,1.35,2.4285714285714284,1.4054054054054055,0.875818063992366
1989-01-01,1.0894051390355508,1.3875,1.857142857142857,1.3513513513513513,0.8764233779366628
1989-02-01,1.0827173530447025,1.3875,2.1904761904761902,1.6216216216216215,0.8769966458486146
1989-03-01,1.063005983808518,1.3875,1.7142857142857142,1.5135135135135134,0.8775414283984817
1989-04-01,1.0682858148539245,1.3875,2.0952380952380953,1.4054054054054055,0.8781538636832997
1989-05-01,1.038718760999648,1.425,2.761904761904762,1.3783783783783783,0.8788232696922869
1989-06-01,1.0454065469904963,1.425,1.857142857142857,1.3513513513513513,0.8795211610633585
1989-07-01,1.0682858148539245,1.425,2.4761904761904763,1.4864864864864864,0.8802973871801628
1989-08-01,1.066877859908483,1.375,2.5714285714285716,1.4324324324324322,0.8811163413400939
1989-09-01,1.0489264343541005,1.3625,2.4761904761904763,1.3783783783783783,0.8819602201918489
1989-10-01,1.019359380499824,1.375,2.0476190476190474,1.3783783783783783,0.8828397057462096
1989-11-01,1.0376627947905666,1.3625,2.761904761904762,1.3513513513513513,0.8836657812466618
1989-12-01,1.0158394931362196,1.375,1.7142857142857142,1.4054054054054055,0.8843992793203392
1990-01-01,0.9788806758183738,1.3625,1.5714285714285712,1.3783783783783783,0.885072245999587
1990-02-01,0.9897923266455472,1.375,1.9047619047619047,1.6216216216216215,0.8856918026249261
1990-03-01,0.9869764167546637,1.3875,1.1904761904761905,1.5945945945945945,0.886322041261047
1990-04-01,0.980640619500176,1.3625,1.380952380952381,1.4864864864864864,0.8871267527399358
1990-05-01,0.9728968673002463,1.325,2.4285714285714284,1.4324324324324322,0.888159347115501
1990-06-01,0.9753607884547695,1.35,1.5714285714285712,1.4054054054054055,0.8891242887561155
1990-07-01,0.9792326645547341,1.3625,2.0,1.4594594594594594,0.8901319584398567
1990-08-01,0.9728968673002463,1.3875,1.2380952380952381,1.5135135135135134,0.8911823561667248
1990-09-01,0.9472016895459345,1.3625,1.4761904761904763,1.4864864864864864,0.8922861639475015
1990-10-01,0.9109468497008095,1.425,1.3333333333333333,1.5135135135135134,0.8933864110580175
1990-11-01,0.8676522351284758,1.475,1.0,1.4864864864864864,0.8944439301254068
1990-12-01,0.8708201337557198,1.475,1.8095238095238093,1.5945945945945945,0.8954587211496692
1991-01-01,0.8317493840197113,1.4875,0.47619047619047616,1.6216216216216215,0.8964272234605443
1991-02-01,0.7954945441745863,1.475,1.0476190476190477,1.9189189189189186,0.897331633706729
1991-03-01,0.7743752199929602,1.4375,1.0,1.9729729729729728,0.8981897552395263
1991-04-01,0.7314325941569869,1.3875,0.9047619047619047,1.9459459459459458,0.8990941654857111
1991-05-01,0.7120732136571629,1.325,1.6190476190476188,1.7567567567567566,0.9000591071263254
1991-06-01,0.6835621260119675,1.3125,1.4761904761904763,1.8108108108108107,0.9010632161398061
1991-07-01,0.6511791622668074,1.3,1.1904761904761905,1.8918918918918919,0.9020958105153715
1991-08-01,0.6290038718760999,1.3125,2.0,1.8378378378378377,0.9031640115935423
1991-09-01,0.5976768743400211,1.3,1.857142857142857,1.7837837837837835,0.9042891833958825
1991-10-01,0.5536782822949665,1.325,1.0476190476190477,1.7567567567567566,0.9054072338577014
1991-11-01,0.5617740232312566,1.35,2.380952380952381,1.7567567567567566,0.90646119225483
1991-12-01,0.5557902147131292,1.3125,1.0476190476190477,1.8108108108108107,0.9074047698738811
1992-01-01,0.5251671946497711,1.3,1.3333333333333333,1.864864864864865,0.9082878160985024
1992-02-01,0.5209433298134459,1.25,1.0,2.189189189189189,0.9091494983015603
1992-03-01,0.5103836677226329,1.2125,0.6666666666666666,2.216216216216216,0.9100218625153998
1992-04-01,0.5234072509679689,1.1875,1.857142857142857,2.108108108108108,0.9109903648262749
1992-05-01,0.5149595212953185,1.175,1.3333333333333333,1.9459459459459458,0.9120265198721007
1992-06-01,0.5163674762407602,1.1875,1.2380952380952381,1.9729729729729728,0.9130875996097505
1992-07-01,0.4945441745864132,1.1625,2.0476190476190474,2.162162162162162,0.9141736040392243
1992-08-01,0.4741288278775078,1.1375,1.0476190476190477,2.081081081081081,0.9153165791928672
1992-09-01,0.4692009855684618,1.1,1.4761904761904763,2.0,0.9164809183680737
1992-10-01,0.4653291094684969,1.0875,1.0,1.9729729729729728,0.9175989688298926
1992-11-01,0.4720168954593452,1.075,0.8095238095238094,1.864864864864865,0.9186671699080635
1992-12-01,0.4452657514959521,1.0875,0.9523809523809523,1.9189189189189186,0.9196499148999808
1993-01-01,0.43224216825061595,1.075,1.0952380952380951,1.9189189189189186,0.9205970531892923
1993-02-01,0.407250967969025,1.075,0.8095238095238094,2.162162162162162,0.9214979027652165
1993-03-01,0.39176346356916575,1.075,0.6190476190476191,2.108108108108108,0.9223417816169716
1993-04-01,0.3931714185146075,1.025,1.2380952380952381,2.0,0.9232212671713323
1993-05-01,0.3938753959873284,1.0,1.2857142857142858,1.864864864864865,0.9241612841201228
1993-06-01,0.3938753959873284,1.0125,1.0,1.8378378378378377,0.9251404684417794
1993-07-01,0.3966913058782119,0.9875,1.6666666666666665,1.9459459459459458,0.926162380806563
1993-08-01,0.39774727208729316,0.9875,2.2857142857142856,1.8918918918918919,0.9272377032252551
1993-09-01,0.3833157338965153,1.0,0.8095238095238094,1.7837837837837835,0.9283272683249895
1993-10-01,0.4026751143963393,1.025,1.2380952380952381,1.7297297297297298,0.9293883480626393
1993-11-01,0.41640267511439627,1.025,1.3333333333333333,1.7297297297297298,0.9303817750653383
1993-12-01,0.4100668778599085,1.025,1.0952380952380951,1.6756756756756757,0.9312933066520441
1994-01-01,0.4160506863780359,1.0375,0.7142857142857143,1.6486486486486485,0.9321692315361444
1994-02-01,0.4146427314325941,1.0375,0.6666666666666666,1.9729729729729728,0.9329703823447726
1994-03-01,0.42168250615980285,1.05,0.8571428571428571,1.9189189189189186,0.9337394871210557
1994-04-01,0.44632171770503337,1.0125,1.4285714285714286,1.8378378378378377,0.9346438973672404
1994-05-01,0.48222456881379794,1.0,1.4761904761904763,1.6756756756756757,0.9355803536457703
1994-06-01,0.5255191833861317,1.0,1.4761904761904763,1.5945945945945945,0.9365061279135184
1994-07-01,0.5297430482224569,1.1,0.8571428571428571,1.6756756756756757,0.937503115586478
1994-08-01,0.5529743048222456,1.15,1.2857142857142858,1.6756756756756757,0.9385214672810009
1994-09-01,0.5779655051038366,1.15,2.0952380952380953,1.5945945945945945,0.9395576223268268
1994-10-01,0.5797254487856388,1.2,1.6190476190476188,1.5135135135135134,0.9405830953618709
1994-11-01,0.6159802886307638,1.275,1.4285714285714286,1.4594594594594594,0.9415480370024853
1994-12-01,0.6297078493488208,1.3125,2.3333333333333335,1.4324324324324322,0.9424417652378884
1995-01-01,0.6423794438577966,1.35,1.1428571428571428,1.3783783783783783,0.9433070081112068
1995-02-01,0.6585709257303766,1.4,1.0476190476190477,1.6756756756756757,0.9441366442819197
1995-03-01,0.6649067229848644,1.45,1.1904761904761905,1.5945945945945945,0.9449413557608084
1995-04-01,0.6719464977120732,1.4625,1.5238095238095237,1.5405405405405406,0.9458030379638663
1995-05-01,0.6913058782118972,1.4875,1.0476190476190477,1.5135135135135134,0.9467003268695299
1995-06-01,0.7046814501935937,1.475,1.5238095238095237,1.4864864864864864,0.9476154191264964
1995-07-01,0.7124252023935234,1.4625,1.6666666666666665,1.5675675675675675,0.9486124067994559
1995-08-01,0.7138331573389651,1.45,1.7619047619047619,1.5945945945945945,0.9496307584939789
1995-09-01,0.728264695529743,1.45,1.2857142857142858,1.5135135135135134,0.9506918382316287
1995-10-01,0.7279127067933826,1.45,1.6190476190476188,1.4594594594594594,0.9517814033313631
1995-11-01,0.7233368532206969,1.4875,1.1904761904761905,1.4054054054054055,0.9527819516745832
1995-12-01,0.7314325941569869,1.525,1.3333333333333333,1.4324324324324322,0.9536507552181622
1996-01-01,0.7310806054206265,1.5375,0.9047619047619047,1.4054054054054055,0.9544269813349665
1996-02-01,0.7409362900387187,1.525,0.5714285714285714,1.7027027027027026,0.9551782827599468
1996-03-01,0.7507919746568109,1.5,0.9523809523809523,1.6216216216216215,0.9559687515577933
1996-04-01,0.7388243576205561,1.5,0.9523809523809523,1.5675675675675675,0.9568375551013723
1996-05-01,0.7486800422386483,1.4875,2.5714285714285716,1.4594594594594594,0.9577490866880781
1996-06-01,0.7592397043294613,1.425,2.1904761904761902,1.4594594594594594,0.9586997856476503
1996-07-01,0.7321365716297078,1.4125,2.2857142857142856,1.4864864864864864,0.9596967733206099
1996-08-01,0.7240408306934177,1.3875,2.0,1.5135135135135134,0.960747171047478
1996-09-01,0.7194649771207321,1.325,1.5238095238095237,1.3783783783783783,0.9618438574877335
1996-10-01,0.7360084477296726,1.2875,1.8095238095238093,1.3513513513513513,0.9629227405766861
1996-11-01,0.7518479408658922,1.2875,2.380952380952381,1.3243243243243243,0.9639802596440754
1996-12-01,0.7680394227384723,1.2625,2.8095238095238098,1.3513513513513513,0.9649487619549504
1997-01-01,0.7543118620204153,1.2625,1.380952380952381,1.3513513513513513,0.9658068834877477
1997-02-01,0.7490320309750088,1.2125,1.0,1.5945945945945945,0.9666222769774182
1997-03-01,0.75008799718409,1.1875,1.1904761904761905,1.5405405405405406,0.9674447918076099
1997-04-01,0.7602956705385427,1.1375,1.7142857142857142,1.4864864864864864,0.9683313987024917
1997-05-01,0.785638859556494,1.1375,1.857142857142857,1.2972972972972971,0.9692607336405005
1997-06-01,0.8035902851108764,1.125,1.4761904761904763,1.2702702702702702,0.9702185539405938
1997-07-01,0.8423090461105245,1.1125,1.952380952380952,1.4054054054054055,0.9712333449648561
1997-08-01,0.8539246744104187,1.1,1.6666666666666665,1.3513513513513513,0.9723264707348511
1997-09-01,0.8518127419922562,1.0875,1.6666666666666665,1.2972972972972971,0.973469445888494
1997-10-01,0.8641323477648715,1.125,2.0,1.2702702702702702,0.9745661323287496
1997-11-01,0.894403379091869,1.1375,3.0476190476190474,1.1891891891891893,0.9755844840232726
1997-12-01,0.9151707145371347,1.15,1.7619047619047619,1.162162162162162,0.9765102582910207
1998-01-01,0.9158746920098556,1.15,1.9047619047619047,1.1891891891891893,0.9774004258561632
1998-02-01,0.9084829285462865,1.1104166666666666,1.1428571428571428,1.3513513513513515,0.9782300620268759
1998-03-01,0.9084829285462865,1.0725694444444445,1.952380952380952,1.3513513513513513,0.9789813634518562
1998-04-01,0.9095388947553676,1.0325810185185187,1.6666666666666665,1.3513513513513513,0.9798074389523084
1998-05-01,0.916226680746216,1.0,1.857142857142857,1.2207207207207205,0.9807296525497959
1998-06-01,0.9098908834917282,1.0125,2.1904761904761902,1.135135135135135,0.9816767908391075
1998-07-01,0.9151707145371347,0.96875,2.2857142857142856,1.265765765765766,0.9826595358310248
1998-08-01,0.9267863428370292,0.9375,1.8095238095238093,1.2702702702702702,0.9836921302065901
1998-09-01,0.9179866244280183,0.925,2.1904761904761902,1.2162162162162162,0.984760331284761
1998-10-01,0.9365246978763345,0.9375,1.1666666666666665,1.1891891891891893,0.985803607671108
1998-11-01,0.9560991826039343,0.95,2.0476190476190474,1.135135135135135,0.9868041560143281
1998-12-01,0.9738909095649678,0.9125,1.3333333333333333,1.108108108108108,0.9877370516225974
1999-01-01,0.9911867017786292,0.9,0.8571428571428571,1.081081081081081,0.9886485832093033
1999-02-01,0.9975360788454768,0.8625,0.9523809523809523,1.1981981981981982,0.9894782193800161
1999-03-01,1.0174234424498414,0.8375,0.7142857142857143,1.2702702702702702,0.9902045961131724
1999-04-01,1.029919042590637,0.85,1.380952380952381,1.1891891891891893,0.9910199896028429
1999-05-01,1.0478704681450193,0.8625,1.857142857142857,1.108108108108108,0.991945763870591
1999-06-01,1.038718760999648,0.9,1.1428571428571428,1.081081081081081,0.9929249481922477
1999-07-01,1.028159098908835,0.9,1.3333333333333333,1.1981981981981982,0.9939539818975524
1999-08-01,1.0246392115452305,0.875,1.857142857142857,1.2162162162162162,0.9950221829757233
1999-09-01,1.0253431890179514,0.8375,1.2380952380952381,1.135135135135135,0.9961046267349366
1999-10-01,1.0140795494544175,0.88125,1.5714285714285712,1.108108108108108,0.9971763884833681
1999-11-01,1.013727560718057,0.9125,1.0952380952380951,1.027027027027027,0.99818761883737
1999-12-01,1.0151355156634987,0.9645833333333332,1.0952380952380951,1.027027027027027,0.9991027110943363
2000-01-01,1.0,1.0,1.0,1.0,1.0
2000-02-01,1.0147835269271384,1.05,1.0,1.1216216216216215,1.000843878851755
2000-03-01,1.0343189017951424,1.0375,1.4285714285714286,1.1891891891891893,1.001612983628038
2000-04-01,1.017599436818022,1.075,0.7619047619047619,1.162162162162162,1.0024390591284904
2000-05-01,1.0377801243693534,1.0125,1.4761904761904763,1.0495495495495495,1.0032651346289425
2000-06-01,1.0570221752903906,1.05,0.9047619047619047,1.027027027027027,1.0040947707996553
2000-07-01,1.049982400563182,1.0375,1.6746031746031744,1.108108108108108,1.0049884990350584
2000-08-01,1.049982400563182,0.9875,2.0952380952380953,1.135135135135135,1.005903591292025
2000-09-01,1.0289217411709493,1.0375,2.0476190476190474,1.108108108108108,1.0068471689110758
2000-10-01,1.0044683014587978,1.05,1.5238095238095237,1.027027027027027,1.0077871858598662
2000-11-01,1.0014079549454418,1.075,1.857142857142857,0.9729729729729729,1.00868447476553
2000-12-01,1.0158394931362196,1.1479166666666665,1.6666666666666665,1.0,1.0095319142875454
2001-01-01,0.9880323829637451,1.1375,1.380952380952381,1.0,1.0103330650961737
2001-02-01,0.991200281590989,1.065277777777778,1.2857142857142858,1.1081081081081083,1.0110879271914146
2001-03-01,0.9841605068637803,1.0125,0.8095238095238094,1.2139639639639643,1.011821425265092
2001-04-01,1.0115276311158041,0.95,1.6190476190476188,1.2162162162162162,1.0125834087008538
2001-05-01,1.033086941217881,0.9375,1.7619047619047619,1.135135135135135,1.0133738774987004
2001-06-01,1.0608940513903553,0.95,1.2380952380952381,1.108108108108108,1.0141999529991526
2001-07-01,1.0468145019359378,0.925,2.007936507936508,1.2117117117117115,1.0150616352022104
2001-08-01,1.0566701865540302,0.9125,1.8095238095238093,1.2702702702702702,1.0159446814268318
2001-09-01,1.0230552622316085,0.925,1.1904761904761905,1.3243243243243243,1.01687045569458
2001-10-01,1.0274551214361138,0.975,1.9047619047619047,1.2702702702702702,1.017789108621807
2001-11-01,1.0397747272087292,0.9875,1.6190476190476188,1.3513513513513513,1.018657912165386
2001-12-01,1.0573741640267509,0.9875,1.5238095238095237,1.4324324324324322,1.0194733056550564
2002-01-01,1.029919042590637,0.9875,0.6878306878306879,1.4594594594594594,1.0202495317718607
2002-02-01,1.0415346708905313,1.0,1.5859788359788363,1.5900900900900903,1.020983029845538
2002-03-01,1.034846884899683,1.0125,1.380952380952381,1.6486486486486485,1.0216809212166098
2002-04-01,1.0682858148539245,0.975,1.7619047619047619,1.6486486486486485,1.0223788125876816
2002-05-01,1.0633579725448785,1.0083333333333333,1.1428571428571428,1.5405405405405406,1.0231336746829223
2002-06-01,1.0777895107356563,1.0375,1.5714285714285712,1.4864864864864864,1.0239455075023323
2002-07-01,1.0795494544174584,1.0375,1.9047619047619047,1.6216216216216215,1.0247893863540873
2002-08-01,1.0756775783174939,1.0020833333333332,1.380952380952381,1.5945945945945945,1.0256546292274058
2002-09-01,1.0591341077085532,1.0,1.4285714285714286,1.5405405405405406,1.0265519181330693
2002-10-01,1.0746216121084124,1.0375,1.5238095238095237,1.4594594594594594,1.0274456463684725
2002-11-01,1.0816613868356213,1.05,1.4761904761904763,1.4324324324324322,1.0283002072310092
2002-12-01,1.099260823653643,1.075,1.380952380952381,1.5135135135135134,1.0290764333478133
2003-01-01,1.0770855332629354,1.1,1.2380952380952381,1.5405405405405406,1.0297956887404485
2003-02-01,1.0721576909538895,1.0875,1.380952380952381,1.6711711711711712,1.0305007014520413
2003-03-01,1.0637099612812388,1.075,0.9523809523809523,1.7297297297297298,1.0311914714825918
2003-04-01,1.0640619500175994,1.0312499999999998,1.3333333333333333,1.6756756756756757,1.0319142875454876
2003-05-01,1.0545582541358676,1.0125,1.2380952380952381,1.5675675675675675,1.03267983165151
2003-06-01,1.0640619500175994,1.0125,1.0952380952380951,1.5675675675675675,1.033484543130399
2003-07-01,1.0689897923266454,0.9749999999999999,1.1904761904761905,1.6981981981981984,1.034317739971372
2003-08-01,1.0890531502991903,0.9375,1.5634920634920635,1.7027027027027026,1.0351794221744302
2003-09-01,1.1118150885838318,0.925,1.380952380952381,1.6216216216216215,1.0360624683990514
2003-10-01,1.135613438147757,0.95,1.7513227513227512,1.5675675675675675,1.0369455146236728
2003-11-01,1.1607969285723598,0.9875,1.5,1.5135135135135134,1.0378036361564702
2003-12-01,1.189004371613195,1.025,1.5238095238095237,1.5135135135135134,1.0385656195922321
2004-01-01,1.2115452305526222,1.0749999999999997,1.0855379188712524,1.4594594594594594,1.039245707612001
2004-02-01,1.2199929602252728,1.1291666666666664,0.9523809523809523,1.581081081081081,1.0398795069183824
2004-03-01,1.2407602956705384,1.0875,0.9047619047619047,1.6216216216216215,1.0405346702463272
2004-04-01,1.2671594508975712,1.025,1.2380952380952381,1.6216216216216215,1.0412610469794834
2004-05-01,1.2731432594156986,1.0875,1.4761904761904763,1.5135135135135136,1.042033712426027
2004-06-01,1.2425202393523407,1.075,1.914462081128748,1.4324324324324322,1.042820620553613
2004-07-01,1.2150651179162266,1.0375,1.6507936507936511,1.5540540540540537,1.0436431353838047
2004-08-01,1.258770386014314,1.1125,1.9285714285714286,1.5405405405405406,1.0445226209381655
2004-09-01,1.215241112284407,1.1125,2.4282774838330394,1.4594594594594594,1.0454234705140897
2004-10-01,1.1862020415346708,1.125,2.2698412698412698,1.3783783783783783,1.0463278807602743
2004-11-01,1.2228088701161561,1.2,1.857142857142857,1.3783783783783783,1.047207366314635
2004-12-01,1.2277367124252023,1.2125,1.5714285714285712,1.4054054054054055,1.0480370024853478
2005-01-01,1.2273847236888418,1.2875,1.6666666666666665,1.3783783783783783,1.0488345926237155
2005-02-01,1.2632875747976062,1.325,1.5714285714285712,1.4954954954954955,1.0495716513676534
2005-03-01,1.2914466737064412,1.3375,1.6666666666666665,1.5675675675675675,1.0502374967063801
2005-04-01,1.2914466737064412,1.3125,1.3333333333333333,1.4594594594594594,1.0509282667369306
2005-05-01,1.3280535022879267,1.2875,1.8655692729766804,1.3243243243243243,1.0516760074916502
2005-06-01,1.3199577613516367,1.325,1.4761904761904763,1.3243243243243243,1.0524700369597573
2005-07-01,1.3291094684970082,1.2875,1.4761904761904763,1.4054054054054055,1.0533317191628153
2005-08-01,1.3509327701513552,1.2875,1.5714285714285712,1.4054054054054055,1.0542325687387393
2005-09-01,1.3502287926786343,1.2875,1.857142857142857,1.3243243243243243,1.0551619036767481
2005-10-01,1.376627947905667,1.3375,2.3202201319485267,1.2972972972972971,1.0561161633065808
2005-11-01,1.3498768039422737,1.375,2.07010582010582,1.243243243243243,1.0570098915419839
2005-12-01,1.3632523759239703,1.4,1.5833523853071179,1.2972972972972971,1.057835967042436
2006-01-01,1.37909186906019,1.4375,1.0952380952380951,1.243243243243243,1.0586264358402826
2006-02-01,1.405843013023583,1.4875,0.9047619047619047,1.3738738738738738,1.0593919799463052
2006-03-01,1.414642731432594,1.54375,1.1428571428571428,1.3783783783783783,1.0601325993605035
2006-04-01,1.442097852868708,1.6072916666666666,1.3333333333333333,1.2972972972972971,1.0609017041367867
2006-05-01,1.4389299542414642,1.6375,1.9349456746576086,1.2162162162162162,1.061685051594112
2006-06-01,1.4646251319957762,1.6,2.142857142857143,1.1891891891891893,1.0625075664243038
2006-07-01,1.4582893347412882,1.6708333333333334,1.857142857142857,1.2972972972972971,1.0634048553299673
2006-08-01,1.4526575149595211,1.7472222222222222,2.487692424935223,1.3513513513513513,1.0643199475869338
2006-09-01,1.442097852868708,1.8363425925925925,2.5,1.243243243243243,1.0652742072167665
2006-10-01,1.4523055262231608,1.9403163580246914,1.8257996385568402,1.1891891891891893,1.0662498308681627
2006-11-01,1.440337909186906,2.0532857510288065,1.6666666666666665,1.108108108108108,1.0671684837953896
2006-12-01,1.4378739880323828,2.125,0.9724426807760138,1.162162162162162,1.0680230446579264
2007-01-01,1.4266103484688488,2.175,1.5881834215167547,1.162162162162162,1.0688348774773364
2007-02-01,1.4149947201689546,2.2125,0.8421516754850087,1.292792792792793,1.0696182249346617
2007-03-01,1.4128827877507917,2.25,0.9523809523809523,1.3243243243243243,1.0703659656893814
2007-04-01,1.4111228440689896,2.2625,1.380952380952381,1.2162162162162162,1.071131509795404
2007-05-01,1.4167546638507567,2.2625,1.4285714285714286,1.162162162162162,1.0719219785932503
2007-06-01,1.420978528687082,2.275,1.4285714285714286,1.162162162162162,1.072751614763963
2007-07-01,1.4349407485627128,2.2625,1.5714285714285712,1.2702702702702702,1.0736417823291056
2007-08-01,1.4280183034142906,2.2625,1.6666666666666665,1.3243243243243243,1.0745746779373748
2007-09-01,1.4413938753959872,2.3375,1.6666666666666665,1.243243243243243,1.075550301588771
2007-10-01,1.4491376275959167,2.3875,1.2380952380952381,1.2162162162162162,1.076511682559125
2007-11-01,1.4646446869255738,2.4,1.8095238095238093,1.1891891891891893,1.0774232141458309
2007-12-01,1.4807416533041313,2.425,1.16277189888301,1.2162162162162162,1.07829201768941
2008-01-01,1.4822245688137976,2.475,0.5239320007838528,1.2972972972972971,1.0791038505088197
2008-02-01,1.465485548906879,2.4875,0.9047619047619047,1.4189189189189186,1.079880076625624
2008-03-01,1.4572333685322068,2.4375,0.9523809523809523,1.4054054054054055,1.080642060061386
2008-04-01,1.4758496616997143,2.385416666666667,0.5714285714285714,1.4054054054054055,1.0814004828268873
2008-05-01,1.497275346448173,2.326736111111112,0.5714285714285714,1.3063063063063065,1.0821802696139522
2008-06-01,1.5213333420244135,2.258275462962964,0.8095238095238094,1.4054054054054055,1.0830027844441437
2008-07-01,1.5486970260573063,2.1875,0.9523809523809523,1.5285285285285284,1.08385378463642
2008-08-01,1.5691657866948256,2.1625,0.5714285714285714,1.6216216216216215,1.0847439522015625
2008-09-01,1.5373108060542062,2.1375,0.6666666666666666,1.6486486486486485,1.0856590444585288
2008-10-01,1.508975712777191,2.1625,0.8571428571428571,1.6216216216216215,1.0865670153749742
2008-11-01,1.4825765575501582,2.15,0.47619047619047616,1.6486486486486485,1.0874393795888138
2008-12-01,1.4423944359706413,2.1375,0.6666666666666666,1.7567567567567566,1.0882120450353574
2009-01-01,1.3981981218576311,2.15,0.2857142857142857,1.893393393393393,1.0889491037792953
2009-02-01,1.346882907977397,2.0875,0.42857142857142855,2.0392892892892887,1.0896897231934939
2009-03-01,1.2917986624428017,2.0083333333333333,0.42857142857142855,2.1892308975642303,1.090408978586129
2009-04-01,1.2368884195705736,1.9243055555555557,0.8492063492063492,2.361910521632743,1.0911246733085036
2009-05-01,1.1669599906136334,1.8349537037037038,0.5873015873015874,2.324324324324324,1.0918617320524415
2009-06-01,1.1158042942625834,1.7404899691358025,0.38095238095238093,2.459459459459459,1.0926379581692458
2009-07-01,1.0538542766631467,1.6416923868312758,0.47619047619047616,2.6216216216216215,1.0934462303183952
2009-08-01,0.9845124956001406,1.5382244513031553,0.6190476190476191,2.6216216216216215,1.0942723058188473
2009-09-01,0.9267863428370292,1.4375,0.2857142857142857,2.5945945945945943,1.0951553520434687
2009-10-01,0.8813797958465328,1.3875,0.38095238095238093,2.5675675675675675,1.0960668836301746
2009-11-01,0.8257655755015839,1.325,0.19047619047619047,2.5675675675675675,1.096939247844014
2009-12-01,0.7771911298838436,1.2625,0.3333333333333333,2.5405405405405403,1.0977154739608184
2010-01-01,0.7053854276663146,1.25,0.38095238095238093,2.6216216216216215,1.0984489720344959
2010-02-01,0.6673706441393875,1.2375,0.23809523809523808,2.7825487524561594,1.099200273459476
2010-03-01,0.6286518831397394,1.2,0.5714285714285714,2.810810810810811,1.0999052861710688
2010-04-01,0.6131643787398803,1.15,0.2857142857142857,2.7567567567567566,1.1005853741908376
2010-05-01,0.5990848292854628,1.075,0.47619047619047616,2.6333752734215694,1.1012761442213883
2010-06-01,0.5846532910946849,1.0625,0.5714285714285714,2.5135135135135136,1.1019740355924599
2010-07-01,0.550862372404083,1.0375,0.23809523809523808,2.5945945945945943,1.1027075336661374
2010-08-01,0.54839845124956,1.0125,0.626984126984127,2.6216216216216215,1.1034980024639838
2010-09-01,0.5628299894403379,1.05,0.6190476190476191,2.5675675675675675,1.1043276386346965
2010-10-01,0.5638859556494191,1.05,0.2857142857142857,2.486486486486486,1.1051786388269729
2010-11-01,0.5674058430130235,1.05,0.5238095238095238,2.4324324324324325,1.1059869109761222
2010-12-01,0.54839845124956,1.025,0.5714285714285714,2.5135135135135136,1.1067275303903206
2011-01-01,0.5388947553678282,1.0,0.2857142857142857,2.459459459459459,1.1074396644424347
2011-02-01,0.5547342485040478,0.9875,0.38095238095238093,2.612612612612612,1.1080948277703795
2011-03-01,0.5575501583949314,0.9625,0.5714285714285714,2.5675675675675675,1.1086965810444158
2011-04-01,0.5455825413586765,0.925,0.47619047619047616,2.486486486486486,1.1093303803507972
2011-05-01,0.5515663498768039,0.875,0.5238095238095238,2.351351351351351,1.110003347030045
2011-06-01,0.5589581133403732,0.8291666666666666,0.2857142857142857,2.351351351351351,1.1106976777308561
2011-07-01,0.5723336853220696,0.7777777777777777,0.23809523809523808,2.4924924924924916,1.1114525398260968
2011-08-01,0.5804294262583597,0.775,0.38095238095238093,2.5135135135135136,1.1122536906347251
2011-09-01,0.5783174938401971,0.775,0.2857142857142857,2.459459459459459,1.1130833268054379
2011-10-01,0.5950956236067113,0.7625,0.2857142857142857,2.3783783783783785,1.113927205657193
2011-11-01,0.6144941139661309,0.7375,0.5396825396825397,2.2972972972972974,1.1147034317739972
2011-12-01,0.6365390381581864,0.7375,0.38888888888888895,2.216216216216216,1.1154155658261111
2012-01-01,0.6543470608940514,0.7375,0.6587301587301587,2.2432432432432434,1.1161063358566616
2012-02-01,0.6642027455121435,0.7,0.5238095238095238,2.3783783783783785,1.1167543778440854
2012-03-01,0.6842661034846884,0.675,0.2857142857142857,2.351351351351351,1.117377495139685
2012-04-01,0.710078610817787,0.6270833333333334,0.3333333333333333,2.27027027027027,1.1180255371271088
2012-05-01,0.7272087293206616,0.5875,0.3333333333333333,2.1261261261261257,1.118677139784793
2012-06-01,0.7490320309750088,0.55,0.6031746031746031,2.135135135135135,1.1193607884748225
2012-07-01,0.7796550510383667,0.525,0.3809523809523809,2.27027027027027,1.120101407889021
2012-08-01,0.7729672650475184,0.4875,0.5238095238095238,2.324324324324324,1.1208847553463464
2012-09-01,0.7778951073565645,0.4875,0.3333333333333333,2.216216216216216,1.1217215128575804
2012-10-01,0.8133873049395752,0.4875,0.38095238095238093,2.0555555555555545,1.1225511490282931
2012-11-01,0.8342133051742343,0.5125,0.7089947089947091,2.0270270270270268,1.123338057155879
2012-12-01,0.8712601196761702,0.525,0.39947089947089953,2.0,1.124075115899817
2013-01-01,0.9000351988736359,0.5375,0.5714285714285714,2.054054054054054,1.1247338398980224
2013-02-01,0.9253783878915873,0.5375,0.3333333333333333,2.2147147147147144,1.1253071078099741
2013-03-01,0.9711369236184442,0.5375,0.38095238095238093,2.189189189189189,1.1258518903598413
2013-04-01,1.0211779889710195,0.525,0.716931216931217,2.054054054054054,1.126442961623096
2013-05-01,1.04047870468145,0.5,0.5714285714285714,1.9189189189189186,1.1270767609294774
2013-06-01,1.0830693417810628,0.46875,0.47619047619047616,1.9729729729729728,1.127767530960028
2013-07-01,1.0809574093629004,0.4385416666666666,0.47619047619047616,2.108108108108108,1.1284974683634448
2013-08-01,1.1006687785990847,0.45,0.7619047619047619,2.081081081081081,1.1292879371612912
2013-09-01,1.1147483280535022,0.47673611111111114,0.5238095238095238,1.9729729729729728,1.1301460586940886
2013-10-01,1.1457233368532207,0.5,0.42857142857142855,1.8918918918918919,1.1309934982161043
2013-11-01,1.1840901091165081,0.5125,0.42857142857142855,1.8918918918918919,1.1318088917057747
2013-12-01,1.2337205209433297,0.525,0.3333333333333333,1.7837837837837835,1.1325637538010156
2014-01-01,1.2646955297430482,0.55,0.6247795414462081,1.7567567567567566,1.1332758878531295
2014-02-01,1.2907426962337203,0.5850694444444444,0.328042328042328,1.8918918918918919,1.1339452938621166
2014-03-01,1.3005983808518127,0.5625,0.3333333333333333,1.8918918918918919,1.134579093168498
2014-04-01,1.3361492432242168,0.6,0.5238095238095238,1.8378378378378377,1.1352378171667035
2014-05-01,1.3888302240994954,0.6,0.38095238095238093,1.6936936936936933,1.1359250265269933
2014-06-01,1.4336501231960577,0.5875,0.38095238095238093,1.6486486486486485,1.1366549639304102
2014-07-01,1.4730728616684265,0.575,0.6544679600235155,1.7027027027027026,1.1374133866959117
2014-08-01,1.5350228792678633,0.5875,0.6666666666666666,1.7567567567567566,1.1382394621963638
2014-09-01,1.5082717353044701,0.6125,0.7142857142857143,1.7027027027027026,1.1391260690912457
2014-10-01,1.5241112284406897,0.65,0.5714285714285714,1.5765765765765765,1.1400055546456065
2014-11-01,1.5357268567405842,0.6875,0.7619047619047619,1.4864864864864864,1.1408494334973616
2014-12-01,1.5723336853220695,0.725,0.4804526748971192,1.4864864864864864,1.1416078562628629
2015-01-01,1.584653291094685,0.75,0.7142857142857143,1.4594594594594594,1.1423164296447164
2015-02-01,1.5997888067581836,0.725,0.4114001567705271,1.5900900900900903,1.14296447163214
2015-03-01,1.617036254839845,0.725,0.2857142857142857,1.5675675675675675,1.1435591035656552
2015-04-01,1.6582189369940161,0.68125,0.6096903782088968,1.5135135135135134,1.1442000242125578
2015-05-01,1.7208142672767803,0.6364583333333333,0.7619047619047619,1.3798798798798797,1.1448907942431084
2015-06-01,1.7602956705385426,0.6125,0.414119145600627,1.4324324324324322,1.1456100496357435
2015-07-01,1.7940865892291444,0.5875,0.5238095238095238,1.4864864864864864,1.1463720330715055
2015-08-01,1.7954945441745864,0.5625,0.42857142857142855,1.5135135135135134,1.1471981085719576
2015-09-01,1.7916226680746214,0.575,0.2857142857142857,1.4054054054054055,1.148056230104755
2015-10-01,1.8401384489029684,0.625,0.5238095238095238,1.3243243243243243,1.1489214729780735
2015-11-01,1.8497008095740934,0.65,0.5238095238095238,1.2972972972972971,1.149743987808265
2015-12-01,1.90320309750088,0.6875,0.19047619047619047,1.2972972972972971,1.1504988499035058
2016-01-01,1.9088349172826466,0.7375,0.5714285714285714,1.2972972972972971,1.1512287873069227
2016-02-01,1.901795142555438,0.75,0.5714285714285714,1.4124124124124122,1.1519088753266915
2016-03-01,1.9141147483280532,0.75,0.38095238095238093,1.4054054054054055,1.152542674633073
2016-04-01,1.9387539598732837,0.725,0.3333333333333333,1.3783783783783783,1.1531978379610177
2016-05-01,1.9707849348820836,0.725,0.5238095238095238,1.2729396062729397,1.1538743653105261
2016-06-01,2.0139622198756304,0.7125,0.23809523809523808,1.2162162162162162,1.1545829386923794
2016-07-01,2.0313269975360786,0.6666666666666666,0.5738372852570384,1.317650984317651,1.1553520434686626
2016-08-01,2.0745042825296256,0.675,0.38095238095238093,1.3783783783783783,1.1561389515962486
2016-09-01,2.078493488208377,0.7215277777777778,0.7142857142857143,1.3513513513513513,1.156947223745398
2016-10-01,2.074973600844773,0.7375,0.6666666666666666,1.2972972972972971,1.1577697385755894
2016-11-01,2.0996128123900033,0.7375,0.42857142857142855,1.2702702702702702,1.158528161341091
2016-12-01,2.0795494544174584,0.7625,0.09523809523809523,1.1891891891891893,1.1592189313716414
2017-01-01,2.1143963393171417,0.8,0.38095238095238093,1.2162162162162162,1.159859852018544
2017-02-01,2.150299190425906,0.8,0.09523809523809523,1.3311644978311645,1.1604259985899745
2017-03-01,2.14537134811686,0.7875,0.5563584601650445,1.3243243243243243,1.1609565384587994
2017-04-01,2.13727560718057,0.75,0.2857142857142857,1.243243243243243,1.161515563689709
2017-05-01,2.149243224216825,0.725,0.7142857142857143,1.119341563786008,1.1620995136124423
2017-06-01,2.1334037310806053,0.75,0.5238095238095238,1.108108108108108,1.1627297522485633
2017-07-01,2.115452305526223,0.7625,0.2857142857142857,1.2162162162162162,1.1634240829493745
2017-08-01,2.1143963393171417,0.7625,0.47619047619047616,1.243243243243243,1.164121974320446
2017-09-01,2.0858852516719466,0.7625,0.3333333333333333,1.2162162162162162,1.1648376690428206
2017-10-01,2.10489264343541,0.7875,0.8095238095238094,1.108108108108108,1.1655569244354558
2017-11-01,2.1077085533262934,0.8125,0.7619047619047619,1.054054054054054,1.1662192091039216
2017-12-01,2.116156282998944,0.8125,0.3333333333333333,1.054054054054054,1.1668280837184792
2018-01-01,2.0897571277719114,0.8375,0.09523809523809523,1.054054054054054,1.1673586235873041
2018-02-01,2.118620204153467,0.85,0.42857142857142855,1.1644422199977753,1.167789464688833
2018-03-01,2.1189721928898275,0.825,0.5714285714285714,1.1891891891891893,1.1682025024390592
2018-04-01,2.1277719112988382,0.7895833333333333,0.5714285714285714,1.108108108108108,1.1686796322539754
2018-05-01,2.1077085533262934,0.7545138888888889,0.8571428571428571,1.0,1.1691959294417582
2018-06-01,2.114044350580781,0.7177662037037038,0.5238095238095238,0.9729729729729729,1.1697549546726675
2018-07-01,2.086589229144667,0.725,0.38095238095238093,1.0855855855855856,1.170363829287225
2018-08-01,2.062302006335797,0.7625,0.2857142857142857,1.108108108108108,1.1709727039017825
2018-09-01,2.0640619500175994,0.8065779320987654,0.6666666666666666,1.054054054054054,1.1716029425379033
2018-10-01,2.0897571277719114,0.8580021862139917,0.42857142857142855,0.9729729729729729,1.1722296205037637
2018-11-01,2.095036958817318,0.9138304826817558,0.8095238095238094,0.9459459459459459,1.1728100097562366
2018-12-01,2.124252023935234,0.9625,0.42857142857142855,0.9459459459459459,1.1733369889548009
2019-01-01,2.1041886659626887,0.9875,0.7142857142857143,1.0,1.173806997429196
2019-02-01,2.126715945089757,1.025,0.5714285714285714,1.1171171171171173,1.174187989147077
2019-03-01,2.098556846180922,0.975,0.14285714285714285,1.108108108108108,1.1745298134920918
2019-04-01,2.0633579725448787,0.9625,0.19047619047619047,1.054054054054054,1.1749392905720573
2019-05-01,2.053502287926786,0.9625,0.7142857142857142,0.9429429429429428,1.175387935024889
2019-06-01,2.092807696820368,0.9625,0.5238095238095238,0.9189189189189189,1.1758757468505872
2019-07-01,2.137608040987133,0.925,0.47619047619047616,1.027027027027027,1.1764205294004544
2019-08-01,2.1439633931714184,0.95,0.47619047619047616,1.081081081081081,1.1769902366421454
2019-09-01,2.1633227736712426,0.95,0.6190476190476191,1.027027027027027,1.1776169146080058
2019-10-01,2.1893699401619147,0.9375,0.47619047619047616,0.9114114114114114,1.1782400319036055
2019-11-01,2.1932418162618794,0.975,0.5238095238095238,0.8918918918918918,1.1788168604858178
2019-12-01,2.240701630881145,0.975,0.7142857142857143,0.8918918918918918,1.1793402790141216
2020-01-01,2.253783878915874,1.0145833333333332,0.7142857142857143,0.9189189189189189,1.1798102874885168
2020-02-01,2.303120966795729,1.0125,0.39682539682539686,1.0345345345345345,1.1801592331740527
2020-03-01,2.3569263561343816,1.0,0.6666666666666666,1.027027027027027,1.1804512081354195
2020-04-01,2.366420274551214,0.9701388888888889,0.47619047619047616,1.142142142142142,1.1808678065559062
2020-05-01,2.3456529391059484,0.9625,0.6190476190476191,1.267434100767434,1.1810707647607586
2020-06-01,2.3280535022879265,0.9284722222222223,0.3386243386243386,1.3950895339784226,1.1810778861012796
2020-07-01,2.336501231960577,0.8887731481481483,0.2857142857142857,1.5400168687205722,1.1812309949224842
2020-08-01,2.3646603308694116,0.8487075617283953,0.47619047619047616,1.691080741235062,1.1814695598299423
2020-09-01,2.3526927138331573,0.8061310442386834,0.8042328042328043,1.8583129168262909,1.1817330494292246
2020-10-01,2.327349524815206,0.7564584405006863,0.46825396825396826,2.044408112673716,1.1820214637203308
2020-11-01,2.279127067933826,0.7005904028063564,0.6190476190476191,1.96777332888444,1.1822885139898736
2020-12-01,2.296726504751848,0.6416610254963048,0.5714285714285714,1.7604123256200874,1.1824238194597751
2021-01-01,2.2520239352340723,0.5729100853012444,0.38095238095238093,1.7567567567567566,1.1823632880653454
2021-02-01,2.307931479525988,0.525,0.5238095238095238,1.8378378378378377,1.182167451201014
2021-03-01,2.319253783878916,0.5125,0.47619047619047616,1.7837837837837835,1.1820819951147603
2021-04-01,2.319253783878916,0.4312499999999999,0.826278659611993,1.6756756756756757,1.1822244219251832
2021-05-01,2.3424850404787043,0.4,0.6190476190476191,1.5405405405405406,1.1824594261623809
2021-06-01,2.3657162970784933,0.4,0.42857142857142855,1.4864864864864864,1.182715794421142
2021-07-01,2.397747272087293,0.3875,0.47619047619047616,1.6486486486486485,1.183029133404072
2021-08-01,2.3850756775783175,0.375,0.47619047619047616,1.5405405405405406,1.1834427645993413
2021-09-01,2.413586765223513,0.4125,0.2857142857142857,1.4324324324324322,1.1838855735092462
2021-10-01,2.4673823770972665,0.4125,0.42857142857142855,1.243243243243243,1.1843145353681377
2021-11-01,2.521295318549806,0.44999999999999996,0.42857142857142855,1.162162162162162,1.1846634810536736
2021-12-01,2.552270327349525,0.4375,0.6881246325690771,1.054054054054054,1.1850124267392095
2022-01-01,2.593804998240056,0.4375,0.40476190476190477,1.0,1.1853150837113577
2022-02-01,2.6392115452305522,0.425,0.38095238095238093,1.1891891891891893,1.1854646318623017
2022-03-01,2.6985803120966794,0.4125,0.6714677640603566,1.108108108108108,1.185603498002464
2022-04-01,2.7660252649692985,0.4,0.5714285714285714,1.027027027027027,1.185941761677218
2022-05-01,2.8447110433206872,0.4125,0.5238095238095238,0.8918918918918918,1.1863832847895288
2022-06-01,2.9326392419640093,0.425,0.7865307988764779,0.9189189189189189,1.1868319292423606
2022-07-01,2.9809926082365363,0.4375,0.6825396825396826,1.027027027027027,1.187309059057277
2022-08-01,2.9915522703273494,0.4666666666666667,0.6190476190476191,1.027027027027027,1.1878360382558413
2022-09-01,3.066173882435762,0.4986111111111111,0.9047619047619047,1.027027027027027,1.1884164275083142
2022-10-01,3.1256599788806754,0.5296296296296297,0.7619047619047619,0.8918918918918918,1.188996816760787
2022-11-01,3.1957057374164024,0.5658179012345679,0.5714285714285714,0.9189189189189189,1.1895166746188301
2022-12-01,3.2330165434706086,0.6017875514403292,0.5714285714285714,0.9189189189189189,1.1899973651040072
2023-01-01,3.2189369940161914,0.6416688100137176,0.2857142857142857,0.8918918918918918,1.1904246455352756
2023-02-01,3.272791270679338,0.6881969450160037,0.38095238095238093,1.027027027027027,1.1908056372531566
2023-03-01,3.3231256599788805,0.7403964358520043,0.47619047619047616,1.054054054054054,1.1912008716520799
2023-04-01,3.375219992960225,0.7992125084940049,0.7550406079212663,0.9729729729729729,1.1916281520833483
2023-05-01,3.4241464273143256,0.85,0.5158730158730159,0.8558558558558557,1.192083917876701
2023-06-01,3.470608940513903,0.7770833333333332,0.38095238095238093,0.9189189189189189,1.1925717297023992
2023-07-01,3.505103836677226,0.8,0.6190476190476191,1.027027027027027,1.1931093909117452
2023-08-01,3.525871172122492,0.8375,0.3333333333333333,1.027027027027027,1.1937075835155209
2023-09-01,3.515663498768039,0.8875,0.3333333333333333,1.054054054054054,1.1943591861732052
2023-10-01,3.4772967265047514,0.925,0.6190476190476191,0.9729729729729729,1.1950036674903683
2023-11-01,3.5005279831045404,0.95,0.7142857142857143,0.9729729729729729,1.1955769354023202
2023-12-01,3.484688489968321,0.9875,0.5238095238095238,0.9459459459459459,1.1961181572819268
2024-01-01,3.4442097852868705,1.0562500000000001,0.6666666666666666,0.9459459459459459,1.1966344544697094
2024-02-01,3.398803238296374,1.0625,0.7142857142857143,1.057057057057057,1.1970759775820201
2024-03-01,3.3572685674058427,1.125,0.5714285714285714,1.135135135135135,1.1974747726512038
2024-04-01,3.292150651179162,1.0875,0.23809523809523808,1.054054054054054,1.1978913710716905
2024-05-01,3.2231608588525167,1.1375,0.2857142857142857,0.9459459459459459,1.198343576194783
2024-06-01,3.1756423794438575,1.2,0.6031746031746031,1.0,1.198831388020481
